OBJECTID,UWI,POZO,WELL_STA,DEPARTAMENTO,CUENCA,FORMACION,LONGITUD,LATITUD,COORDENADA__X,COORDENADA_Y,ELEVACION__msnm_,POTENCIAL_AGUA_PROM__Bbl_,WHP__Psi_,WHT___F_,BHT___C_,TEMPERATURA_AMBIENTE___C_,F17,WHP___bar_,T____C_,Estatus,X,rho___kg_m3_,Potencial_Agua_promd__kg_s_,h_T__kJ_kg_,s_T___kJ_kg_K_,Tamb____C_,h_Tamb__kJ_kg_,s_Tamb__kJ_kg_K_,W_exergía__kW_,T__out____C_,h_Tout__kJ_kg_,nth_____,W_nth__kW_
1215,CHGC0001,CHIGUACO-1,TAPONADO Y ABANDONADO,PUTUMAYO,CAGUÁN PUTUMAYO,,-76.866672,0.321456,689760.717251,527034.629953,952.0,,,,115.55637179,26.4963,, ,115.55637179,,Liquid,984.98523755,0.0,236.00370121,0.78549793,26.4963,104.49572449,0.36610631,0.0,70.0,293.06519282,8.47792076,0.0
1216,ACAE0012,ACAE-12,PRODUCTOR,PUTUMAYO,CAGUÁN PUTUMAYO,VILLETA,-76.910869,0.298083,684833.945305,524448.40463,286.512,214.29032258,,,113.95857238,26.29722,, ,113.95857238,,Liquid,967.98044668,0.38168981,359.97064382,1.14562722,26.29722,111.82588654,0.39062518,8.46387433,70.0,293.06519282,8.32852652,2.12686656
1217,LORO0008,LORO-8,PRODUCTOR,PUTUMAYO,CAGUÁN PUTUMAYO,VILLETA CALIZA A,-76.904231,0.364644,685576.000395,531817.247157,308.7624,60.58612903,,,113.70385347,26.38017,, ,113.70385347,,Liquid,947.89597044,0.10567574,478.17902293,1.46229933,26.38017,110.25357921,0.38537803,4.80999654,70.0,293.06519282,8.3047103,1.62457087
1218,LORO0002A,LORO-2A,TAPONADO Y ABANDONADO,PUTUMAYO,CAGUÁN PUTUMAYO,,-76.899839,0.393197,686066.51819,534978.185189,1032.0,,,,113.01186473,26.33593,, ,113.01186473,,Subcooled liquid,978.57457437,0.0,373.85091128,1.11931998,26.33593,104.82922231,0.36722497,0.0,70.0,293.06519282,8.24000935,0.0
1219,ACAE0008,ACAE-8,PRODUCTOR,PUTUMAYO,CAGUÁN PUTUMAYO,VILLETA,-76.919417,0.302839,683881.403298,524975.153208,299.301408,2.91967742,,,112.16740309,26.47418,, ,112.16740309,,Liquid,990.34438784,0.00532062,186.71365702,0.6332015,26.47418,108.1493853,0.37834553,0.01192613,70.0,293.06519282,8.16105219,0.0
1220,LORO0009D,LORO-9D,PRODUCTOR,PUTUMAYO,CAGUÁN PUTUMAYO,CABALLOS,-76.898408,0.41155,686226.670777,537009.97449,342.9,190.57645161,,,111.23093048,26.2198,, ,111.23093048,,Liquid,960.96938425,0.33699248,403.58879026,1.26529307,26.2198,111.45593614,0.38939117,10.12516256,70.0,293.06519282,8.073492,3.00702227
1221,CENC0001,CENCELLA-1,PRODUCTOR,PUTUMAYO,CAGUÁN PUTUMAYO,VILLETA ARENISCA N,-76.380567,0.756628,743947.065993,575179.593284,285.2928,0.7892,,,110.91334413,26.47418,, ,110.91334413,,Liquid,987.42276012,0.00143394,214.59983046,0.72004588,26.47418,108.98182448,0.38112907,0.00590953,70.0,293.06519282,8.04379768,0.0
1222,SMIG0003,SAN MIGUEL-3,PRODUCTOR,PUTUMAYO,CAGUÁN PUTUMAYO,VILLETA,-76.928906,0.315928,682824.155429,526424.544501,306.9336,7.31,,,110.15140999,26.42441,, ,110.15140999,,Liquid,963.39614802,0.01295877,388.83086379,1.22518782,26.42441,111.38657015,0.38915975,0.35140394,70.0,293.06519282,7.97255683,0.09893984
1223,ACAE0011,ACAE-11,PRODUCTOR,PUTUMAYO,CAGUÁN PUTUMAYO,CABALLOS,-76.911964,0.287539,684711.658106,523281.049287,297.4848,526.16935484,,,109.2656398,26.46312,, ,109.2656398,,Liquid,952.68648556,0.92239509,451.70371537,1.39343309,26.46312,110.7622721,0.38707638,36.50352949,70.0,293.06519282,7.88973732,11.54484697
1224,SUSA0001,SUSAN-1,TAPONADO Y ABANDONADO,PUTUMAYO,CAGUÁN PUTUMAYO,,-76.805547,0.530756,696581.41104,550202.618395,1063.0,,,,108.69908535,26.34146,, ,108.69908535,,Liquid,963.34441074,0.0,389.14902363,1.22605651,26.34146,111.03973882,0.38800245,0.0,70.0,293.06519282,7.83676448,0.0
1225,ACAE0010,ACAE-10,PRODUCTOR,PUTUMAYO,CAGUÁN PUTUMAYO,VILLETA,-76.914853,0.305911,684390.184013,525315.148844,90.5256,70.86322581,,,108.04596566,26.41888,, ,108.04596566,,Liquid,975.8025406,0.12724018,307.03982856,0.99564633,26.41888,109.41589311,0.38257979,1.78902741,70.0,293.06519282,7.77569779,0.13826242
1226,SMIG0002,SAN MIGUEL-2,TAPONADO Y ABANDONADO,PUTUMAYO,CAGUÁN PUTUMAYO,,-76.918606,0.3422,683973.024371,529332.882729,994.0,,,,107.70423348,26.41888,, ,107.70423348,,Liquid,989.23391853,0.0,197.65230793,0.66748288,26.41888,110.43855903,0.3859957,0.0,70.0,293.06519282,7.74374583,0.0
1227,PUTU0001,PUTUMAYO-1,TAPONADO Y ABANDONADO,PUTUMAYO,CAGUÁN PUTUMAYO,,-76.654275,0.406217,713433.972138,536410.44207,928.0,,,,107.69494999,26.56819,, ,107.69494999,,Subcooled liquid,979.97190267,0.0,378.79317659,1.12188459,26.56819,104.82922231,0.36722497,0.0,70.0,293.06519282,7.74287782,0.0
1228,SETU0001,SETUKO-1,TAPONADO Y ABANDONADO,PUTUMAYO,CAGUÁN PUTUMAYO,,-76.851086,0.496878,691504.560753,546454.405905,1054.0,,,,107.66219155,26.25298,, ,107.66219155,,Liquid,957.86253794,0.0,422.02007773,1.31484548,26.25298,110.66978286,0.38676764,0.0,70.0,293.06519282,7.73981491,0.0
1229,LIND0003,LINDA-3,TAPONADO Y ABANDONADO,PUTUMAYO,CAGUÁN PUTUMAYO,,-76.473964,0.995237,733558.685474,601592.776176,928.0,,,,107.43589065,26.50736,, ,107.43589065,,Liquid,960.9371815,0.0,403.78241773,1.2658167,26.50736,105.2357307,0.36858812,0.0,70.0,293.06519282,7.71865578,0.0
1230,AZUL0002,AZUL GRANDE-2,TAPONADO Y ABANDONADO,PUTUMAYO,CAGUÁN PUTUMAYO,,-76.599747,0.283453,719506.507473,522820.628437,891.0,,,,107.13094589,26.51842,, ,107.13094589,,Subcooled liquid,976.03261674,0.0,392.85643621,1.17010156,26.51842,104.82922231,0.36722497,0.0,70.0,293.06519282,7.69014344,0.0
1231,CAIM0005,CAIMAN-5,TAPONADO Y ABANDONADO,PUTUMAYO,CAGUÁN PUTUMAYO,,-76.356776,0.674416,746592.875656,566080.30486,915.0,,,,106.64688428,26.56819,, ,106.64688428,,Liquid,965.05565804,0.0,378.53977334,1.1969915,26.56819,109.99923086,0.3845286,0.0,70.0,293.06519282,7.64488368,0.0
1232,TUCA0001,TUCAN-1,TAPONADO Y ABANDONADO,PUTUMAYO,CAGUÁN PUTUMAYO,,-76.601119,0.96335,719389.639723,598073.978542,1183.0,,,,105.17868633,26.07049,, ,105.17868633,,Liquid,952.88816955,0.0,450.56907247,1.39045617,26.07049,111.1322274,0.3883111,0.0,70.0,293.06519282,7.50760717,0.0
1233,LUZO0001,LUZON-1,TAPONADO Y ABANDONADO,PUTUMAYO,CAGUÁN PUTUMAYO,,-76.489497,0.351931,731793.01631,530396.721659,803.0,,,,104.61500559,26.70644,, ,104.61500559,,Subcooled liquid,993.48294177,0.0,279.52095063,0.83684039,26.70644,104.82922231,0.36722497,0.0,70.0,293.06519282,7.45490302,0.0
1234,QUIL0002,QUILILI-2,TAPONADO Y ABANDONADO,PUTUMAYO,CAGUÁN PUTUMAYO,,-76.468564,0.554622,734132.771288,552828.427744,884.0,,,,103.39469461,26.61796,, ,103.39469461,,Liquid,955.8867672,0.0,433.49350501,1.34539717,26.61796,111.59466784,0.38985397,0.0,70.0,293.06519282,7.34080395,0.0
1235,LVEG0001,LA VEGA-1,TAPONADO Y ABANDONADO,PUTUMAYO,CAGUÁN PUTUMAYO,,-76.425181,0.962467,738990.786773,597962.226383,900.0,,,,102.41779979,26.55713,, ,102.41779979,,Subcooled liquid,983.57367269,0.0,326.80133001,0.99591491,26.55713,104.82922231,0.36722497,0.0,70.0,293.06519282,7.24946428,0.0
1236,HORM0001X,HORMIGA-1X,TAPONADO Y ABANDONADO,PUTUMAYO,CAGUÁN PUTUMAYO,,-76.890467,0.476169,687114.531656,544163.643814,1060.0,,,,101.49438789,26.28616,, ,101.49438789,,Liquid,962.73038041,0.0,392.91302209,1.23631987,26.28616,108.44999001,0.37935092,0.0,70.0,293.06519282,7.16312527,0.0
1237,HORM0004,HORMIGA-4,TAPONADO Y ABANDONADO,PUTUMAYO,CAGUÁN PUTUMAYO,,-76.898789,0.485433,686187.401872,545189.631914,1071.0,,,,101.34951075,26.2751,, ,101.34951075,,Subcooled liquid,984.47769248,0.0,328.26391631,0.99407465,26.2751,104.82922231,0.36722497,0.0,70.0,293.06519282,7.14957926,0.0
1238,ACAE0005,ACAE-5,PRODUCTOR,PUTUMAYO,CAGUÁN PUTUMAYO,CABALLOS,-76.916756,0.310628,684178.237832,525837.400207,95.0976,2176.83258065,,,100.67647438,26.39676,, ,100.67647438,,Liquid,983.35158917,3.93890293,249.61878221,0.82660424,26.39676,112.17271272,0.39178173,28.60281842,70.0,293.06519282,7.08665035,0.0
1239,FLOI0001,FLORIDA-1,TAPONADO Y ABANDONADO,CAUCA,CAGUÁN PUTUMAYO,,-76.297275,1.063917,753246.77663,609179.063439,845.0,,,,98.89822582,26.6622,, ,98.89822582,,Liquid,954.57201005,0.0,441.02881725,1.36534135,26.6622,109.30554697,0.38221105,0.0,70.0,293.06519282,6.92038411,0.0
1240,SANO0004,SAN ANTONIO-4,PRODUCTOR,PUTUMAYO,CAGUÁN PUTUMAYO,VILLETA,-77.043147,0.538544,670099.564116,551077.213828,544.6776,27.10857143,,,96.35129337,25.09721,, ,96.35129337,,Liquid,977.66907575,0.04876856,293.53946955,0.95651394,25.09721,111.40969215,0.38923689,0.63526271,70.0,293.06519282,6.68224593,0.00154559
1241,CAIM0008,CAIMAN-8,TAPONADO Y ABANDONADO,PUTUMAYO,CAGUÁN PUTUMAYO,,-76.465408,0.541761,734483.821738,551404.954959,885.0,,,,96.30534552,26.58478,, ,96.30534552,,Subcooled liquid,994.3374365,0.0,256.05201718,0.77799551,26.58478,104.82922231,0.36722497,0.0,70.0,293.06519282,6.67794981,0.0
1242,MAND0003,MANDUR-3,TAPONADO Y ABANDONADO,PUTUMAYO,CAGUÁN PUTUMAYO,,-76.148928,0.765797,769751.13744,576181.177022,857.0,,,,95.52105833,26.58478,, ,95.52105833,,Subcooled liquid,985.0679712,0.0,294.18455395,0.91740776,26.58478,104.82922231,0.36722497,0.0,70.0,293.06519282,6.60461895,0.0
1243,ORIT0001S,ORITO SUR-1,TAPONADO Y ABANDONADO,PUTUMAYO,CAGUÁN PUTUMAYO,,-76.894417,0.568547,686678.866207,554390.960674,1341.86356,,,,93.77111804,25.86588,, ,93.77111804,,Liquid,951.93598433,0.0,455.91117185,1.40445356,25.86588,110.43855903,0.3859957,0.0,70.0,293.06519282,6.44099954,0.0
1244,GAVL0001,GAVILAN WEST-1,TAPONADO Y ABANDONADO,NARINO,CAGUÁN PUTUMAYO,,-77.288645,0.433911,4522536.7683,1606126.1119,2055.0,,,,93.333333,25.074276,, ,93.333333,,Liquid,950.83253099,0.0,462.05594828,1.42049627,25.074276,110.78539438,0.38715356,0.0,70.0,293.06519282,6.40006664,0.0
1245,MANR0001,MANDARINA-1,TAPONADO Y ABANDONADO,CAQUETA,CAGUÁN PUTUMAYO,,-75.894102,1.384766,798173.857144,644645.782758,1031.0,,,,92.87721915,26.48524,, ,92.87721915,,Liquid,968.98041335,0.0,353.48539129,1.12753827,26.48524,111.82588654,0.39062518,0.0,70.0,293.06519282,6.35741999,0.0
1246,ACAE0001,ACAE-1,TAPONADO Y ABANDONADO,PUTUMAYO,CAGUÁN PUTUMAYO,,-76.564731,0.606276,723420.331087,558549.884585,903.0,,,,92.80165123,26.56819,, ,92.80165123,,Liquid,950.24991384,0.0,465.28092724,1.4288914,26.56819,110.99349447,0.38784812,0.0,70.0,293.06519282,6.35035439,0.0
1247,ORIT0002,ORITO-2,PRODUCTOR,PUTUMAYO,CAGUÁN PUTUMAYO,CABALLOS,-76.886856,0.680917,687528.223913,566830.88891,329.0,169.41419355,,,90.35659685,26.23639,, ,90.35659685,,Liquid,957.37643912,0.29845163,424.86004978,1.32242868,26.23639,110.16108905,0.38506917,10.20910071,70.0,293.06519282,6.12174181,2.40794978
1248,CTAY0041,COSTAYACO-41,PRODUCTOR,PUTUMAYO,CAGUAN-PUTUMAYO,VILLETA ARENA T,-76.864786,0.977536,719314.458,599963.418,1220.0,1617.32,3400,193,,,,"234,42132407",89.44444444,,Liquid,974.95407295,2.90149309,313.05135986,1.01295406,25.0,112.35768577,0.39239843,45.75101928,70.0,293.06519282,6.03645556,3.50052401
1249,GAVI0001A,GAVILAN-1A,TAPONADO Y ABANDONADO,NARINO,CAGUÁN PUTUMAYO,,-77.203263,0.487266,4532063.2884,1612031.6839,1985.0,,,,88.73011878,24.58292,, ,88.73011878,,Liquid,987.7737326,0.0,211.3928622,0.71015007,24.58292,111.57154592,0.38977684,0.0,70.0,293.06519282,5.96966611,0.0
1250,MAND0005,MANDUR-5,TAPONADO Y ABANDONADO,PUTUMAYO,CAGUÁN PUTUMAYO,,-76.094675,0.873544,775800.087977,588099.931038,934.0,,,,86.19385432,26.76174,, ,86.19385432,,Subcooled liquid,983.82240707,0.0,351.0024976,1.04507401,26.76174,104.82922231,0.36722497,0.0,70.0,293.06519282,5.73252538,0.0
1251,PLTL0002ST1,PLATANILLO-2 ST 1,PRODUCTOR,PUTUMAYO,CAGUAN-PUTUMAYO,VILLETA ARENA U,-76.2885,0.469745,1087831.75,543714.1875,780.5,2340.11,"3512,5",187,,,,"242,177912",86.11111111,,Subcooled liquid,979.61346671,4.21825126,377.53884846,1.12125989,25.0,104.82922231,0.36722497,202.50650932,70.0,293.06519282,5.72478889,20.39920345
1252,CAIM0004,CAIMAN-4,TAPONADO Y ABANDONADO,PUTUMAYO,CAGUÁN PUTUMAYO,,-75.994039,0.757739,787002.526208,575281.610996,823.0,,,,85.94120844,26.67326,, ,85.94120844,,Liquid,953.47933043,0.0,447.23347495,1.38169235,26.67326,111.38657015,0.38915975,0.0,70.0,293.06519282,5.70890299,0.0
1253,PLTL0020,PLATANILLO-20,PRODUCTOR,PUTUMAYO,CAGUAN-PUTUMAYO,VILLETA ARENA U,-76.291485,0.452325,1087499.68,541787.83,786.0,1517.85,"3871,42","185,8",,,,"266,92453012",85.44444444,,Liquid,953.11697593,2.6620517,449.27978725,1.38707093,25.0,111.17847163,0.38846541,107.85800275,70.0,293.06519282,5.66245556,23.54739652
1254,PLTL0011,PLATANILLO-11,PRODUCTOR,PUTUMAYO,CAGUAN-PUTUMAYO,VILLETA ARENA U,-76.291292,0.452064,1087521.20004,541758.909989,782.5,3125.29,3725,"185,6",,,,"256,82924475",85.33333333,,Subcooled liquid,980.00879234,5.63587977,355.87760501,1.07545035,25.0,104.82922231,0.36722497,225.41950812,70.0,293.06519282,5.65206667,20.00849704
1255,ALEA0001RST1,ALEA-1R ST1,PRODUCTOR,PUTUMAYO,CAGUAN-PUTUMAYO,VILLETA ARENA U,-76.59578,0.469847,1087835.21,543725.5,780.5,3875.98,3300,185,,,,"227,52657924",85.0,,Liquid,961.51755268,6.85772664,400.28411592,1.25634592,25.0,111.45593614,0.38939117,208.99377021,70.0,293.06519282,5.6209,41.32924478
1256,PLTL0008,PLATANILLO-8,PRODUCTOR,PUTUMAYO,CAGUAN-PUTUMAYO,VILLETA ARENA U,-76.291538,0.452412,1087493.8,541797.42,,1856.31,"3957,14",184,,,,"272,83470539",84.44444444,,Subcooled liquid,980.50034155,3.34918918,359.7355963,1.08071095,25.0,108.68122311,0.38012412,141.60204398,70.0,293.06519282,5.56895556,12.43502075
1257,MAND0001,MANDUR-1,TAPONADO Y ABANDONADO,PUTUMAYO,CAGUÁN PUTUMAYO,,-76.043939,0.857844,781450.066253,586359.875182,660.0,,,,84.39812001,26.67326,, ,84.39812001,,Liquid,950.00631711,0.0,466.625406,1.43238631,26.67326,109.9298629,0.3842969,0.0,70.0,293.06519282,5.56462422,0.0
1258,SUCI0001,SUCIO-1,PRODUCTOR,PUTUMAYO,CAGUÁN PUTUMAYO,CABALLOS,-77.029814,0.622419,671590.6504,560363.398698,697.6872,698.99064516,,,84.09255288,24.25112,, ,84.09255288,,Subcooled liquid,978.49929955,1.25855821,379.61613068,1.13121819,24.25112,104.82922231,0.36722497,60.01946691,70.0,293.06519282,5.53605369,6.03038972
1259,MAND0004,MANDUR-4,TAPONADO Y ABANDONADO,PUTUMAYO,CAGUÁN PUTUMAYO,,-75.993437,0.765729,787069.900552,576165.543454,791.0,,,,83.73454123,26.73962,, ,83.73454123,,Liquid,956.60066804,0.0,429.36901443,1.33444012,26.73962,111.3403261,0.38900546,0.0,70.0,293.06519282,5.5025796,0.0
1260,CTYC0001,COSTAYACO-1,PRODUCTOR,PUTUMAYO,CAGUÁN PUTUMAYO,CABALLOS,-76.59578,0.988002,719986.599639,600802.097622,377.0376,2661.50693548,,,81.85752844,26.314812,, ,81.85752844,,Subcooled liquid,989.46346705,4.84583689,282.1600757,0.865948,26.314812,104.82922231,0.36722497,135.95316162,70.0,293.06519282,5.32707891,0.0
1261,CTYC0001,COSTAYACO-1,PRODUCTOR,PUTUMAYO,CAGUÁN PUTUMAYO,VILLETA ARENA T,-76.59578,0.988002,719986.599639,600802.097622,377.0376,5923.99951613,,,81.85752844,26.314812,, ,81.85752844,,Subcooled liquid,980.84763004,10.69197628,375.11259692,1.10992292,26.314812,104.82922231,0.36722497,513.0317786,70.0,293.06519282,5.32707891,46.73174107
1262,JUAN0002,JUANAMBU-2,PRODUCTOR,PUTUMAYO,CAGUAN-PUTUMAYO,VILLETA ARENA U,-76.544512,0.988427,725334.625,601157.625,1260.0,535.07,3250,179,94.73505186,25.92118,,"224,07920683",81.66666667,,Subcooled liquid,987.04514941,0.97182719,313.64446637,0.9487329,25.92118,104.82922231,0.36722497,34.00443393,70.0,293.06519282,5.30923333,1.06181999
1263,ALEA0001OST1,ALEA_OESTE ST-1,PRODUCTOR,PUTUMAYO,CAGUAN-PUTUMAYO,VILLETA ARENA U,-76.59578,0.469842,1087855.0,543725.0,782.3,2075.13,"2966,66",178,,,,"204,54363684",81.11111111,,Liquid,991.2682636,3.78510504,177.23271416,0.60325899,25.0,109.26932796,0.38209001,7.77849799,70.0,293.06519282,5.25728889,0.0
1264,ORIT0008,ORITO-8,PRODUCTOR,PUTUMAYO,CAGUÁN PUTUMAYO,CABALLOS,-76.8829,0.667581,687968.22662,565354.208012,345.0,622.56709677,,,79.98568575,26.21427,, ,79.98568575,,Liquid,952.69346826,1.09139203,451.66446001,1.39333013,26.21427,111.38657015,0.38915975,43.45462537,70.0,293.06519282,5.15206162,8.91790829
1265,PLTL0003,PLATANILLO-3,PRODUCTOR,PUTUMAYO,CAGUAN-PUTUMAYO,VILLETA ARENA U,-76.289865,0.44134,753667.1875,540605.0625,786.0,2355.2,3900,"175,81",,,,"268,89504819",79.89444444,,Liquid,959.13698423,4.15671124,414.51918234,1.29475032,25.0,111.77964288,0.39047095,138.27003742,70.0,293.06519282,5.14353056,25.96707097
1266,ALEA0001NO,ALEA_NOROESTE-1,PRODUCTOR,PUTUMAYO,CAGUAN-PUTUMAYO,VILLETA ARENA N,-76.380567,0.46984,1087865.05,543724.69,782.3,1079.92,"3514,28","175,42",,,,"242,30063845",79.67777778,,Subcooled liquid,982.48475066,1.95235518,352.93122271,1.05623288,25.0,104.82922231,0.36722497,83.51715384,70.0,293.06519282,5.12327222,5.98806793
1267,PLTL0018,PLATANILLO-18,PRODUCTOR,PUTUMAYO,CAGUAN-PUTUMAYO,VILLETA ARENA N,-76.290141,0.441711,1087649.41995,540614.080012,777.0,2001.48,3800,"173,9",,,,"262,00030337",78.83333333,,Liquid,972.8589155,3.58296481,327.59023728,1.05451837,25.0,107.71003654,0.37687567,64.28797937,70.0,293.06519282,5.04431667,6.23992159
1268,ORIT0035,ORITO-35,PRODUCTOR,PUTUMAYO,CAGUÁN PUTUMAYO,CABALLOS,-76.896814,0.706092,686420.020419,569618.665416,420.9288,1329.13612903,,,78.23186326,25.68892,, ,78.23186326,,Liquid,973.7496614,2.3815418,321.46026923,1.03704424,25.68892,111.31720407,0.38892831,39.43361703,70.0,293.06519282,4.98807922,3.37314175
1269,ORIT0044,ORITO-44,PRODUCTOR,PUTUMAYO,CAGUÁN PUTUMAYO,VILLETA,-76.864786,0.694464,689988.733859,568329.233616,420.624,16.96548387,,,76.7900427,25.82164,, ,76.7900427,,Liquid,954.98896685,0.02981302,438.64745807,1.35904876,25.82164,111.96461728,0.39108784,1.11605569,70.0,293.06519282,4.85326899,0.21064389
1270,PAMR0001,PALMERA-1,TAPONADO Y ABANDONADO,CAUCA,CAGUÁN PUTUMAYO,,-76.286358,1.117847,754467.144144,615146.051669,907.0,,,,76.77111858,26.5516,, ,76.77111858,,Liquid,970.6013535,0.0,342.81239425,1.09759689,26.5516,110.32713637,0.38562366,0.0,70.0,293.06519282,4.85149959,0.0
1271,RSEV0001,RIO SEVILLA-1,TAPONADO Y ABANDONADO,PUTUMAYO,CAGUÁN PUTUMAYO,,-75.940228,0.715533,792993.785474,570609.614418,773.0,,,,74.76670405,26.80045,, ,74.76670405,,Liquid,948.63211115,0.0,474.16769983,1.45193805,26.80045,110.41543659,0.38591849,0.0,70.0,293.06519282,4.66408683,0.0
1272,PLTL0026,PLATANILLO-26,PRODUCTOR,PUTUMAYO,CAGUAN-PUTUMAYO,VILLETA ARENA U,-76.288088,0.497274,1087877.30999,546758.520013,794.649,889.16,2800,"165,8",,,,"193,05285511",74.33333333,,Liquid,949.28544542,1.55316704,470.59078214,1.44267709,25.0,110.99349447,0.38784812,70.29362764,70.0,293.06519282,4.62356667,12.74841674
1273,PLTL0024,PLATANILLO-24,PRODUCTOR,PUTUMAYO,CAGUAN-PUTUMAYO,VILLETA ARENA U,-76.28799,0.497381,1087888.28,546770.32,851.0,2783.46,3100,"165,71",,,,"213,73708959",74.28333333,,Liquid,957.27153401,4.90299618,425.4714533,1.32405942,25.0,110.20733415,0.3852236,174.01245773,70.0,293.06519282,4.61889167,29.98526221
1274,ORIT0044,ORITO-44,TAPONADO Y ABANDONADO,PUTUMAYO,CAGUÁN PUTUMAYO,,-76.864786,0.694464,689988.733859,568329.233616,1380.0,,,,73.333333,26.09688,, ,73.333333,,Liquid,948.09441905,0.0,477.09960763,1.45951372,26.09688,110.60041582,0.38653607,0.0,70.0,293.06519282,4.53006664,0.0
1275,PTOA0001,PUERTO ASIS-1,TAPONADO Y ABANDONADO,PUTUMAYO,CAGUÁN PUTUMAYO,,-76.538372,0.289844,726345.570141,523526.567597,923.0,,,,72.222222,26.793348,, ,72.222222,,Liquid,969.17705083,0.0,352.20141271,1.12394763,26.793348,101.6974573,0.35670823,0.0,70.0,293.06519282,4.42617776,0.0
1276,JUAB0001,JUANAMBU-1,PRODUCTOR,PUTUMAYO,CAGUAN-PUTUMAYO,CABALLOS,-76.8829,0.987857,725347.5,601094.5,1260.0,152.07,3250,159,,,,"224,07920683",70.55555556,,Subcooled liquid,983.47350446,0.2751995,355.94793582,1.05711469,25.0,104.82922231,0.36722497,12.53026694,70.0,293.06519282,4.27034444,0.73899588
1277,ESTL0001,ESTRELLA-1,TAPONADO Y ABANDONADO,PUTUMAYO,CAGUÁN PUTUMAYO,,-76.125106,0.765639,772404.592669,576162.388455,866.0,,,,70.11315583,26.57372,, ,70.11315583,,Liquid,989.0214502,0.0,199.6943654,0.67385155,26.57372,96.28535283,0.33847129,0.0,70.0,293.06519282,4.22898007,0.0
1278,RIOP0002,RIO PESCADO-2,TAPONADO Y ABANDONADO,CAQUETA,CAGUÁN PUTUMAYO,,-75.810064,1.273708,807522.52697,632352.894195,846.0,,,,69.60294205,26.64561,, ,69.60294205,,Liquid,946.64470076,0.0,484.9523302,1.47973666,26.64561,111.08598313,0.38815678,0.0,70.0,293.06519282,4.18127508,0.0
1279,PLTL0001C,PLATANILLO_CENTRAL-01,PRODUCTOR,PUTUMAYO,CAGUAN-PUTUMAYO,VILLETA ARENA U INFERIOR,-76.288187,0.497485,1087866.36,546781.84,794.8,446.56,2000,"153,62",,,,"137,89489651",67.56666667,,Liquid,970.6013535,0.79755775,342.81239425,1.09759689,25.0,110.32713637,0.38562366,16.20416772,70.0,293.06519282,3.99088333,1.58343348
1280,QUIN0004,QUINDE-4,PRODUCTOR,PUTUMAYO,CAGUAN-PUTUMAYO,VILLETA ARENA N,-76.58027,0.417207,721311.934,537944.214,,0.26,"2774,22","146,5",,,,"191,2753899",63.61111111,,Liquid,952.42918137,0.00045567,453.14882016,1.39722149,25.0,110.7622721,0.38707638,0.01884789,70.0,293.06519282,3.62103889,0.00264136
1281,TAMB0001,TAMBOR-1,TAPONADO Y ABANDONADO,CAUCA,CAGUÁN PUTUMAYO,,-76.295142,1.088367,753486.366597,611884.505185,935.0,,,,62.14049679,26.45759,, ,62.14049679,,Liquid,951.50663085,0.0,458.30789484,1.41071823,26.45759,110.94725008,0.38769378,0.0,70.0,293.06519282,3.48353645,0.0
1282,ROSE0001ST1,ROSE-1-ST1,PRODUCTOR,PUTUMAYO,CAGUAN-PUTUMAYO,VILLETA ARENA N,-76.568109,0.53496,722671.63,550976.62,868.58,1.07,"2974,93","143,5",,,,"205,11383224",61.94444444,,Liquid,971.77512817,0.00191333,334.95225638,1.07540834,25.0,109.90674023,0.38421967,0.03648977,70.0,293.06519282,3.46520556,0.00277715
1283,QUIN0006,QUINDE-6,PRODUCTOR,PUTUMAYO,CAGUAN-PUTUMAYO,VILLETA ARENA N,-76.58027,0.417077,1055351.53999,537887.299962,863.91,0.25,3800,"142,8",,,,"262,00030337",61.55555556,,Liquid,967.81562159,0.00044522,361.03266229,1.14858199,25.0,112.19583439,0.39185883,0.01038845,70.0,293.06519282,3.42884444,0.00103758
1284,PLTL0001,PLATANILLO-1,TAPONADO Y ABANDONADO,PUTUMAYO,CAGUÁN PUTUMAYO,,-76.301907,0.490419,752697.494984,545716.584018,783.0,,,,59.62693846,26.75621,, ,59.62693846,,Liquid,963.03156688,0.0,391.06950549,1.23129628,26.75621,105.13982668,0.36826656,0.0,70.0,293.06519282,3.24851875,0.0
1285,CONF0001,CONFIANZA-01,PRODUCTOR,ARAUCA,CAGUAN-PUTUMAYO,VILLETA ARENA N,-76.898408,0.419843,718022.15,538237.07,862.6,0.246,"3235,2666667",134,,,,"223,06338109",56.66666667,,Liquid,973.73819151,0.00044078,321.53967349,1.03727106,25.0,108.26500272,0.37873225,0.00750648,70.0,293.06519282,2.97173333,0.00037298
1286,UNIC0001,UNICORNIO-1,TAPONADO Y ABANDONADO,PUTUMAYO,CAGUÁN PUTUMAYO,,-76.845564,0.8534,692142.471246,585923.05329,1870.0,,,,56.373651,24.92025,, ,56.373651,,Liquid,966.14391132,0.0,371.6973624,1.17813812,24.92025,103.08505176,0.36137116,0.0,70.0,293.06519282,2.94433637,0.0
1287,PAYA0001,PAYARA-1,TAPONADO Y ABANDONADO,META,CAGUÁN PUTUMAYO,,-74.559958,2.125347,946707.083716,726467.811684,1350.0,,,,51.25722841,25.99307,, ,51.25722841,,Liquid,976.45281608,0.0,302.38081075,0.98218305,25.99307,112.32799145,0.39229943,0.0,70.0,293.06519282,2.46595086,0.0
1288,INTI0001,INTI-1,TAPONADO Y ABANDONADO,PUTUMAYO,CAGUÁN PUTUMAYO,,-76.556089,0.413653,724375.043429,537230.046141,836.0,,,,50.49044161,26.61243,, ,50.49044161,,Liquid,992.00468019,0.0,169.38871826,0.57832283,26.61243,111.96461728,0.39108784,0.0,70.0,293.06519282,2.39425629,0.0
1289,VENA0001,VENADO-1,TAPONADO Y ABANDONADO,PUTUMAYO,CAGUÁN PUTUMAYO,,-77.100947,0.630017,4543484.8354,1627837.3274,2943.0,,,,47.69297305,22.9571,, ,47.69297305,,Liquid,969.40685481,0.0,350.69716858,1.11973707,22.9571,112.10334767,0.39155045,0.0,70.0,293.06519282,2.13269298,0.0
1290,PIRA0001,PIRANA-1,TAPONADO Y ABANDONADO,CAQUETA,CAGUÁN PUTUMAYO,,-74.655968,2.198169,936028.798082,734524.272626,1041.0,,,,47.20460193,26.34146,, ,47.20460193,,Liquid,982.04642986,0.0,260.14136258,0.85809861,26.34146,110.92412787,0.38761661,0.0,70.0,293.06519282,2.08703028,0.0
1291,ORIT0088,ORITO-88,TAPONADO Y ABANDONADO,PUTUMAYO,CAGUÁN PUTUMAYO,,-76.857939,0.667106,690750.093648,565300.043126,1300.0,,,,44.58832145,25.79399,, ,44.58832145,,Liquid,952.71810495,0.0,451.52594139,1.39296681,25.79399,110.06859872,0.38476028,0.0,70.0,293.06519282,1.84240806,0.0
1292,ORIT0077,ORITO-77,TAPONADO Y ABANDONADO,PUTUMAYO,CAGUÁN PUTUMAYO,,-76.863719,0.700736,690108.02646,569023.540254,1403.0,,,,42.32042118,26.061828,, ,42.32042118,,Liquid,977.95971739,0.0,291.40104319,0.95028165,26.061828,111.71027732,0.39023959,0.0,70.0,293.06519282,1.63035938,0.0
1293,LATU0001,LA TURBIA-1,TAPONADO Y ABANDONADO,CAQUETA,CAGUÁN PUTUMAYO,,-75.554644,1.461333,835973.774247,653088.96753,836.0,,,,40.44394118,26.70644,, ,40.44394118,,Subcooled liquid,990.91788364,0.0,276.40037852,0.84464206,26.70644,104.82922231,0.36722497,0.0,70.0,293.06519282,1.4549085,0.0
1294,TIBU0108K,TIBU-108K,TAPONADO Y ABANDONADO,NORTE DE SANTANDER,CATATUMBO,,-72.742283,8.750431,1147311.65402,1459367.57366,37.7952,,,,137.7908682,27.77373,, ,137.7908682,,Liquid,928.09294483,0.0,579.69204634,1.71629484,27.77373,116.42694019,0.4059422,0.0,70.0,293.06519282,10.55684618,0.0
1295,CUCT0002,CUCUTA-2,TAPONADO Y ABANDONADO,NORTE DE SANTANDER,CATATUMBO,,-72.490011,7.869806,1175470.68563,1362043.29996,409.6512,,,,133.4933416,25.79399,, ,133.4933416,,Liquid,931.84336671,0.0,561.30238347,1.67141372,25.79399,108.1493853,0.37834553,0.0,70.0,293.06519282,10.15502744,0.0
1296,RORO0020,RIO DE ORO-20,TAPONADO Y ABANDONADO,NORTE DE SANTANDER,CATATUMBO,,-72.886144,9.108889,1131349.56681,1498968.90334,196.0,,,,132.76157933,27.51382,, ,132.76157933,,Liquid,932.47412912,0.0,558.17515102,1.66373328,27.51382,115.34029185,0.40232978,0.0,70.0,293.06519282,10.08660767,0.0
1297,TIBU0049K,TIBU-49,PRODUCTOR,NORTE DE SANTANDER,CATATUMBO,URIBANTE - AGUARDIENTE (URI-A),-72.704842,8.662628,1151468.03489,1449668.6574,54.5592,1.68096774,,,124.77728334,27.79032,, ,124.77728334,,Liquid,939.20797426,0.00290511,524.12580364,1.57918088,27.79032,116.49630008,0.40617267,0.15919999,70.0,293.06519282,9.34007599,0.06269587
1298,CHIB0002,CHIBAGRA-2,TAPONADO Y ABANDONADO,NORTE DE SANTANDER,CATATUMBO,,-72.454464,8.026328,1179324.41804,1379375.99072,763.2192,,,,123.35778293,23.123,, ,123.35778293,,Liquid,940.3766295,0.0,518.08539276,1.5640006,23.123,96.97925806,0.34081397,0.0,70.0,293.06519282,9.2073527,0.0
1299,SARD0007K,SARDINATA-7K,TAPONADO Y ABANDONADO,NORTE DE SANTANDER,CATATUMBO,,-72.668336,8.458278,1155570.05377,1427075.63225,55.4736,,,,122.52662572,27.75161,, ,122.52662572,,Liquid,941.05689909,0.0,514.550301,1.55509081,27.75161,116.33446023,0.40563488,0.0,70.0,293.06519282,9.12963951,0.0
1300,SARD0008,SARDINATA-8,TAPONADO Y ABANDONADO,NORTE DE SANTANDER,CATATUMBO,,-72.650917,8.514833,1157465.81406,1433339.53643,48.768,,,,122.29132681,27.80138,, ,122.29132681,,Liquid,941.24894349,0.0,513.54975368,1.55256559,27.80138,116.54253996,0.40632631,0.0,70.0,293.06519282,9.10763906,0.0
1301,CERR0001,CERRITO-1,PRODUCTOR,NORTE DE SANTANDER,CATATUMBO,LA LUNA,-72.508,7.967331,1173445.27662,1372825.671,274.9296,66.93541935,,,119.55581196,26.59584,, ,119.55581196,,Liquid,943.46412393,0.11620446,501.92498374,1.52311399,26.59584,111.50218008,0.38954544,5.90439315,70.0,293.06519282,8.85186842,2.14838738
1302,TIBU0091K,TIBU-91K,TAPONADO Y ABANDONADO,NORTE DE SANTANDER,CATATUMBO,,-72.680786,8.678442,1154109.95053,1451427.85547,59.1312,,,,117.10716801,27.84562,, ,117.10716801,,Liquid,945.41963775,0.0,491.53034897,1.49660177,27.84562,116.72749914,0.40694081,0.0,70.0,293.06519282,8.62292021,0.0
1303,TASJ0001,TASAJERO NORTE-1,TAPONADO Y ABANDONADO,NORTE DE SANTANDER,CATATUMBO,,-72.433086,8.026269,1181682.07595,1379378.93804,502.92,,,,116.5011834,25.20781,, ,116.5011834,,Liquid,945.8995809,0.0,488.95946981,1.49001851,25.20781,105.69822817,0.37013848,0.0,70.0,293.06519282,8.56626065,0.0
1304,RORO0018K,RIO DE ORO-18K,TAPONADO Y ABANDONADO,NORTE DE SANTANDER,CATATUMBO,,-72.897607,9.089675,5011247.0953,2562415.4246,477.0,,,,111.08470001,27.48617,, ,111.08470001,,Liquid,950.11853453,0.0,466.00633112,1.43077741,27.48617,115.22468982,0.40194529,0.0,70.0,293.06519282,8.05981945,0.0
1305,CARB0004K,CARBONERA-4K,TAPONADO Y ABANDONADO,NORTE DE SANTANDER,CATATUMBO,,-72.520518,8.407878,1171875.48457,1421561.5795,320.04,,,,109.49897788,26.50183,, ,109.49897788,,Liquid,951.32938816,0.0,459.2951317,1.41329599,26.50183,111.10910527,0.38823394,0.0,70.0,293.06519282,7.91155443,0.0
1306,SFAU0001,SAN FAUSTINO-1,TAPONADO Y ABANDONADO,NORTE DE SANTANDER,CATATUMBO,,-72.4328,8.0788,1181690.20243,1385191.13619,223.7232,,,,107.00739204,26.96082,, ,107.00739204,,Liquid,953.20956358,0.0,448.75744717,1.38569866,26.96082,113.02820782,0.39463316,0.0,70.0,293.06519282,7.67859116,0.0
1307,TIBU0408K,TIBU-408K,TAPONADO Y ABANDONADO,NORTE DE SANTANDER,CATATUMBO,,-72.742561,8.702139,1147300.01442,1454024.94774,50.5968,,,,106.71661993,27.79585,, ,106.71661993,,Liquid,953.42719246,0.0,447.52825394,1.38246758,27.79585,116.51942002,0.40624949,0.0,70.0,293.06519282,7.65140396,0.0
1308,MUCU0003,MUCURERA-3,TAPONADO Y ABANDONADO,NORTE DE SANTANDER,CATATUMBO,,-72.515586,8.100836,1172552.14315,1387593.16937,174.3456,,,,105.23227534,27.13225,, ,105.23227534,,Liquid,954.53229623,0.0,441.25523477,1.36593915,27.13225,113.74496381,0.39702066,0.0,70.0,293.06519282,7.51261774,0.0
1309,CEGO0003,CERRO GORDO-3,TAPONADO Y ABANDONADO,NORTE DE SANTANDER,CATATUMBO,,-72.742261,8.211431,1147519.59955,1399738.64957,525.1704,,,,104.6289707,25.21887,, ,104.6289707,,Liquid,954.97865395,0.0,438.70645077,1.35920476,25.21887,105.74447765,0.37029348,0.0,70.0,293.06519282,7.45620876,0.0
1310,ESPZ0003,ESPERANZA-3K,TAPONADO Y ABANDONADO,NORTE DE SANTANDER,CATATUMBO,,-72.806217,8.289983,1140442.80611,1408405.56715,774.4968,,,,100.97653468,23.85296,, ,100.97653468,,Liquid,957.64607339,0.0,423.28615494,1.31822782,23.85296,100.03227911,0.35110562,0.0,70.0,293.06519282,7.11470599,0.0
1311,ESLA0001,ESLABONES-1,TAPONADO Y ABANDONADO,NORTE DE SANTANDER,CATATUMBO,,-72.897653,8.543381,1130282.45822,1436405.74404,173.736,,,,100.32883998,27.18202,, ,100.32883998,,Liquid,958.11281247,0.0,420.55340508,1.31092381,27.18202,113.95305256,0.39771355,0.0,70.0,293.06519282,7.05414654,0.0
1312,TIBU0327K,TIBU-327K,TAPONADO Y ABANDONADO,NORTE DE SANTANDER,CATATUMBO,,-72.733953,8.675072,1148258.2509,1451033.91092,71.9328,,,,99.64636498,27.74055,, ,99.64636498,,Liquid,958.60255535,0.0,417.67446771,1.30321523,27.74055,116.28822019,0.40548121,0.0,70.0,293.06519282,6.99033513,0.0
1313,SARD0012K,SARDINATA-12K,TAPONADO Y ABANDONADO,NORTE DE SANTANDER,CATATUMBO,,-72.658588,8.438849,1156651.67114,1424930.13013,60.0456,,,,97.50834881,27.75161,, ,97.50834881,,Liquid,960.12305083,0.0,408.65912707,1.27898342,27.75161,116.33446023,0.40563488,0.0,70.0,293.06519282,6.79043061,0.0
1314,TASA0002,TASAJERO-2,TAPONADO Y ABANDONADO,NORTE DE SANTANDER,CATATUMBO,,-72.437494,7.999339,1181207.82504,1376397.36536,361.188,,,,95.68780128,26.2751,, ,95.68780128,,Liquid,961.40124749,0.0,400.98664654,1.25824957,26.2751,110.16108905,0.38506917,0.0,70.0,293.06519282,6.62020942,0.0
1315,RORO0022K,RIO DE ORO-22K,TAPONADO Y ABANDONADO,NORTE DE SANTANDER,CATATUMBO,,-72.896486,9.096689,5011370.0288,2563190.6559,228.0,,,,95.17869644,27.83456,, ,95.17869644,,Liquid,961.7559509,0.0,398.84175493,1.25243482,27.83456,116.68125939,0.40678719,0.0,70.0,293.06519282,6.57260812,0.0
1316,RORO0054K,RIO DE ORO-54K,TAPONADO Y ABANDONADO,NORTE DE SANTANDER,CATATUMBO,,-72.879375,9.099819,1132097.20737,1497968.03926,104.8512,,,,92.718264,27.15437,, ,92.718264,,Liquid,963.4532077,0.0,388.47978973,1.22422906,27.15437,113.8374478,0.39732863,0.0,70.0,293.06519282,6.34255768,0.0
1317,RORO0015K,RIO DE ORO-15,TAPONADO Y ABANDONADO,NORTE DE SANTANDER,CATATUMBO,,-72.895728,9.103358,1130297.85672,1498353.60983,79.5528,,,,92.19492109,27.52488,, ,92.19492109,,Liquid,963.81057316,0.0,386.27659591,1.2182072,27.52488,115.3865326,0.40248357,0.0,70.0,293.06519282,6.29362512,0.0
1318,RODE0001,RODEO-1,TAPONADO Y ABANDONADO,NORTE DE SANTANDER,CATATUMBO,,-72.379958,8.119769,1187498.19259,1389748.12523,160.6296,,,,91.69658831,27.28709,, ,91.69658831,,Liquid,964.14966477,0.0,384.17895633,1.21246576,27.28709,114.39234856,0.39917592,0.0,70.0,293.06519282,6.24703101,0.0
1319,SARD0016K,SARDINATA-16K,TAPONADO Y ABANDONADO,NORTE DE SANTANDER,CATATUMBO,,-72.656356,8.448544,1156893.6851,1426003.6087,59.7408,,,,90.80133298,27.75161,, ,90.80133298,,Liquid,964.75590432,0.0,380.41118642,1.20213313,27.75161,116.33446023,0.40563488,0.0,70.0,293.06519282,6.16332463,0.0
1320,RORO0053K,RIO DE ORO-53K,TAPONADO Y ABANDONADO,NORTE DE SANTANDER,CATATUMBO,,-72.886397,9.128864,1131314.46853,1501178.57548,56.388,,,,90.14155139,27.84562,, ,90.14155139,,Liquid,965.20026336,0.0,377.63495099,1.19450326,27.84562,116.72749914,0.40694081,0.0,70.0,293.06519282,6.10163506,0.0
1321,SARD0032K,SARDINATA-32K,PRODUCTOR,NORTE DE SANTANDER,CATATUMBO,URIBANTE - TIBU (URI-T),-72.661817,8.453956,1156289.92999,1426600.06818,64.008,138.86322581,,,89.25480456,27.77373,, ,89.25480456,,Liquid,965.79422775,0.24678189,373.90437235,1.18422856,27.77373,116.42694019,0.4059422,5.77206519,70.0,293.06519282,6.01872423,1.20071413
1322,RORO0046K,RIO DE ORO-46K,TAPONADO Y ABANDONADO,NORTE DE SANTANDER,CATATUMBO,,-72.883967,9.13305,1131580.1569,1501642.55459,44.196,,,,88.15011752,27.76267,, ,88.15011752,,Liquid,966.52892955,0.0,369.25798654,1.17139608,27.76267,116.38070023,0.40578854,0.0,70.0,293.06519282,5.91543599,0.0
1323,PBAR0002K,PUERTO BARCO-2K (RIO DE ORO-52K),TAPONADO Y ABANDONADO,NORTE DE SANTANDER,CATATUMBO,,-72.927999,9.025472,5007910.1434,2555319.3979,787.0,,,,86.50432539,26.7175,, ,86.50432539,,Liquid,967.61264816,0.0,362.33783406,1.15221041,26.7175,112.01086079,0.39124205,0.0,70.0,293.06519282,5.76155442,0.0
1324,RORO0039K,RIO DE ORO-39K,TAPONADO Y ABANDONADO,NORTE DE SANTANDER,CATATUMBO,,-72.887619,9.116422,1131184.63816,1499801.75002,62.484,,,,86.18840875,26.78386,, ,86.18840875,,Liquid,967.81917752,0.0,361.00977076,1.14851833,26.78386,112.28832095,0.39216718,0.0,70.0,293.06519282,5.73201622,0.0
1325,LAVI0001,LA VICTORIA-1,TAPONADO Y ABANDONADO,NORTE DE SANTANDER,CATATUMBO,,-72.397944,8.158617,1185497.13452,1394038.07003,99.06,,,,85.67525021,27.57465,, ,85.67525021,,Liquid,968.15362213,0.0,358.85272864,1.14251467,27.57465,115.59461553,0.40317552,0.0,70.0,293.06519282,5.68403589,0.0
1326,LRAY0002,LA RAYA-2,TAPONADO Y ABANDONADO,NORTE DE SANTANDER,CATATUMBO,,-72.782878,8.899194,1142786.42511,1475809.51578,34.4424,,,,83.71683757,27.80138,, ,83.71683757,,Liquid,969.41820227,0.0,350.62278668,1.11952876,27.80138,116.54253996,0.40632631,0.0,70.0,293.06519282,5.50092431,0.0
1327,RZUL0002,RIO ZULIA-2,TAPONADO Y ABANDONADO,NORTE DE SANTANDER,CATATUMBO,,-72.44745,8.224342,1180009.63284,1401287.56236,132.588,,,,83.34296571,27.36451,, ,83.34296571,,Liquid,969.65748201,0.0,349.05202776,1.11512726,27.36451,114.71603822,0.40025312,0.0,70.0,293.06519282,5.46596729,0.0
1328,RZUL0014,RIO ZULIA-14,PRODUCTOR,NORTE DE SANTANDER,CATATUMBO,MIRADOR,-72.449764,8.202964,1179764.19498,1398921.25002,133.5024,3291.17429032,,,82.74368432,27.47511,, ,82.74368432,,Liquid,970.03958835,5.87464687,346.53449954,1.10806308,27.47511,115.17844894,0.40179149,112.43496805,70.0,293.06519282,5.40993448,16.99332348
1329,MUCR0001,MUCURERA SUR-1,TAPONADO Y ABANDONADO,NORTE DE SANTANDER,CATATUMBO,,-72.565253,7.969011,1167129.88578,1372987.99508,487.68,,,,81.89101529,25.46219,, ,81.89101529,,Liquid,970.58019582,0.0,342.95303653,1.09799284,25.46219,106.76195404,0.37370206,0.0,70.0,293.06519282,5.33020993,0.0
1330,ZULI0001W,ZULIA WEST-1,TAPONADO Y ABANDONADO,NORTE DE SANTANDER,CATATUMBO,,-72.470731,8.213381,1177448.30478,1400064.42741,86.868,,,,80.82699168,27.56912,, ,80.82699168,,Liquid,971.24973814,0.0,338.48466889,1.08539466,27.56912,115.57149524,0.40309865,0.0,70.0,293.06519282,5.23072372,0.0
1331,PETR0108,PETROLEA-108,TAPONADO Y ABANDONADO,NORTE DE SANTANDER,CATATUMBO,,-72.583575,8.474361,1164900.08632,1428889.90725,56.9976,,,,79.61186506,27.7682,, ,79.61186506,,Liquid,972.00743606,0.0,333.38286755,1.07096391,27.7682,116.40382021,0.40586537,0.0,70.0,293.06519282,5.11710938,0.0
1332,SFAU0002,SAN FAUSTINO-2,TAPONADO Y ABANDONADO,NORTE DE SANTANDER,CATATUMBO,,-72.435297,8.075198,1181416.48803,1384791.47048,291.3888,,,,78.48608626,26.45759,, ,78.48608626,,Liquid,972.70278161,0.0,328.65724091,1.05755252,26.45759,110.92412787,0.38761661,0.0,70.0,293.06519282,5.01184907,0.0
1333,GUML0001,GUASIMALES-1,TAPONADO Y ABANDONADO,NORTE DE SANTANDER,CATATUMBO,,-72.802542,8.561764,1140749.45895,1438472.85692,339.5472,,,,78.21817607,26.18662,, ,78.21817607,,Liquid,972.86731232,0.0,327.53279195,1.05435496,26.18662,109.79112671,0.38383347,0.0,70.0,293.06519282,4.98679946,0.0
1334,RZUL0004,RIO ZULIA-4,TAPONADO Y ABANDONADO,NORTE DE SANTANDER,CATATUMBO,,-72.441967,8.233086,1180610.09454,1402257.53031,129.8448,,,,78.17146847,27.42534,, ,78.17146847,,Liquid,972.89595935,0.0,327.33676053,1.05379726,27.42534,114.97036456,0.40109929,0.0,70.0,293.06519282,4.9824323,0.0
1335,MVER0001,MONTEVERDE-1,TAPONADO Y ABANDONADO,NORTE DE SANTANDER,CATATUMBO,,-72.542658,8.051794,1169587.64661,1382155.99446,453.8472,,,,77.49220546,25.66127,, ,77.49220546,,Liquid,973.31131343,0.0,324.48608685,1.0456788,25.66127,107.59441776,0.37648878,0.0,70.0,293.06519282,4.91892121,0.0
1336,RORO0035K,RIO DE ORO-35K,TAPONADO Y ABANDONADO,NORTE DE SANTANDER,CATATUMBO,,-72.885719,9.126122,1131389.99374,1500875.51726,204.0,,,,77.27465866,27.75161,, ,77.27465866,,Liquid,973.44384041,0.0,323.57317828,1.04307558,27.75161,116.33446023,0.40563488,0.0,70.0,293.06519282,4.89858058,0.0
1337,TIBU0252,TIBU-252 (WESTTARRA-1),TAPONADO Y ABANDONADO,NORTE DE SANTANDER,CATATUMBO,,-72.618928,8.595408,1160955.18427,1442267.10475,35.6616,,,,76.87076655,27.85115,, ,76.87076655,,Liquid,973.68924422,0.0,321.87838805,1.03823846,27.85115,116.750619,0.40701762,0.0,70.0,293.06519282,4.86081667,0.0
1338,TIBU0388,TIBU-388,TAPONADO Y ABANDONADO,NORTE DE SANTANDER,CATATUMBO,,-72.749453,8.815908,1146496.8318,1466608.58375,47.5488,,,,76.79373361,27.85115,, ,76.79373361,,Liquid,973.73595424,0.0,321.55516033,1.03731529,27.85115,116.750619,0.40701762,0.0,70.0,293.06519282,4.85361409,0.0
1339,TIBU0220,TIBU-220,TAPONADO Y ABANDONADO,NORTE DE SANTANDER,CATATUMBO,,-72.714456,8.689419,1150398.95017,1452628.82521,62.1792,,,,76.57693452,27.7682,, ,76.57693452,,Liquid,973.86724986,0.0,320.64550186,1.03471613,27.7682,116.40382021,0.40586537,0.0,70.0,293.06519282,4.83334338,0.0
1340,TRPO0001,TRES PIEDRAS-1,TAPONADO Y ABANDONADO,NORTE DE SANTANDER,CATATUMBO,,-72.855131,8.409681,1135011.66011,1421629.92964,432.2064,,,,75.91823058,26.63455,, ,75.91823058,,Liquid,974.26468297,0.0,317.88188384,1.02680973,26.63455,111.66403356,0.39008535,0.0,70.0,293.06519282,4.77175456,0.0
1341,LEON0002,LEONCITO-2,TAPONADO Y ABANDONADO,NORTE DE SANTANDER,CATATUMBO,,-72.543375,8.303439,1169402.31663,1409996.77009,335.8896,,,,75.91346511,26.28616,, ,75.91346511,,Liquid,974.26755009,0.0,317.86189127,1.02675248,26.28616,110.20733415,0.3852236,0.0,70.0,293.06519282,4.77130899,0.0
1342,CEGO0004,CERRO GORDO-4,TAPONADO Y ABANDONADO,NORTE DE SANTANDER,CATATUMBO,,-72.747564,8.232253,1146927.46265,1402040.20457,472.44,,,,75.62181157,25.47325,, ,75.62181157,,Liquid,974.44279853,0.0,316.63834898,1.02324722,25.47325,106.80820242,0.37385693,0.0,70.0,293.06519282,4.74403938,0.0
1343,CEGO0002,CERRO GORDO-2,PRODUCTOR,NORTE DE SANTANDER,CATATUMBO,LA LUNA,-72.748067,8.232778,1146871.85397,1402098.09922,451.4088,0.03322581,,,75.555556,25.942956,, ,75.555556,,Liquid,974.48254875,5.958e-05,316.36040274,1.02245054,25.942956,108.77227763,0.38042856,0.00093301,70.0,293.06519282,4.73784449,6.576e-05
1344,TIBU0497,TIBU-497,TAPONADO Y ABANDONADO,NORTE DE SANTANDER,CATATUMBO,,-72.747461,8.795367,1146724.10814,1464336.84044,42.3672,,,,74.28257364,27.8235,, ,74.28257364,,Liquid,975.24185074,0.0,311.02076709,1.00711583,27.8235,116.63501961,0.40663357,0.0,70.0,293.06519282,4.61882064,0.0
1345,SARD0031,SARDINATA-31,TAPONADO Y ABANDONADO,NORTE DE SANTANDER,CATATUMBO,,-72.653186,8.5294,1157209.91484,1434950.17145,42.9768,,,,74.27634244,27.84562,, ,74.27634244,,Liquid,975.24554672,0.0,310.99463258,1.00704064,27.84562,116.72749914,0.40694081,0.0,70.0,293.06519282,4.61823802,0.0
1346,RZUL0012,RIO ZULIA-12,TAPONADO Y ABANDONADO,NORTE DE SANTANDER,CATATUMBO,,-72.477022,8.165128,1176776.06608,1394722.9591,92.0496,,,,73.94302366,27.54147,, ,73.94302366,,Liquid,975.44295609,0.0,309.59668662,1.00301653,27.54147,115.45589365,0.40271423,0.0,70.0,293.06519282,4.58707271,0.0
1347,SARD0013,SARDINATA-13,TAPONADO Y ABANDONADO,NORTE DE SANTANDER,CATATUMBO,,-72.660481,8.431625,1156446.10208,1424130.1195,69.7992,,,,73.41694764,27.6576,, ,73.41694764,,Liquid,975.75334176,0.0,307.39046804,0.99665783,27.6576,115.94141884,0.40432853,0.0,70.0,293.06519282,4.5378846,0.0
1348,RORO0019K,RIO DE ORO-19K,TAPONADO Y ABANDONADO,NORTE DE SANTANDER,CATATUMBO,,-72.885828,9.125228,1131378.40287,1500776.53344,188.0,,,,72.97692253,27.63548,, ,72.97692253,,Liquid,976.01183951,0.0,305.5452679,0.99133219,27.63548,115.84893815,0.40402109,0.0,70.0,293.06519282,4.49674226,0.0
1349,TIBU0342,TIBU-342,TAPONADO Y ABANDONADO,NORTE DE SANTANDER,CATATUMBO,,-72.763389,8.792925,1144972.17658,1464060.51442,32.9184,,,,72.51607867,27.77373,, ,72.51607867,,Liquid,976.28147205,0.0,303.61290589,0.98574769,27.77373,116.42694019,0.4059422,0.0,70.0,293.06519282,4.45365336,0.0
1350,RZUL0011,RIO ZULIA-11,TAPONADO Y ABANDONADO,NORTE DE SANTANDER,CATATUMBO,,-72.456958,8.196506,1178974.00682,1398203.48149,106.3752,,,,71.9961002,27.34792,, ,71.9961002,,Liquid,976.58435286,0.0,301.43275609,0.9794381,27.34792,114.6466763,0.40002232,0.0,70.0,293.06519282,4.40503537,0.0
1351,TIBU0369,TIBU-369,TAPONADO Y ABANDONADO,NORTE DE SANTANDER,CATATUMBO,,-72.692044,8.715578,1152855.47299,1455531.75144,46.3296,,,,71.97770655,27.80691,, ,71.97770655,,Liquid,976.59504064,0.0,301.35563902,0.97921474,27.80691,116.56565988,0.40640313,0.0,70.0,293.06519282,4.40331556,0.0
1352,TIBU0324,TIBU-324,TAPONADO Y ABANDONADO,NORTE DE SANTANDER,CATATUMBO,,-72.690936,8.705531,1152981.557,1454420.65471,45.72,,,,71.37379975,27.78479,, ,71.37379975,,Liquid,976.94494504,0.0,298.82382649,0.97187502,27.78479,116.47318012,0.40609584,0.0,70.0,293.06519282,4.34685028,0.0
1353,CEGO0002,CERRO GORDO-2,TAPONADO Y ABANDONADO,NORTE DE SANTANDER,CATATUMBO,,-72.748067,8.232778,1146871.85397,1402098.09922,451.4088,,,,71.28279978,25.52855,, ,71.28279978,,Liquid,976.99750188,0.0,298.44233965,0.97076797,25.52855,107.03944362,0.37463118,0.0,70.0,293.06519282,4.33834178,0.0
1354,RZUL0018,RIO ZULIA-18,TAPONADO Y ABANDONADO,NORTE DE SANTANDER,CATATUMBO,,-72.443869,8.212286,1180409.77124,1399955.32007,129.8448,,,,70.07448914,27.2705,, ,70.07448914,,Liquid,977.69115136,0.0,293.37740266,0.95604193,27.2705,114.32298626,0.39894505,0.0,70.0,293.06519282,4.22536473,0.0
1355,RZUL0020,RIO ZULIA-20,PRODUCTOR,NORTE DE SANTANDER,CATATUMBO,MIRADOR,-72.451664,8.195844,1179557.94289,1398132.68834,142.6464,1852.5096129,,,69.76174606,27.42534,, ,69.76174606,,Liquid,977.86940604,3.3333641,292.06661102,0.9522224,27.42534,114.97036456,0.40109929,38.41669118,70.0,293.06519282,4.19612326,0.0
1356,TIBU0331,TIBU-331,TAPONADO Y ABANDONADO,NORTE DE SANTANDER,CATATUMBO,,-72.698478,8.683625,1152160.20193,1451994.15584,63.0936,,,,69.68948573,27.6576,, ,69.68948573,,Liquid,977.91051719,0.0,291.76375685,0.95133941,27.6576,115.94141884,0.40432853,0.0,70.0,293.06519282,4.18936692,0.0
1357,RZUL0007,RIO ZULIA-7,TAPONADO Y ABANDONADO,NORTE DE SANTANDER,CATATUMBO,,-72.462294,8.1841,1178391.2975,1396828.54282,131.064,,,,69.33916945,27.35345,, ,69.33916945,,Liquid,978.10942213,0.0,290.29557297,0.94705618,27.35345,114.66979695,0.40009925,0.0,70.0,293.06519282,4.15661234,0.0
1358,TIBU0494,TIBU-494,TAPONADO Y ABANDONADO,NORTE DE SANTANDER,CATATUMBO,,-72.730758,8.709508,1148596.3571,1454844.84122,45.72,,,,69.17313451,27.75714,, ,69.17313451,,Liquid,978.20346204,0.0,289.59974281,0.94502465,27.75714,116.35758023,0.40571171,0.0,70.0,293.06519282,4.14108808,0.0
1359,TIBU0370,TIBU-370,TAPONADO Y ABANDONADO,NORTE DE SANTANDER,CATATUMBO,,-72.693864,8.725572,1152651.12706,1456636.71906,46.3296,,,,68.82482806,27.79585,, ,68.82482806,,Liquid,978.40025101,0.0,288.14009156,0.94075988,27.79585,116.51942002,0.40624949,0.0,70.0,293.06519282,4.10852142,0.0
1360,RZUL0016,RIO ZULIA-16,TAPONADO Y ABANDONADO,NORTE DE SANTANDER,CATATUMBO,,-72.457831,8.186675,1178882.23848,1397115.42554,123.444,,,,68.65248538,27.4364,, ,68.65248538,,Liquid,978.49737817,0.0,287.4178805,0.93864813,27.4364,115.0166056,0.40125313,0.0,70.0,293.06519282,4.09240738,0.0
1361,TIBU0048,TIBU-48,TAPONADO Y ABANDONADO,NORTE DE SANTANDER,CATATUMBO,,-72.702592,8.752122,1151679.67921,1459570.4798,43.2816,,,,68.64631192,27.85115,, ,68.64631192,,Liquid,978.50085434,0.0,287.39201062,0.93857246,27.85115,116.750619,0.40701762,0.0,70.0,293.06519282,4.09183016,0.0
1362,TIBU0499,TIBU-499,TAPONADO Y ABANDONADO,NORTE DE SANTANDER,CATATUMBO,,-72.756672,8.7728,1145719.2229,1461836.69433,53.0352,,,,68.59963679,27.80138,, ,68.59963679,,Liquid,978.52712959,0.0,287.19641929,0.93800036,27.80138,116.54253996,0.40632631,0.0,70.0,293.06519282,4.08746604,0.0
1363,TIBU0268,TIBU-268,TAPONADO Y ABANDONADO,NORTE DE SANTANDER,CATATUMBO,,-72.692994,8.645442,1152779.2724,1447772.06545,50.9016,,,,68.59366137,27.79585,, ,68.59366137,,Liquid,978.53049253,0.0,287.17137948,0.93792711,27.79585,116.51942002,0.40624949,0.0,70.0,293.06519282,4.08690734,0.0
1364,RZUL0030,RIO ZULIA-30,PRODUCTOR,NORTE DE SANTANDER,CATATUMBO,MIRADOR,-72.462514,8.198767,1178360.56719,1398451.18015,136.2456,1405.03848387,,,68.10203202,27.518772,, ,68.10203202,,Liquid,978.80651041,2.53061743,285.11129564,0.93189648,27.518772,115.36099567,0.40239864,26.89099208,70.0,293.06519282,4.04093999,0.0
1365,TIBU0492,TIBU-492,TAPONADO Y ABANDONADO,NORTE DE SANTANDER,CATATUMBO,,-72.731856,8.712694,1148474.31134,1455196.89019,45.72,,,,67.99921683,27.78479,, ,67.99921683,,Liquid,978.8640671,0.0,284.68048534,0.93063424,27.78479,116.47318012,0.40609584,0.0,70.0,293.06519282,4.03132677,0.0
1366,TIBU0289,TIBU-289,TAPONADO Y ABANDONADO,NORTE DE SANTANDER,CATATUMBO,,-72.697778,8.643008,1152253.60537,1447500.93962,48.4632,,,,67.85039851,27.86774,, ,67.85039851,,Liquid,978.94727395,0.0,284.05692633,0.92880658,27.86774,116.81997852,0.40724803,0.0,70.0,293.06519282,4.01741226,0.0
1367,CYUC0005,CAMPO YUCA-5,TAPONADO Y ABANDONADO,NORTE DE SANTANDER,CATATUMBO,,-72.7609,8.656889,1145298.68924,1449011.8947,75.8952,,,,67.55405003,27.64654,, ,67.55405003,,Liquid,979.1126049,0.0,282.81524448,0.9251648,27.64654,115.89517851,0.40417482,0.0,70.0,293.06519282,3.98970368,0.0
1368,SARD0021,SARDINATA-21,TAPONADO Y ABANDONADO,NORTE DE SANTANDER,CATATUMBO,,-72.658394,8.461956,1156663.68037,1427486.50238,65.2272,,,,67.45165181,27.78479,, ,67.45165181,,Liquid,979.16961986,0.0,282.38621414,0.92390575,27.78479,116.47318012,0.40609584,0.0,70.0,293.06519282,3.98012944,0.0
1369,VERS0001,VERSALLES-1,TAPONADO Y ABANDONADO,NORTE DE SANTANDER,CATATUMBO,,-72.924449,8.646076,5008308.7437,2513391.5569,727.82,,,,67.07516609,26.97188,, ,67.07516609,,Liquid,979.37874853,0.0,280.80885816,0.91927348,26.97188,113.07445042,0.39478724,0.0,70.0,293.06519282,3.94492803,0.0
1370,RZUL0017,RIO ZULIA-17,TAPONADO Y ABANDONADO,NORTE DE SANTANDER,CATATUMBO,,-72.443075,8.207592,1180499.46141,1399436.28044,143.5608,,,,66.82562916,27.23732,, ,66.82562916,,Liquid,979.51692855,0.0,279.76342228,0.91620048,27.23732,114.1842614,0.39848328,0.0,70.0,293.06519282,3.92159633,0.0
1371,VETA0002,VETA-2,TAPONADO Y ABANDONADO,NORTE DE SANTANDER,CATATUMBO,,-72.838075,8.846986,1136733.03758,1470013.03612,38.1,,,,66.77073396,27.78479,, ,66.77073396,,Liquid,979.54728026,0.0,279.53344344,0.91552416,27.78479,116.47318012,0.40609584,0.0,70.0,293.06519282,3.91646363,0.0
1372,PETR0095,PETROLEA-95,TAPONADO Y ABANDONADO,NORTE DE SANTANDER,CATATUMBO,,-72.5765,8.477094,1165678.24722,1429195.31897,60.0456,,,,66.61826261,27.74055,, ,66.61826261,,Liquid,979.63149446,0.0,278.89468642,0.91364515,27.74055,116.28822019,0.40548121,0.0,70.0,293.06519282,3.90220755,0.0
1373,TIBU0264,TIBU-264,TAPONADO Y ABANDONADO,NORTE DE SANTANDER,CATATUMBO,,-72.713256,8.751392,1150506.23456,1459485.38287,44.5008,,,,66.60068228,27.86774,, ,66.60068228,,Liquid,979.64119628,0.0,278.82103695,0.91342844,27.86774,116.81997852,0.40724803,0.0,70.0,293.06519282,3.90056379,0.0
1374,OORU0006,ORU-6,TAPONADO Y ABANDONADO,NORTE DE SANTANDER,CATATUMBO,,-72.801883,8.685011,1140776.31634,1452107.57241,60.920376,,,,66.28277125,27.76267,, ,66.28277125,,Liquid,979.8163412,0.0,277.48923945,0.90950781,27.76267,116.38070023,0.40578854,0.0,70.0,293.06519282,3.87083911,0.0
1375,TIBU0398,TIBU-398,PRODUCTOR,NORTE DE SANTANDER,CATATUMBO,BARCO,-72.725336,8.694683,1149199.09473,1453206.87479,59.7408,84.64419355,,,65.76347204,27.74055,, ,65.76347204,,Liquid,980.10122515,0.15265447,275.31390544,0.90309599,27.74055,116.28822019,0.40548121,1.43079111,70.0,293.06519282,3.82228464,0.0
1376,SARD0026,SARDINATA-26,TAPONADO Y ABANDONADO,NORTE DE SANTANDER,CATATUMBO,,-72.652533,8.460469,1157309.90035,1427324.44411,58.8264,,,,65.04964801,27.78479,, ,65.04964801,,Liquid,980.49036209,0.0,272.32395387,0.89426697,27.78479,116.47318012,0.40609584,0.0,70.0,293.06519282,3.75554209,0.0
1377,OORU0007,ORU-7,TAPONADO Y ABANDONADO,NORTE DE SANTANDER,CATATUMBO,,-72.847792,8.730128,1135706.3988,1457081.90442,61.209936,,,,64.77951686,27.7129,, ,64.77951686,,Liquid,980.63687584,0.0,271.19254418,0.89092115,27.7129,116.17261996,0.40509702,0.0,70.0,293.06519282,3.73028483,0.0
1378,TIBU0283,TIBU-283,TAPONADO Y ABANDONADO,NORTE DE SANTANDER,CATATUMBO,,-72.739058,8.779572,1147655.10783,1462592.78683,39.0144,,,,64.54397173,27.8788,, ,64.54397173,,Liquid,980.76429505,0.0,270.20602561,0.88800162,27.8788,116.86621817,0.40740163,0.0,70.0,293.06519282,3.70826136,0.0
1379,TIBU0199,TIBU-199,TAPONADO Y ABANDONADO,NORTE DE SANTANDER,CATATUMBO,,-72.745722,8.742767,1146936.15507,1458518.37172,68.2752,,,,64.4557512,27.80691,, ,64.4557512,,Liquid,980.81193768,0.0,269.83654486,0.88690764,27.80691,116.56565988,0.40640313,0.0,70.0,293.06519282,3.70001274,0.0
1380,TIBU0263,TIBU-263,TAPONADO Y ABANDONADO,NORTE DE SANTANDER,CATATUMBO,,-72.737836,8.764422,1147795.61235,1460917.21451,36.2712,,,,64.39787675,27.80691,, ,64.39787675,,Liquid,980.84316831,0.0,269.59416027,0.88618982,27.80691,116.56565988,0.40640313,0.0,70.0,293.06519282,3.69460148,0.0
1381,TIBU0293,TIBU-293,PRODUCTOR,NORTE DE SANTANDER,CATATUMBO,BARCO,-72.746333,8.788286,1146851.01417,1463553.95325,34.4424,0.89827586,,,64.37476848,27.83456,, ,64.37476848,,Liquid,980.85563287,0.00162127,269.49738077,0.88590317,27.83456,116.68125939,0.40678719,0.01407505,70.0,293.06519282,3.69244085,0.0
1382,TIBU0368,TIBU-368,TAPONADO Y ABANDONADO,NORTE DE SANTANDER,CATATUMBO,,-72.683717,8.626464,1153808.42331,1445676.24146,57.912,,,,64.31061729,27.7682,, ,64.31061729,,Liquid,980.89022005,0.0,269.2287114,0.88510731,27.7682,116.40382021,0.40586537,0.0,70.0,293.06519282,3.68644272,0.0
1383,TIBU0292,TIBU-292,TAPONADO Y ABANDONADO,NORTE DE SANTANDER,CATATUMBO,,-72.646394,8.589567,1157933.10062,1441609.39842,36.8808,,,,63.74286986,27.86221,, ,63.74286986,,Liquid,981.19530459,0.0,266.85104248,0.87805746,27.86221,116.79685869,0.40717123,0.0,70.0,293.06519282,3.63335833,0.0
1384,RZUL0001,RIO ZULIA-1,TAPONADO Y ABANDONADO,NORTE DE SANTANDER,CATATUMBO,,-72.452225,8.224717,1179483.1174,1401326.90889,149.0472,,,,63.66468355,27.39216,, ,63.66468355,,Liquid,981.23717526,0.0,266.52361933,0.87708571,27.39216,114.83164124,0.40063777,0.0,70.0,293.06519282,3.62604791,0.0
1385,RZUL0005,RIO ZULIA-5,TAPONADO Y ABANDONADO,NORTE DE SANTANDER,CATATUMBO,,-72.454661,8.193133,1179228.75331,1397831.39054,106.68,,,,63.45748399,27.43087,, ,63.45748399,,Liquid,981.34796724,0.0,265.65593891,0.87450944,27.43087,114.99348509,0.40117621,0.0,70.0,293.06519282,3.60667475,0.0
1386,TIBU0340,TIBU-340,PRODUCTOR,NORTE DE SANTANDER,CATATUMBO,BARCO,-72.683775,8.635081,1153798.51514,1446629.50258,61.2648,0.44258065,,,63.27821526,27.81797,, ,63.27821526,,Liquid,981.44362666,0.00079928,264.90524104,0.87227923,27.81797,116.61189971,0.40655676,0.00655062,70.0,293.06519282,3.58991313,0.0
1387,TIBU0284,TIBU-284,TAPONADO Y ABANDONADO,NORTE DE SANTANDER,CATATUMBO,,-72.741875,8.759156,1147353.15958,1460332.98299,36.8808,,,,63.1774208,27.80691,, ,63.1774208,,Liquid,981.49733086,0.0,264.48316586,0.87102479,27.80691,116.56565988,0.40640313,0.0,70.0,293.06519282,3.58048884,0.0
1388,TIBU0309,TIBU-309,TAPONADO Y ABANDONADO,NORTE DE SANTANDER,CATATUMBO,,-72.669939,8.585289,1155342.21212,1441126.51683,37.1856,,,,63.17001259,27.86774,, ,63.17001259,,Liquid,981.50127573,0.0,264.45214434,0.87093257,27.86774,116.81997852,0.40724803,0.0,70.0,293.06519282,3.57979618,0.0
1389,TIBU0200,TIBU-200,TAPONADO Y ABANDONADO,NORTE DE SANTANDER,CATATUMBO,,-72.727483,8.712911,1148955.51575,1455222.58358,46.3296,,,,62.84792447,27.77373,, ,62.84792447,,Liquid,981.67248373,0.0,263.10344152,0.86692149,27.77373,116.42694019,0.4059422,0.0,70.0,293.06519282,3.54968094,0.0
1390,RORO0017K,RIO DE ORO-17K,TAPONADO Y ABANDONADO,NORTE DE SANTANDER,CATATUMBO,,-72.881714,9.133256,1131827.76507,1501666.12165,35.3568,,,,62.81717488,27.86221,, ,62.81717488,,Liquid,981.68879778,0.0,262.9746843,0.86653836,27.86221,116.79685869,0.40717123,0.0,70.0,293.06519282,3.54680585,0.0
1391,RZUL0019,RIO ZULIA-19,PRODUCTOR,NORTE DE SANTANDER,CATATUMBO,MIRADOR,-72.447939,8.214308,1179960.26596,1400177.23052,130.7592,3576.25796774,,,62.48050042,27.26497,, ,62.48050042,,Liquid,981.86706352,6.46134537,261.56496457,0.86234129,27.26497,114.29986547,0.39886809,52.33904697,70.0,293.06519282,3.51532679,0.0
1392,TIBU0195,TIBU-195,TAPONADO Y ABANDONADO,NORTE DE SANTANDER,CATATUMBO,,-72.734103,8.744769,1148214.28571,1458744.48225,44.8056,,,,62.39156652,27.78479,, ,62.39156652,,Liquid,981.91404428,0.0,261.19259097,0.86123195,27.78479,116.47318012,0.40609584,0.0,70.0,293.06519282,3.50701147,0.0
1393,TIBU0170,TIBU-170,TAPONADO Y ABANDONADO,NORTE DE SANTANDER,CATATUMBO,,-72.733556,8.765067,1148266.4758,1460990.20175,38.7096,,,,62.00184264,27.80138,, ,62.00184264,,Liquid,982.11938431,0.0,259.56083139,0.85636725,27.80138,116.54253996,0.40632631,0.0,70.0,293.06519282,3.47057229,0.0
1394,TIBU0377,TIBU-377,PRODUCTOR,NORTE DE SANTANDER,CATATUMBO,BARCO,-72.670475,8.605408,1155274.98761,1443352.1619,37.4904,34.64333333,,,61.75511475,27.87327,, ,61.75511475,,Liquid,982.24892801,0.06261562,258.52782962,0.85328467,27.87327,116.84309835,0.40732483,0.47007651,70.0,293.06519282,3.44750323,0.0
1395,TIBU0149,TIBU-149,TAPONADO Y ABANDONADO,NORTE DE SANTANDER,CATATUMBO,,-72.726894,8.743894,1149008.04542,1458650.52378,51.5112,,,,61.60343786,27.75714,, ,61.60343786,,Liquid,982.32839045,0.0,257.89280275,0.85138855,27.75714,116.35758023,0.40571171,0.0,70.0,293.06519282,3.43332144,0.0
1396,CYUC0006,CAMPO YUCA-6,TAPONADO Y ABANDONADO,NORTE DE SANTANDER,CATATUMBO,,-72.74125,8.638244,1147469.25933,1446956.81716,41.4528,,,,61.48508751,27.79032,, ,61.48508751,,Liquid,982.39030063,0.0,257.39731218,0.84990848,27.79032,116.49630008,0.40617267,0.0,70.0,293.06519282,3.42225568,0.0
1397,TIBU0150,TIBU-150,TAPONADO Y ABANDONADO,NORTE DE SANTANDER,CATATUMBO,,-72.751239,8.72295,1146336.6718,1456323.9075,56.0832,,,,61.4650609,27.72949,, ,61.4650609,,Liquid,982.40076869,0.0,257.31346862,0.84965798,27.72949,116.24198013,0.40532754,0.0,70.0,293.06519282,3.42038319,0.0
1398,TIBU0047,TIBU-47,TAPONADO Y ABANDONADO,NORTE DE SANTANDER,CATATUMBO,,-72.683961,8.7139,1153745.95332,1455349.41046,45.72,,,,61.46202594,27.75714,, ,61.46202594,,Liquid,982.40235489,0.0,257.30076244,0.84962001,27.75714,116.35758023,0.40571171,0.0,70.0,293.06519282,3.42009943,0.0
1399,TIBU0329,TIBU-329,TAPONADO Y ABANDONADO,NORTE DE SANTANDER,CATATUMBO,,-72.659672,8.597647,1156467.68336,1442497.92602,35.052,,,,61.35169179,27.84009,, ,61.35169179,,Liquid,982.45998364,0.0,256.83884017,0.84823964,27.84009,116.70437927,0.406864,0.0,70.0,293.06519282,3.40978318,0.0
1400,RZUL0029,RIO ZULIA-29,PRODUCTOR,NORTE DE SANTANDER,CATATUMBO,CARBONERA,-72.444573,8.207908,1179946.5,1399782.5,436.0,1098.02,3200,142,,,,"220,63183442",61.11111111,,Subcooled liquid,991.99705628,2.00429692,274.24067469,0.83351232,25.0,104.82922231,0.36722497,61.04651422,70.0,293.06519282,3.38728889,0.0
1401,RZUL0021,RIO ZULIA-21,PRODUCTOR,NORTE DE SANTANDER,CATATUMBO,MIRADOR,-72.452292,8.219058,1179478.31067,1400700.82544,137.7696,448.29583871,,,60.86919228,27.511152,, ,60.86919228,,Liquid,982.7111656,0.81064745,254.81888843,0.84219801,27.511152,115.3291372,0.40229268,5.91229021,70.0,293.06519282,3.36466948,0.0
1402,TIBU0285,TIBU-285,TAPONADO Y ABANDONADO,NORTE DE SANTANDER,CATATUMBO,,-72.693936,8.622614,1152684.7724,1445246.20796,42.9768,,,,60.24200886,27.81797,, ,60.24200886,,Liquid,983.0356335,0.0,252.19339263,0.83433211,27.81797,116.61189971,0.40655676,0.0,70.0,293.06519282,3.30602783,0.0
1403,OORU0004,ORU-4,TAPONADO Y ABANDONADO,NORTE DE SANTANDER,CATATUMBO,,-72.778389,8.656644,1143373.39911,1448978.21249,95.009208,,,,60.1824035,27.65207,, ,60.1824035,,Liquid,983.06634971,0.0,251.94388412,0.83358382,27.65207,115.91829868,0.40425167,0.0,70.0,293.06519282,3.30045473,0.0
1404,TIBU0213,TIBU-213,PRODUCTOR,NORTE DE SANTANDER,CATATUMBO,BARCO,-72.733597,8.696428,1148289.00675,1453396.62621,54.864,670.68096774,,,60.08272584,27.69631,, ,60.08272584,,Liquid,983.11766954,1.21328523,251.52663636,0.83233217,27.69631,116.10325972,0.40486649,8.35471147,70.0,293.06519282,3.29113487,0.0
1405,RZUL0021,RIO ZULIA-21,PRODUCTOR,NORTE DE SANTANDER,CATATUMBO,MIRADOR,-72.441084,8.216521,1180327.125,1400737.125,452.0,727.12,3300,140,60.86919228,27.27603,,"227,52657924",60.0,,Subcooled liquid,992.85352065,1.32841171,270.21706562,0.81937307,27.27603,114.34610703,0.39902201,39.38689158,70.0,293.06519282,3.2834,0.0
1406,TIBU0085,TIBU-85,TAPONADO Y ABANDONADO,NORTE DE SANTANDER,CATATUMBO,,-72.738858,8.732683,1147695.61926,1457405.52499,44.8056,,,,59.77392816,27.7682,, ,59.77392816,,Liquid,983.27628492,0.0,250.23404748,0.8284523,27.7682,116.40382021,0.40586537,0.0,70.0,293.06519282,3.26226228,0.0
1407,TIBU0307,TIBU-307,TAPONADO Y ABANDONADO,NORTE DE SANTANDER,CATATUMBO,,-72.662653,8.577225,1156147.83128,1440237.34186,36.576,,,,59.64740236,27.86774,, ,59.64740236,,Liquid,983.34111297,0.0,249.70443882,0.82686157,27.86774,116.81997852,0.40724803,0.0,70.0,293.06519282,3.25043212,0.0
1408,TIBU0103,TIBU-103,PRODUCTOR,NORTE DE SANTANDER,CATATUMBO,BARCO,-72.677642,8.666569,1154460.96721,1450115.66871,49.6824,977.70032258,,,59.63997582,27.8235,, ,59.63997582,,Liquid,983.34491517,1.76910276,249.67335321,0.82676818,27.8235,116.63501961,0.40663357,11.7680159,70.0,293.06519282,3.24973774,0.0
1409,TIBU0120,TIBU-120,TAPONADO Y ABANDONADO,NORTE DE SANTANDER,CATATUMBO,,-72.722717,8.728242,1149474.11318,1456920.5039,42.9768,,,,59.13070788,27.84009,, ,59.13070788,,Liquid,983.60486815,0.0,247.54174702,0.82035942,27.84009,116.70437927,0.406864,0.0,70.0,293.06519282,3.20212119,0.0
1410,RZUL0005,RIO ZULIA-5,PRODUCTOR,NORTE DE SANTANDER,CATATUMBO,MIRADOR,-72.454661,8.193133,1179228.75331,1397831.39054,106.68,3478.36022581,,,58.88935991,27.43087,, ,58.88935991,,Liquid,983.72752513,6.29637818,246.53159495,0.81731892,27.43087,114.99348509,0.40117621,41.02716517,70.0,293.06519282,3.17955515,0.0
1411,RZUL0031,RIO ZULIA-31,PRODUCTOR,NORTE DE SANTANDER,CATATUMBO,MIRADOR,-72.438143,8.22238,1180648.75,1401386.625,441.0,191.62,3300,138,,,,"227,52657924",58.88888889,,Subcooled liquid,993.41654936,0.35027864,265.61990717,0.80555094,25.0,104.82922231,0.36722497,10.567747,70.0,293.06519282,3.17951111,0.0
1412,OORU0001,ORU-1,TAPONADO Y ABANDONADO,NORTE DE SANTANDER,CATATUMBO,,-72.777256,8.630853,1143507.92446,1446125.3615,93.5736,,,,58.37361245,27.69078,, ,58.37361245,,Liquid,983.98847255,0.0,244.37304172,0.81081435,27.69078,116.08013962,0.40478964,0.0,70.0,293.06519282,3.13133276,0.0
1413,SARD0010,SARDINATA-10,TAPONADO Y ABANDONADO,NORTE DE SANTANDER,CATATUMBO,,-72.667144,8.4377,1155709.5778,1424799.54561,65.532,,,,58.37260514,27.72949,, ,58.37260514,,Liquid,983.98898065,0.0,244.36882595,0.81080164,27.72949,116.24198013,0.40532754,0.0,70.0,293.06519282,3.13123858,0.0
1414,CYUC0002,CAMPO YUCA-2,TAPONADO Y ABANDONADO,NORTE DE SANTANDER,CATATUMBO,,-72.761819,8.621203,1145211.12575,1445063.63245,65.532,,,,58.36950807,27.81244,, ,58.36950807,,Liquid,983.99054282,0.0,244.35586417,0.81076255,27.81244,116.5887798,0.40647994,0.0,70.0,293.06519282,3.130949,0.0
1415,TIBU0175,TIBU-175,PRODUCTOR,NORTE DE SANTANDER,CATATUMBO,BARCO,-72.653331,8.612444,1157159.87719,1444137.58739,34.4424,0.27451613,,,58.31715996,27.86221,, ,58.31715996,,Liquid,984.01693869,0.00049706,244.13677872,0.81010178,27.86221,116.79685869,0.40717123,0.00303872,70.0,293.06519282,3.12605446,0.0
1416,TIBU0090,TIBU-90,TAPONADO Y ABANDONADO,NORTE DE SANTANDER,CATATUMBO,,-72.670139,8.642142,1155296.98855,1447416.21705,37.7952,,,,57.73713208,27.85668,, ,57.73713208,,Liquid,984.30830994,0.0,241.70934622,0.80277359,27.85668,116.77373885,0.40709442,0.0,70.0,293.06519282,3.07182185,0.0
1417,TIBU0138,TIBU-138,TAPONADO Y ABANDONADO,NORTE DE SANTANDER,CATATUMBO,,-72.666942,8.622081,1155657.22403,1445198.10175,35.052,,,,57.08294471,27.8788,, ,57.08294471,,Liquid,984.63450171,0.0,238.97172649,0.7944935,27.8788,116.86621817,0.40740163,0.0,70.0,293.06519282,3.01065533,0.0
1418,TIBU0196,TIBU-196,TAPONADO Y ABANDONADO,NORTE DE SANTANDER,CATATUMBO,,-72.739917,8.743764,1147574.76075,1458630.96104,39.3192,,,,56.71285425,27.83456,, ,56.71285425,,Liquid,984.81788834,0.0,237.42306458,0.78980219,27.83456,116.68125939,0.40678719,0.0,70.0,293.06519282,2.97605187,0.0
1419,SARD0015,SARDINATA-15,TAPONADO Y ABANDONADO,NORTE DE SANTANDER,CATATUMBO,,-72.668528,8.444314,1155554.53539,1425530.70225,59.7408,,,,56.69947148,27.77373,, ,56.69947148,,Liquid,984.82450415,0.0,237.36706476,0.78963245,27.77373,116.42694019,0.4059422,0.0,70.0,293.06519282,2.97480058,0.0
1420,TIBU0242,TIBU-242,TAPONADO Y ABANDONADO,NORTE DE SANTANDER,CATATUMBO,,-72.685439,8.67075,1153600.85402,1450575.01846,46.0248,,,,56.34586977,27.80138,, ,56.34586977,,Liquid,984.99891258,0.0,235.88745541,0.78514521,27.80138,116.54253996,0.40632631,0.0,70.0,293.06519282,2.94173882,0.0
1421,TIBU0129,TIBU-129,PRODUCTOR,NORTE DE SANTANDER,CATATUMBO,BARCO,-72.675906,8.656569,1154656.18604,1449010.04728,46.0248,73.61,,,56.11547012,27.79032,, ,56.11547012,,Liquid,985.11214263,0.1334332,234.92339944,0.7822189,27.79032,116.49630008,0.40617267,0.70933524,70.0,293.06519282,2.92019646,0.0
1422,TIBU0244,TIBU-244,TAPONADO Y ABANDONADO,NORTE DE SANTANDER,CATATUMBO,,-72.668906,8.661581,1155424.80098,1449567.3037,46.3296,,,,54.88744355,27.84562,, ,54.88744355,,Liquid,985.71015291,0.0,229.78535121,0.76658808,27.84562,116.72749914,0.40694081,0.0,70.0,293.06519282,2.80537597,0.0
1423,TIBU0171,TIBU-171,TAPONADO Y ABANDONADO,NORTE DE SANTANDER,CATATUMBO,,-72.669767,8.617458,1155348.06193,1444685.5739,46.9392,,,,54.82048048,27.84009,, ,54.82048048,,Liquid,985.74249389,0.0,229.50519535,0.76573411,27.84009,116.70437927,0.406864,0.0,70.0,293.06519282,2.79911492,0.0
1424,RORO0051,RIO DE ORO-51,TAPONADO Y ABANDONADO,NORTE DE SANTANDER,CATATUMBO,,-72.885036,9.115219,1131469.11156,1499669.62687,93.2688,,,,54.59288147,26.994,, ,54.59288147,,Liquid,985.85220856,0.0,228.55299383,0.76283031,26.994,113.1669355,0.39509537,0.0,70.0,293.06519282,2.77783442,0.0
1425,OORU0002,ORU-2,TAPONADO Y ABANDONADO,NORTE DE SANTANDER,CATATUMBO,,-72.785383,8.642319,1142608.76671,1447390.8399,84.539328,,,,53.58600052,27.59124,, ,53.58600052,,Liquid,986.33369904,0.0,224.34075763,0.74996054,27.59124,115.66397635,0.40340615,0.0,70.0,293.06519282,2.68369105,0.0
1426,CUCT0001,CUCUTA-1,TAPONADO Y ABANDONADO,NORTE DE SANTANDER,CATATUMBO,,-72.468733,7.877242,1177814.96789,1362875.00824,324.9168,,,,52.12716039,26.23639,, ,52.12716039,,Liquid,987.01998098,0.0,218.23841785,0.73124519,26.23639,109.99923086,0.3845286,0.0,70.0,293.06519282,2.5472895,0.0
1427,RZUL0006,RIO ZULIA-6,PRODUCTOR,NORTE DE SANTANDER,CATATUMBO,CARBONERA,-72.444211,8.205255,1179992.375,1399485.875,375.0,1.33,3200,125,,,,"220,63183442",51.66666667,,Subcooled liquid,996.62674044,0.00243908,235.16752678,0.7149354,25.0,104.82922231,0.36722497,0.0651736,70.0,293.06519282,2.50423333,0.0
1428,ALMS0001,ALMENDRO-1,TAPONADO Y ABANDONADO,NORTE DE SANTANDER,CATATUMBO,,-72.611031,7.831394,1162134.6482,1357744.96897,526.9992,,,,50.44066852,25.06956,, ,50.44066852,,Liquid,987.79638265,0.0,211.18470024,0.70950693,25.06956,105.12010556,0.36820044,0.0,70.0,293.06519282,2.38960251,0.0
1429,BRUB0001,BRUBUCANINA-1,TAPONADO Y ABANDONADO,NORTE DE SANTANDER,CATATUMBO,,-73.013923,9.151944,4998470.9519,2569295.5327,375.0,,,,48.80626147,27.45852,, ,48.80626147,,Liquid,988.53112001,0.0,204.34966562,0.68833403,27.45852,115.10908756,0.40156077,0.0,70.0,293.06519282,2.23678545,0.0
1430,PETR0105,PETROLEA-105,TAPONADO Y ABANDONADO,NORTE DE SANTANDER,CATATUMBO,,-72.570556,8.3625,1166381.98537,1416519.54397,107.5944,,,,48.68021328,27.46405,, ,48.68021328,,Liquid,988.58705138,0.0,203.82256848,0.68669677,27.46405,115.13220803,0.40163768,0.0,70.0,293.06519282,2.22499994,0.0
1431,RZUL0033,RIO ZULIA-33,PRODUCTOR,NORTE DE SANTANDER,CATATUMBO,CARBONERA,-72.448967,8.20135,1179465.0,1399055.0,330.0,59.91,3200,118,,,,"220,63183442",47.77777778,,Subcooled liquid,998.38737434,0.11006261,219.09213426,0.66514611,25.0,104.82922231,0.36722497,2.80466093,70.0,293.06519282,2.14062222,0.0
1432,PETR0112,PETROLEA-112,TAPONADO Y ABANDONADO,NORTE DE SANTANDER,CATATUMBO,,-72.563219,8.525894,1167119.99173,1434600.10395,60.96,,,,46.65015626,27.69631,, ,46.65015626,,Liquid,989.47317403,0.0,195.33404148,0.66024099,27.69631,116.10325972,0.40486649,0.0,70.0,293.06519282,2.03518961,0.0
1433,RZUL0003,RIO ZULIA-3,PRODUCTOR,NORTE DE SANTANDER,CATATUMBO,CARBONERA,-72.449475,8.198166,1179410.375,1398702.5,334.0,9.71,3100,115,,,,"213,73708959",46.11111111,,Subcooled liquid,998.82695355,0.01784641,211.60993147,0.64392804,25.0,104.82922231,0.36722497,0.43408172,70.0,293.06519282,1.98478889,0.0
1434,RZUL0032GL,RIO ZULIA-32 GL,PRODUCTOR,NORTE DE SANTANDER,CATATUMBO,CARBONERA,-72.454827,8.206055,1178821.75,1399569.625,323.0,127.45,3250,114,,,,"224,07920683",45.55555556,,Subcooled liquid,999.49683698,0.23440274,210.2074793,0.63628648,25.0,104.82922231,0.36722497,5.90646313,70.0,293.06519282,1.93284444,0.0
1435,ZULI0001E,ZULIA-1 EAST,TAPONADO Y ABANDONADO,NORTE DE SANTANDER,CATATUMBO,,-72.439292,8.20265,1180918.74896,1398891.22501,114.0,,,,45.02060205,27.64654,, ,45.02060205,,Liquid,990.16417055,0.0,188.5209144,0.63888484,27.64654,115.89517851,0.40417482,0.0,70.0,293.06519282,1.88282629,0.0
1436,RZUL0028,RIO ZULIA-28,PRODUCTOR,NORTE DE SANTANDER,CATATUMBO,CARBONERA,-72.446642,8.203571,1179720.375,1399301.75,292.0,2.63,3100,110,70.45820019,27.28156,,"213,73708959",43.33333333,,Subcooled liquid,1000.0005603,0.00483947,200.13045018,0.60781431,27.28156,114.3692278,0.39909896,0.11173287,70.0,293.06519282,1.72506667,0.0
1437,RORO0047,RIO DE ORO-47,TAPONADO Y ABANDONADO,NORTE DE SANTANDER,CATATUMBO,,-72.884736,9.111831,1131503.3365,1499294.84485,186.0,,,,42.85157607,27.73502,, ,42.85157607,,Liquid,991.05517301,0.0,179.45312285,0.61029073,27.73502,116.26510016,0.40540438,0.0,70.0,293.06519282,1.68002236,0.0
1438,SAPA0001,SAPAIDANA-1,TAPONADO Y ABANDONADO,NORTE DE SANTANDER,CATATUMBO,,-72.98031,9.164083,5002162.3882,2570637.0444,375.0,,,,41.49171041,27.38663,, ,41.49171041,,Liquid,991.59665834,0.0,173.76850716,0.5922646,27.38663,114.80852066,0.40056084,0.0,70.0,293.06519282,1.55287492,0.0
1439,TIBU0469C,TIBU-469C,TAPONADO Y ABANDONADO,NORTE DE SANTANDER,CATATUMBO,,-72.756808,8.741928,1145716.26323,1458421.25955,78.0288,,,,41.47137933,27.69078,, ,41.47137933,,Liquid,991.60465224,0.0,173.68351965,0.59199451,27.69078,116.08013962,0.40478964,0.0,70.0,293.06519282,1.55097397,0.0
1440,RORO0048,RIO DE ORO-48,TAPONADO Y ABANDONADO,NORTE DE SANTANDER,CATATUMBO,,-72.8895,9.102708,1130982.8621,1498283.95006,137.4648,,,,40.84482015,27.39216,, ,40.84482015,,Liquid,991.84952346,0.0,171.06441948,0.58366243,27.39216,114.83164124,0.40063777,0.0,70.0,293.06519282,1.49239068,0.0
1441,RORO0042,RIO DE ORO-42,TAPONADO Y ABANDONADO,NORTE DE SANTANDER,CATATUMBO,,-72.892217,9.095125,1130686.90331,1497444.05716,100.8888,,,,40.35043189,27.29262,, ,40.35043189,,Liquid,992.04070129,0.0,168.99784582,0.57707634,27.29262,114.41546931,0.39925287,0.0,70.0,293.06519282,1.44616538,0.0
1442,RORO0045,RIO DE ORO-45,TAPONADO Y ABANDONADO,NORTE DE SANTANDER,CATATUMBO,,-72.880483,9.117278,1131968.93731,1499898.99945,185.928,,,,39.21099973,27.15437,, ,39.21099973,,Liquid,992.47439445,0.0,164.23504881,0.56185778,27.15437,113.8374478,0.39732863,0.0,70.0,293.06519282,1.33962847,0.0
1443,RORO0038,RIO DE ORO-38,TAPONADO Y ABANDONADO,NORTE DE SANTANDER,CATATUMBO,,-72.90093,9.047149,5010883.3883,2557715.7151,600.0,,,,36.2924663,27.53594,, ,36.2924663,,Liquid,993.54025495,0.0,152.03607595,0.52262345,27.53594,115.43277331,0.40263734,0.0,70.0,293.06519282,1.0667456,0.0
1444,VOLC0002C,VOLCANERA C-2,PRODUCTOR,CASANARE,CORDILLERA ORIENTAL,MIRADOR,-72.507819,5.369689,1174381.61063,1085444.66277,695.2488,4.46,,,144.14115678,24.22347,, ,144.14115678,,Liquid,935.80130161,0.00767998,541.50730506,1.62255714,24.22347,103.17755636,0.36168183,0.48820089,70.0,293.06519282,11.15059816,0.21275673
1445,HOME0001,HOMERO-1,TAPONADO Y ABANDONADO,CASANARE,CORDILLERA ORIENTAL,,-72.780069,5.184096,1144239.3458,1064844.76927,760.0,,,,131.538378,23.33314,, ,131.538378,,Liquid,969.59693123,0.0,349.44993067,1.11624268,23.33314,94.1341554,0.33120034,0.0,70.0,293.06519282,9.97223834,0.0
1446,LIRI0011YZ,LIRIA YZ-11,PRODUCTOR,CASANARE,LLANOS ORIENTALES,MIRADOR,-72.545788,5.330053,1170182.65944,1081049.28532,629.1072,2.10967742,,,128.85687913,24.60504,, ,128.85687913,,Liquid,994.36791547,0.00386015,141.98901343,0.49003087,24.60504,98.57518769,0.34619697,0.00234747,70.0,293.06519282,9.7215182,0.0
1447,DELE0001B,DELE B-1,TAPONADO Y ABANDONADO,CASANARE,CORDILLERA ORIENTAL,,-72.521128,5.386328,1172901.28291,1087281.57834,931.4688,,,,126.5338679,22.92392,, ,126.5338679,,Liquid,994.15710082,0.0,144.60236363,0.49853307,22.92392,90.66417536,0.31944524,0.0,70.0,293.06519282,9.50431665,0.0
1448,NISC0000NS,NISCOTA E1,TAPONADO Y ABANDONADO,BOYACA,CORDILLERA ORIENTAL,,-72.305787,5.619621,1196701.99869,1113158.00198,689.4576,,,,124.33338726,23.676,, ,124.33338726,,Liquid,957.79433552,0.0,422.4192315,1.31591212,23.676,109.32866992,0.38228832,0.0,70.0,293.06519282,9.29857171,0.0
1449,LIRI0010YZ,LIRIA YZ-10,PRODUCTOR,CASANARE,LLANOS ORIENTALES,MIRADOR,-72.545974,5.32997,1170162.00236,1081039.9967,629.1072,791.87225806,,,122.78024162,24.56633,, ,122.78024162,,Liquid,980.5395134,1.4287678,271.94474636,0.89314587,24.56633,94.66618507,0.33299975,15.14199148,70.0,293.06519282,9.15335259,0.0
1450,9371,CUPIAGUA XH-38,TAPONADO Y ABANDONADO,CASANARE,CORDILLERA ORIENTAL,,-72.652453,5.205978,1158386.81966,1067295.791,542.8488,,,,120.12153204,25.04191,, ,120.12153204,,Liquid,994.15710082,0.0,144.60236363,0.49853307,25.04191,90.66417536,0.31944524,0.0,70.0,293.06519282,8.90476325,0.0
1451,APIC0001,APICALA-1,TAPONADO Y ABANDONADO,TOLIMA,CORDILLERA ORIENTAL,,-74.701611,4.105473,931076.741465,945446.385449,261.5184,,,,117.33923665,23.42162,, ,117.33923665,,Liquid,945.23541698,0.0,492.51505807,1.49912057,23.42162,98.22825257,0.34502736,0.0,70.0,293.06519282,8.64461863,0.0
1452,CUPI0026S,CUPIAGUA S-26,PRODUCTOR,CASANARE,LLANOS ORIENTALES,BARCO,-72.599533,5.242644,1164246.20661,1071365.42454,511.7592,30.49580645,,,109.35550013,25.26864,, ,109.35550013,,Liquid,943.00865375,0.05291725,504.32796534,1.52921906,25.26864,105.00448012,0.36781272,2.79997819,70.0,293.06519282,7.89813926,0.88296805
1453,CUPI0026S,CUPIAGUA S-26,PRODUCTOR,CASANARE,LLANOS ORIENTALES,CUERVOS,-72.599533,5.242644,1164246.20661,1071365.42454,511.7592,60.99225806,,,109.35550013,25.26864,, ,109.35550013,,Liquid,937.74985761,0.10524541,531.60590774,1.59790307,25.26864,96.14657009,0.3380026,6.2800497,70.0,293.06519282,7.89813926,1.98285268
1454,CUPI0026S,CUPIAGUA S-26,PRODUCTOR,CASANARE,LLANOS ORIENTALES,GUADALUPE,-72.599533,5.242644,1164246.20661,1071365.42454,511.7592,2.77290323,,,109.35550013,25.26864,, ,109.35550013,,Liquid,971.12712408,0.0049551,339.30572278,1.08771241,25.26864,100.42545272,0.35242916,0.09696301,70.0,293.06519282,7.89813926,0.01809672
1455,CUPI0026S,CUPIAGUA S-26,PRODUCTOR,CASANARE,LLANOS ORIENTALES,MIRADOR,-72.599533,5.242644,1164246.20661,1071365.42454,511.7592,182.97709677,,,109.35550013,25.26864,, ,109.35550013,,Liquid,994.845115,0.33496053,135.92004938,0.47021923,25.26864,91.14999636,0.32109302,0.09726666,70.0,293.06519282,7.89813926,0.0
1456,SUAR0001,SUAREZ-1,TAPONADO Y ABANDONADO,TOLIMA,CORDILLERA ORIENTAL,,-74.819529,3.993422,4798067.255,1999496.4903,1280.0,,,,100.77107668,26.07602,, ,100.77107668,,Liquid,951.43840169,0.0,458.68807815,1.41171111,26.07602,105.9525997,0.37099092,0.0,70.0,293.06519282,7.09549567,0.0
1457,CUPI0006Q,CUPIAGUA Q-6,TAPONADO Y ABANDONADO,CASANARE,CORDILLERA ORIENTAL,,-72.630217,5.222592,1160848.62627,1069139.24046,541.6296,,,,95.01010932,25.10827,, ,95.01010932,,Liquid,961.87314434,0.0,398.13154996,1.25050768,25.10827,105.28198067,0.36874318,0.0,70.0,293.06519282,6.55684522,0.0
1458,PRVI0002,PROVIDENCIA-2,TAPONADO Y ABANDONADO,HUILA,CORDILLERA ORIENTAL,,-74.977384,3.233315,4780358.8444,1915502.6332,3366.0,,,,83.43767723,22.44281,, ,83.43767723,,Liquid,981.85806957,0.0,261.63621078,0.86255351,22.44281,45.7342179,0.16417813,0.0,70.0,293.06519282,5.47482282,0.0
1459,EMOR0001,EL MORRO-1,TAPONADO Y ABANDONADO,CASANARE,CORDILLERA ORIENTAL,,-72.430447,5.469731,1182930.67415,1096534.94814,888.1872,,,,81.02252053,23.94697,, ,81.02252053,,Liquid,993.87723969,0.0,148.01276505,0.5096024,23.94697,90.71044437,0.3196022,0.0,70.0,293.06519282,5.24900567,0.0
1460,SUBA0002,SUBA-2,TAPONADO Y ABANDONADO,CUNDINAMARCA,CORDILLERA ORIENTAL,,-74.087964,4.730414,999218.166096,1014526.93061,2611.2216,,,,72.73027665,13.65011,, ,72.73027665,,Liquid,951.43840169,0.0,458.68807815,1.41171111,13.65011,105.9525997,0.37099092,0.0,70.0,293.06519282,4.47368087,0.0
1461,PRVI0001,PROVIDENCIA-1,TAPONADO Y ABANDONADO,HUILA,CORDILLERA ORIENTAL,,-74.962346,3.234069,4782030.0682,1915582.7698,3329.2,,,,65.65149083,22.48152,, ,65.65149083,,Liquid,976.1562878,0.0,304.51104068,0.98834422,22.48152,57.32585862,0.20479048,0.0,70.0,293.06519282,3.81181439,0.0
1462,STRA00011,STRATIGRAPHIC-1,TAPONADO Y ABANDONADO,TOLIMA,CORDILLERA ORIENTAL,,-74.486669,4.146817,954947.158456,950003.019932,1049.7312,,,,64.95911089,22.57,, ,64.95911089,,Liquid,995.47426168,0.0,127.54946176,0.44273897,22.57,86.63848453,0.30576603,0.0,70.0,293.06519282,3.74707687,0.0
1463,SUES0001,SUESCA-1,TAPONADO Y ABANDONADO,CUNDINAMARCA,CORDILLERA ORIENTAL,,-73.763856,5.150947,1035155.09236,1061039.81065,3116.0,,,,62.49751603,10.88511,, ,62.49751603,,Liquid,951.43840169,0.0,458.68807815,1.41171111,10.88511,105.9525997,0.37099092,0.0,70.0,293.06519282,3.51691775,0.0
1464,GUEN0001,GUENGUE-1,TAPONADO Y ABANDONADO,HUILA,CORDILLERA ORIENTAL,,-75.17664,2.884487,4758137.7758,1876978.3641,2540.0,,,,50.60212945,23.81425,, ,50.60212945,,Liquid,980.16245988,0.0,274.84483802,0.90171212,23.81425,94.2960784,0.33174807,0.0,70.0,293.06519282,2.4046991,0.0
1465,ALPU0001,ALPUJARRA-1,TAPONADO Y ABANDONADO,TOLIMA,CORDILLERA ORIENTAL,,-74.826533,3.521183,4797180.5725,1947293.8274,5897.0,,,,45.96180744,18.16812,, ,45.96180744,,Liquid,989.76729259,0.0,192.45599789,0.65123292,18.16812,76.24741018,0.2702492,0.0,70.0,293.06519282,1.970829,0.0
1466,9557,ANDINO-1,TAPONADO Y ABANDONADO,TOLIMA,CORDILLERA ORIENTAL,,-74.879414,3.599259,4791324.1998,1955936.8133,3224.0,,,,41.05356113,22.63636,, ,41.05356113,,Liquid,991.76826329,0.0,171.93697869,0.58644013,22.63636,94.94376231,0.33393826,0.0,70.0,293.06519282,1.51190797,0.0
1467,MANZ0001,MANZANOS-1,TAPONADO Y ABANDONADO,BOYACA,CORDILLERA ORIENTAL,,-73.471639,5.421944,1067527.01271,1091033.21477,975.36,,,,40.86459362,11.99111,, ,40.86459362,,Liquid,994.53329744,0.0,139.91062733,0.48325673,11.99111,95.24446833,0.33495473,0.0,70.0,293.06519282,1.4942395,0.0
1468,GUAN0110,GUANDO-110,PRODUCTOR,TOLIMA,CORDILLERA ORIENTAL,GUADALUPE INFERIOR,-74.57442,4.178513,945205.694425,953513.665388,1204.0,2182.48709677,,,39.23677011,21.44188,, ,39.23677011,,Liquid,994.50981564,3.99394596,140.20728803,0.48422432,21.44188,90.38655977,0.31850334,4.09592353,70.0,293.06519282,1.34203801,0.0
1469,GUAN0112,GUANDO-112,PRODUCTOR,TOLIMA,CORDILLERA ORIENTAL,GUADALUPE INFERIOR,-74.582511,4.172369,944306.950948,952834.773693,1179.2712,567.89272727,,,38.77420505,21.58013,, ,38.77420505,,Liquid,993.81089037,1.03851192,148.81190487,0.51219197,21.58013,88.99844203,0.31379054,1.42104103,70.0,293.06519282,1.29878817,0.0
1470,GUAN0112,GUANDO-112,PRODUCTOR,TOLIMA,CORDILLERA ORIENTAL,GUADALUPE SUPERIOR,-74.582511,4.172369,944306.950948,952834.773693,1179.2712,63.09954545,,,38.77420505,21.58013,, ,38.77420505,,Liquid,993.80702765,0.11539041,148.85832143,0.51234233,21.58013,90.38655977,0.31850334,0.15815943,70.0,293.06519282,1.29878817,0.0
1471,GUAN0104,GUANDO-104,PRODUCTOR,TOLIMA,CORDILLERA ORIENTAL,GUADALUPE INFERIOR,-74.58251,4.172289,944307.00088,952826.004219,1179.2712,449.87967742,,,37.00976896,21.58013,, ,37.00976896,,Liquid,992.63806367,0.82172921,162.40928983,0.55600919,21.58013,90.5253679,0.31897432,1.69124905,70.0,293.06519282,1.1338134,0.0
1472,GUAN0140,GUANDO-140,PRODUCTOR,TOLIMA,CORDILLERA ORIENTAL,GUADALUPE INFERIOR,-74.579962,4.180212,944590.496125,953702.004988,1100.9376,175.21225806,,,36.88765665,22.00594,, ,36.88765665,,Liquid,987.72284852,0.31844982,211.85996792,0.71159289,22.00594,99.87038289,0.35056051,1.74602455,70.0,293.06519282,1.1223959,0.0
1473,GUAN0140,GUANDO-140,PRODUCTOR,TOLIMA,CORDILLERA ORIENTAL,GUADALUPE SUPERIOR,-74.579962,4.180212,944590.496125,953702.004988,1100.9376,49.41741935,,,36.88765665,22.00594,, ,36.88765665,,Liquid,933.5234049,0.08488808,552.95028525,1.65086946,22.00594,97.85818474,0.3437794,5.89910769,70.0,293.06519282,1.1223959,0.2476134
1474,GUAN0128,GUANDO-128,PRODUCTOR,TOLIMA,CORDILLERA ORIENTAL,GUADALUPE INFERIOR,-74.575536,4.181888,945082.004207,953887.002516,1169.8224,164.17451613,,,36.62197988,21.60778,, ,36.62197988,,Liquid,993.76414965,0.30021369,149.37277708,0.51400849,21.60778,90.5253679,0.31897432,0.41694395,70.0,293.06519282,1.09755512,0.0
1475,GUAN0128,GUANDO-128,PRODUCTOR,TOLIMA,CORDILLERA ORIENTAL,GUADALUPE SUPERIOR,-74.575536,4.181888,945082.004207,953887.002516,1169.8224,145.58870968,,,36.62197988,21.60778,, ,36.62197988,,Liquid,994.43791293,0.26640771,141.11244901,0.4871752,21.60778,88.79021855,0.31308314,0.27529395,70.0,293.06519282,1.09755512,0.0
1476,GUAN0114,GUANDO-114,PRODUCTOR,TOLIMA,CORDILLERA ORIENTAL,GUADALUPE INFERIOR,-74.570413,4.183826,945650.995942,954101.005049,1242.6696,266.51533333,,,36.22154384,21.13773,, ,36.22154384,,Liquid,993.80702765,0.48737774,148.85832143,0.51234233,21.13773,90.38655977,0.31850334,0.70981721,70.0,293.06519282,1.06011435,0.0
1477,GUAN0122,GUANDO-122,PRODUCTOR,TOLIMA,CORDILLERA ORIENTAL,GUADALUPE INFERIOR,-74.570635,4.183888,945626.373006,954107.810349,1242.6696,1371.35258065,,,36.00867316,21.1875,, ,36.00867316,,Liquid,993.32823224,2.50659017,154.52384113,0.53065459,21.1875,92.30668138,0.3250136,4.3117157,70.0,293.06519282,1.04021094,0.0
1478,GUAN0122,GUANDO-122,PRODUCTOR,TOLIMA,CORDILLERA ORIENTAL,GUADALUPE SUPERIOR,-74.570635,4.183888,945626.373006,954107.810349,1242.6696,342.83903226,,,36.00867316,21.1875,, ,36.00867316,,Liquid,993.32823224,0.62664916,154.52384113,0.53065459,21.1875,92.30668138,0.3250136,1.07793171,70.0,293.06519282,1.04021094,0.0
1479,GUAN0143,GUANDO-143,PRODUCTOR,TOLIMA,CORDILLERA ORIENTAL,GUADALUPE INFERIOR,-74.58242,4.172126,944317.004777,952807.994505,1178.9664,406.8108,,,35.65527902,21.58013,, ,35.65527902,,Liquid,991.84183965,0.74246558,171.14707442,0.58392564,21.58013,50.37213253,0.18047474,1.43023029,70.0,293.06519282,1.00716859,0.0
1480,GUAN0118,GUANDO-118,PRODUCTOR,TOLIMA,CORDILLERA ORIENTAL,GUADALUPE INFERIOR,-74.577993,4.177989,944808.999697,953456.001588,1169.5176,260.4183871,,,35.56484772,21.64649,, ,35.56484772,,Liquid,994.06535048,0.47635201,145.7276482,0.50218872,21.64649,90.68730988,0.31952372,0.5805483,70.0,293.06519282,0.99871326,0.0
1481,GUAN0118,GUANDO-118,PRODUCTOR,TOLIMA,CORDILLERA ORIENTAL,GUADALUPE SUPERIOR,-74.577993,4.177989,944808.999697,953456.001588,1169.5176,140.22580645,,,35.56484772,21.64649,, ,35.56484772,,Liquid,994.06535048,0.25649819,145.7276482,0.50218872,21.64649,90.68730988,0.31952372,0.31260409,70.0,293.06519282,0.99871326,0.0
1482,GUAN0117,GUANDO-117,PRODUCTOR,TOLIMA,CORDILLERA ORIENTAL,GUADALUPE INFERIOR,-74.582348,4.172479,944325.001938,952847.004027,1178.9664,554.01483871,,,35.53219688,21.54695,, ,35.53219688,,Liquid,994.11289115,1.01344113,145.14547469,0.50029784,21.54695,94.7124481,0.33315619,1.21811681,70.0,293.06519282,0.99566041,0.0
1483,GUAN0117,GUANDO-117,PRODUCTOR,TOLIMA,CORDILLERA ORIENTAL,GUADALUPE SUPERIOR,-74.582348,4.172479,944325.001938,952847.004027,1178.9664,61.55548387,,,35.53219688,21.54695,, ,35.53219688,,Liquid,994.11289115,0.11260142,145.14547469,0.50029784,21.54695,94.7124481,0.33315619,0.13534253,70.0,293.06519282,0.99566041,0.0
1484,GUAN0116,GUANDO-116,PRODUCTOR,TOLIMA,CORDILLERA ORIENTAL,GUADALUPE INFERIOR,-74.570516,4.183786,945639.50119,954096.500327,1242.6696,896.94516129,,,35.52109184,21.21515,, ,35.52109184,,Liquid,993.79566484,1.64022873,148.99479464,0.51278439,21.21515,90.80298217,0.3199161,2.37347626,70.0,293.06519282,0.99462209,0.0
1485,GUAN0103,GUANDO-103,PRODUCTOR,TOLIMA,CORDILLERA ORIENTAL,GUADALUPE INFERIOR,-74.577767,4.177718,944833.996749,953425.994982,1169.5176,977.9283871,,,35.32989984,21.62437,, ,35.32989984,,Liquid,992.63806367,1.78623832,162.40928983,0.55600919,21.62437,90.5253679,0.31897432,3.65763055,70.0,293.06519282,0.97674563,0.0
1486,GUAN0120,GUANDO-120,PRODUCTOR,TOLIMA,CORDILLERA ORIENTAL,GUADALUPE INFERIOR,-74.575509,4.18159,945085.003549,953854.001898,1169.8224,299.71935484,,,34.78319286,21.61884,, ,34.78319286,,Liquid,993.64037032,0.54800616,150.84988457,0.51878868,21.61884,88.88276251,0.31339756,0.79736398,70.0,293.06519282,0.92562853,0.0
1487,GUAN0120,GUANDO-120,PRODUCTOR,TOLIMA,CORDILLERA ORIENTAL,GUADALUPE SUPERIOR,-74.575509,4.18159,945085.003549,953854.001898,1169.8224,110.85387097,,,34.78319286,21.61884,, ,34.78319286,,Liquid,993.64037032,0.20268496,150.84988457,0.51878868,21.61884,88.88276251,0.31339756,0.29491216,70.0,293.06519282,0.92562853,0.0
1488,GUAN0121,GUANDO-121,PRODUCTOR,TOLIMA,CORDILLERA ORIENTAL,GUADALUPE INFERIOR,-74.586826,4.175971,943828.00183,953233.498331,992.124,190.6583871,,,34.7346793,23.23938,, ,34.7346793,,Liquid,993.42321604,0.34852316,153.41336962,0.52707162,23.23938,90.64104083,0.31936675,0.43285501,70.0,293.06519282,0.92109251,0.0
1489,GUAN0121,GUANDO-121,PRODUCTOR,TOLIMA,CORDILLERA ORIENTAL,GUADALUPE SUPERIOR,-74.586826,4.175971,943828.00183,953233.498331,992.124,127.10451613,,,34.7346793,23.23938,, ,34.7346793,,Liquid,993.42321604,0.23234681,153.41336962,0.52707162,23.23938,90.64104083,0.31936675,0.28856756,70.0,293.06519282,0.92109251,0.0
1490,GUAN0119,GUANDO-119,PRODUCTOR,TOLIMA,CORDILLERA ORIENTAL,GUADALUPE SUPERIOR,-74.5857,4.175561,943952.997652,953188.000497,998.8296,289.45354839,,,34.64391,22.58106,, ,34.64391,,Liquid,994.08192709,0.52947137,145.52487163,0.5015302,22.58106,97.46602907,0.34245656,0.55048388,70.0,293.06519282,0.91260558,0.0
1491,GUAN0119,GUANDO-119,PRODUCTOR,TOLIMA,CORDILLERA ORIENTAL,GUADALUPE INFERIOR,-74.5857,4.175561,943952.997652,953188.000497,998.8296,537.55806452,,,34.64391,22.58106,, ,34.64391,,Liquid,994.08192709,0.98330667,145.52487163,0.5015302,22.58106,97.46602907,0.34245656,1.02233001,70.0,293.06519282,0.91260558,0.0
1492,GUAN0101,GUANDO-101,PRODUCTOR,TOLIMA,CORDILLERA ORIENTAL,GUADALUPE INFERIOR,-74.575644,4.181626,945070.005419,953858.003478,1175.004,2466.06645161,,,34.51397284,21.61331,, ,34.51397284,,Liquid,994.58460937,4.51323487,139.26053715,0.48113561,21.61331,90.54850252,0.31905281,4.33398397,70.0,293.06519282,0.90045646,0.0
1493,GUAN0101,GUANDO-101,PRODUCTOR,TOLIMA,CORDILLERA ORIENTAL,GUADALUPE SUPERIOR,-74.575644,4.181626,945070.005419,953858.003478,1175.004,1056.88290323,,,34.51397284,21.61331,, ,34.51397284,,Liquid,992.46469317,1.93011579,164.34276699,0.56220258,21.61331,89.94699638,0.31701155,4.16756337,70.0,293.06519282,0.90045646,0.0
1494,STRA00022,STRATIGRAPHIC-2,TAPONADO Y ABANDONADO,CUNDINAMARCA,CORDILLERA ORIENTAL,,-74.464222,5.076881,957494.952741,1052853.05357,822.0,,,,33.8887417,23.50457,, ,33.8887417,,Liquid,922.40688517,0.0,606.9449185,1.78193218,23.50457,101.58182225,0.35631941,0.0,70.0,293.06519282,0.84199735,0.0
1495,10049,GUANDO-29,TAPONADO Y ABANDONADO,TOLIMA,CORDILLERA ORIENTAL,,-74.570639,4.184118,945625.878121,954133.256377,1690.0,,,,33.67902912,21.16538,, ,33.67902912,,Liquid,939.5743557,0.0,522.23648302,1.57443872,21.16538,99.29217639,0.34861308,0.0,70.0,293.06519282,0.82238922,0.0
1496,GUAN0115,GUANDO-115,PRODUCTOR,TOLIMA,CORDILLERA ORIENTAL,GUADALUPE INFERIOR,-74.584256,4.170407,944113.000649,952617.994707,1151.5344,859.40451613,,,33.46247572,21.54695,, ,33.46247572,,Liquid,993.79566484,1.57157878,148.99479464,0.51278439,21.54695,90.80298217,0.3199161,2.1735659,70.0,293.06519282,0.80214148,0.0
1497,STRA00033,STRATIGRAPHIC-3,TAPONADO Y ABANDONADO,CUNDINAMARCA,CORDILLERA ORIENTAL,,-74.330419,5.247447,972339.969971,1071708.003,1203.96,,,,33.3915019,22.70825,, ,33.3915019,,Liquid,951.43840169,0.0,458.68807815,1.41171111,22.70825,105.9525997,0.37099092,0.0,70.0,293.06519282,0.79550543,0.0
1498,GUAN0107,GUANDO-107,PRODUCTOR,TOLIMA,CORDILLERA ORIENTAL,GUADALUPE INFERIOR,-74.582429,4.172443,944316.005544,952842.995498,1179.2712,242.75967742,,,33.23597308,21.58566,, ,33.23597308,,Liquid,993.56533416,0.4438277,151.73963598,0.52166544,21.58566,88.67453818,0.31269009,0.66749748,70.0,293.06519282,0.78096348,0.0
1499,GUAN0100,GUANDO-100,PRODUCTOR,TOLIMA,CORDILLERA ORIENTAL,GUADALUPE INFERIOR,-74.584664,4.170409,944067.753885,952618.244797,1151.8392,789.90032258,,,32.43679619,21.72944,, ,32.43679619,,Liquid,993.28439042,1.44373447,155.03424481,0.5323004,21.72944,90.5253679,0.31897432,2.36108524,70.0,293.06519282,0.70624044,0.0
1500,VILA0001,VILLARRICA-1,TAPONADO Y ABANDONADO,TOLIMA,CORDILLERA ORIENTAL,,-74.594978,3.951175,942907.108107,928374.87041,1362.0,,,,30.43429974,20.65109,, ,30.43429974,,Liquid,940.84963871,0.0,515.62884978,1.55781119,20.65109,103.01567317,0.36113814,0.0,70.0,293.06519282,0.51900703,0.0
1501,CRRL0005,CORRALES 5,PRODUCTOR,BOYACA,COORDILLERA ORIENTAL,MONSERRATE,-72.901063,5.788107,1130307.0,1131940.0,,40.65,3600,83,,,,"248,21081372",28.33333333,,Subcooled liquid,1006.918752,0.07531759,141.30939063,0.4062923,25.0,104.82922231,0.36722497,1.87074607,70.0,293.06519282,0.32256667,0.0
1502,CRRL0006,CORRALES 6,PRODUCTOR,BOYACA,COORDILLERA ORIENTAL,MONSERRATE,-72.870568,5.806811,1133680.9,1134016.0,,116.60806452,3600,82,,,,"248,21081372",27.77777778,,Subcooled liquid,1007.09104271,0.21609203,139.0220747,0.39869842,25.0,104.82922231,0.36722497,5.36205613,70.0,293.06519282,0.27062222,0.0
1503,CRRL0001D,CORRALES 1D,PRODUCTOR,CORDOBA,COORDILLERA ORIENTAL,MONSERRATE,-72.868994,5.806016,1133851.25,1133927.375,,111.56129032,3600,80,,,,"248,21081372",26.66666667,,Subcooled liquid,1007.42846897,0.20680888,134.44786759,0.38346995,25.0,104.82922231,0.36722497,5.1242362,70.0,293.06519282,0.16673333,0.0
1504,BOLI0001,BOLIVAR-1,PRODUCTOR,BOYACA,CORDILLERA ORIENTAL,LA LUNA,-72.856186,5.773514,1135664.97234,1130023.8628,2543.2512,151.38709677,,,16.96910678,13.96532,, ,16.96910678,,Liquid,998.73729861,0.27821565,71.22785874,0.25298369,13.96532,58.6466738,0.20939319,0.02009401,70.0,293.06519282,-0.73998852,0.0
1505,9455,ATADERO-1,TAPONADO Y ABANDONADO,CUNDINAMARCA,CORDILLERA ORIENTAL,,-74.336553,4.211595,971617.839364,957159.42024,2855.3664,,,,12.27806374,12.25655,, ,12.27806374,,Liquid,999.42094257,0.0,51.57516393,0.1846916,12.25655,51.48497314,0.18437561,0.0,70.0,293.06519282,-1.17860104,0.0
1506,COPO0001,COPORO-1,TAPONADO Y ABANDONADO,CUNDINAMARCA,LLANOS ORIENTALES,,-73.275469,4.446083,1089400.45156,983133.620402,637.9464,,,,170.35527706,24.59951,, ,170.35527706,,Liquid,897.08749072,0.0,720.63941196,2.04514799,24.59951,103.15443023,0.36160416,0.0,70.0,293.06519282,13.60161841,0.0
1507,CUPI0030XC,CUPIAGUA XC-30,TAPONADO Y ABANDONADO,CASANARE,LLANOS ORIENTALES,,-72.652694,5.185333,1158365.18186,1065012.06359,429.1584,,,,153.81423336,25.7221,, ,153.81423336,,Liquid,913.41329711,0.0,648.65810931,1.88043984,25.7221,107.8487787,0.3773399,0.0,70.0,293.06519282,12.05503082,0.0
1508,9512,CUPIAGUA SUR XL-4,PRODUCTOR,CASANARE,LLANOS ORIENTALES,MIRADOR,-72.687981,5.111747,1154469.54128,1056863.5259,518.4648,95.1283871,,,151.49619835,25.23546,, ,151.49619835,,Liquid,915.60525698,0.1602728,638.63857699,1.85698942,25.23546,105.81385177,0.37052598,14.34579696,70.0,293.06519282,11.83829455,6.55675964
1509,9512,CUPIAGUA SUR XL-4,TAPONADO Y ABANDONADO,CASANARE,LLANOS ORIENTALES,,-72.687981,5.111747,1154469.54128,1056863.5259,518.4648,,,,151.49619835,25.23546,, ,151.49619835,,Liquid,915.60525698,0.0,638.63857699,1.85698942,25.23546,105.81385177,0.37052598,0.0,70.0,293.06519282,11.83829455,0.0
1510,TAMA0001AX,TAMARA A-1X,TAPONADO Y ABANDONADO,CASANARE,LLANOS ORIENTALES,,-71.955173,5.902668,1235452.93488,1144610.06489,352.044,,,,150.78883076,26.13685,, ,150.78883076,,Liquid,916.26952229,0.0,635.58407075,1.84981417,26.13685,109.58302169,0.38313822,0.0,70.0,293.06519282,11.77215568,0.0
1511,TOCO0001,TOCORAGUA-1,TAPONADO Y ABANDONADO,ARAUCA,LLANOS ORIENTALES,,-71.8048,6.2774,1251943.6959,1186146.2648,511.7592,,,,149.36328123,25.25758,, ,149.36328123,,Liquid,917.60164709,0.0,629.43258848,1.83532638,25.25758,105.90635044,0.37083595,0.0,70.0,293.06519282,11.6388668,0.0
1512,CUSI0024TS,CUSIANA TS-24,TAPONADO Y ABANDONADO,CASANARE,LLANOS ORIENTALES,,-72.6679,5.0785,1156707.955,1053194.019,474.2688,,,,148.57928055,25.47325,, ,148.57928055,,Liquid,918.33053505,0.0,626.05187229,1.82734276,25.47325,106.80820242,0.37385693,0.0,70.0,293.06519282,11.56556273,0.0
1513,CUSI0025MZ,CUSIANA M-25Z,TAPONADO Y ABANDONADO,CASANARE,LLANOS ORIENTALES,,-72.654475,5.059911,1158198.55087,1051137.6246,548.64,,,,147.92871026,25.06956,, ,147.92871026,,Liquid,918.93336418,0.0,623.24778944,1.82070927,25.06956,105.12010556,0.36820044,0.0,70.0,293.06519282,11.50473441,0.0
1514,BUEO0018W,BUENOS AIRES W-18,TAPONADO Y ABANDONADO,CASANARE,LLANOS ORIENTALES,,-72.734,4.9942,1149390.9707,1043851.1169,441.6552,,,,146.37827895,25.65021,, ,146.37827895,,Liquid,920.36268646,0.0,616.56968923,1.80486864,25.65021,107.54817017,0.37633401,0.0,70.0,293.06519282,11.35976908,0.0
1515,SURI0012,SURIA-12,TAPONADO Y ABANDONADO,META,LLANOS ORIENTALES,,-73.446788,4.038249,1070421.01433,938013.419564,297.4848,,,,143.49270778,26.43547,, ,143.49270778,,Liquid,922.99540655,0.0,604.15749258,1.77526597,26.43547,110.83163892,0.38730792,0.0,70.0,293.06519282,11.08996818,0.0
1516,FORA0001A,FORTALEZA-1A,TAPONADO Y ABANDONADO,CASANARE,LLANOS ORIENTALES,,-72.699653,4.792331,1153248.44615,1021528.21929,218.8464,,,,142.86713372,26.8834,, ,142.86713372,,Liquid,923.56146215,0.0,601.46940073,1.76882722,26.8834,112.70450854,0.39355448,0.0,70.0,293.06519282,11.031477,0.0
1517,VANG0001,VANGUARDIA-1,TAPONADO Y ABANDONADO,META,LLANOS ORIENTALES,,-73.492986,4.225261,1065275.18661,958690.65297,391.9728,,,,141.63722647,26.04837,, ,141.63722647,,Liquid,924.66947524,0.0,596.18732879,1.75614614,26.04837,109.21305505,0.38190194,0.0,70.0,293.06519282,10.91648068,0.0
1518,ARAU0001,ARAUCA-1,TAPONADO Y ABANDONADO,ARAUCA,LLANOS ORIENTALES,,-71.856931,6.954928,1245833.43891,1261107.57257,204.216,,,,141.04893676,26.98294,, ,141.04893676,,Liquid,925.1971755,0.0,593.66212155,1.75007004,26.98294,113.12069298,0.3949413,0.0,70.0,293.06519282,10.86147559,0.0
1519,CUPI0034XU,CUPIAGUA XU-34,TAPONADO Y ABANDONADO,CASANARE,LLANOS ORIENTALES,,-72.670333,5.162969,1156414.43279,1062533.83852,453.8472,,,,140.52783109,25.57832,, ,140.52783109,,Liquid,925.66337684,0.0,591.42600182,1.74468215,25.57832,107.2475597,0.37532788,0.0,70.0,293.06519282,10.81275221,0.0
1520,GUAC0001,GUACAVIA-1,TAPONADO Y ABANDONADO,META,LLANOS ORIENTALES,,-73.350872,4.259585,1081050.57678,962499.922713,318.516,,,,140.3061236,26.61243,, ,140.3061236,,Liquid,925.86137344,0.0,590.47483039,1.74238821,26.61243,111.57154592,0.38977684,0.0,70.0,293.06519282,10.79202256,0.0
1521,LMAR0001,LA MARIA-1,TAPONADO Y ABANDONADO,CASANARE,LLANOS ORIENTALES,,-72.51437,5.074973,1173736.4396,1052839.60508,232.5624,,,,138.13298285,26.80598,, ,138.13298285,,Liquid,927.7910011,0.0,581.15780231,1.71985143,26.80598,112.38080736,0.39247551,0.0,70.0,293.06519282,10.5888339,0.0
1522,TBLA0001D,TIERRA BLANCA-1D,TAPONADO Y ABANDONADO,CASANARE,LLANOS ORIENTALES,,-72.1038,5.3686,1219182.164,1085450.4226,195.3768,,,,137.7539543,26.994,, ,137.7539543,,Liquid,928.12549448,0.0,579.53390871,1.71591094,26.994,113.1669355,0.39509537,0.0,70.0,293.06519282,10.55339473,0.0
1523,BUEO0013G,BUENOS AIRES G-13,TAPONADO Y ABANDONADO,CASANARE,LLANOS ORIENTALES,,-72.711456,4.982228,1151895.91887,1042531.05567,354.1776,,,,137.58158617,26.14791,, ,137.58158617,,Liquid,928.27740707,0.0,578.79553229,1.71411799,26.14791,109.62926732,0.38329273,0.0,70.0,293.06519282,10.53727831,0.0
1524,LLNS0001,LLANOS-1,TAPONADO Y ABANDONADO,META,LLANOS ORIENTALES,,-73.3824,4.1469,1077565.008,950032.744,271.8816,,,,134.80124019,26.58478,, ,134.80124019,,Liquid,930.71030397,0.0,566.89467775,1.68511319,26.58478,111.45593614,0.38939117,0.0,70.0,293.06519282,10.27731596,0.0
1525,APIA0008,APIAY-8,PRODUCTOR,META,LLANOS ORIENTALES,GUADALUPE (K2),-73.390367,4.072806,1076683.74435,941840.069596,287.4264,680.7375,,,133.17798934,26.48524,, ,133.17798934,,Liquid,932.11547298,1.16759121,559.95456367,1.66810523,26.48524,111.03973882,0.38800245,76.52735861,70.0,293.06519282,10.125542,31.55297951
1526,TOCR0002D,TOCARIA-2D,TAPONADO Y ABANDONADO,CASANARE,LLANOS ORIENTALES,,-72.165642,5.367439,1212326.33225,1085303.83755,202.3872,,,,132.0161395,26.96082,, ,132.0161395,,Liquid,933.11433477,0.0,554.99064958,1.65589763,26.96082,113.02820782,0.39463316,0.0,70.0,293.06519282,10.01690904,0.0
1527,GAVA0002,GAVAN-2,PRODUCTOR,META,LLANOS ORIENTALES,FORMACION SAN FERNANDO,-73.369479,4.107238,1079000.00039,945649.996517,269.0,79.63806452,,,131.87001274,26.60137,, ,131.87001274,,Liquid,933.23955507,0.13675879,554.36653831,1.65436025,26.60137,111.52530203,0.38962257,8.74218228,70.0,293.06519282,10.00324619,3.5746857
1528,MORI0002,MORICHAL-2,TAPONADO Y ABANDONADO,CASANARE,LLANOS ORIENTALES,,-72.287547,5.271947,1198838.11174,1074697.81963,223.4184,,,,131.22791045,26.85022,, ,131.22791045,,Liquid,933.78871256,0.0,551.62463733,1.64759935,26.85022,112.5657797,0.3930921,0.0,70.0,293.06519282,9.94320963,0.0
1529,LACA0001,LA CABANA-1,TAPONADO Y ABANDONADO,CASANARE,LLANOS ORIENTALES,,-72.457811,5.050506,1180017.45455,1050148.33002,198.12,,,,131.0632461,26.89446,, ,131.0632461,,Liquid,933.92925844,0.0,550.92162844,1.64586412,26.89446,112.75075141,0.39370859,0.0,70.0,293.06519282,9.92781351,0.0
1530,ARAU0003,ARAUCA-3,TAPONADO Y ABANDONADO,ARAUCA,LLANOS ORIENTALES,,-71.820089,6.984136,1249892.38421,1264359.55176,193.548,,,,130.64195013,27.06589,, ,130.64195013,,Liquid,934.28832065,0.0,549.12322872,1.64142188,27.06589,113.46751096,0.39609663,0.0,70.0,293.06519282,9.88842234,0.0
1531,LTOT0001,LA TOTUMA-1,TAPONADO Y ABANDONADO,CASANARE,LLANOS ORIENTALES,,-72.194317,5.341678,1209155.05413,1082443.64003,207.8736,,,,128.58656453,26.9387,, ,128.58656453,,Liquid,936.02922801,0.0,540.35458652,1.6196944,26.9387,112.9357225,0.39432499,0.0,70.0,293.06519282,9.69624378,0.0
1532,TAME0002,TAME-2,TAPONADO Y ABANDONADO,ARAUCA,LLANOS ORIENTALES,,-71.758285,6.572944,1256945.13994,1218882.05516,327.0504,,,,127.93899225,26.29722,, ,127.93899225,,Liquid,936.57398521,0.0,537.59370308,1.61282983,26.29722,110.25357921,0.38537803,0.0,70.0,293.06519282,9.63569578,0.0
1533,CHGR0001,CHIGUIRO-1,TAPONADO Y ABANDONADO,ARAUCA,LLANOS ORIENTALES,,-70.917686,6.568247,1350021.51103,1218872.32166,122.5296,,,,127.59992318,27.40322,, ,127.59992318,,Liquid,936.85850594,0.0,536.14843755,1.60923187,27.40322,114.87788239,0.40079161,0.0,70.0,293.06519282,9.60399282,0.0
1534,APIA0007,APIAY-7,PRODUCTOR,META,LLANOS ORIENTALES,FORMACION SAN FERNANDO,-73.387022,4.07665,1077054.79421,942265.537401,284.6832,22.35612903,,,127.46793898,26.53501,, ,127.46793898,,Liquid,936.96912416,0.03854458,535.58592298,1.60783066,26.53501,111.24783789,0.38869687,2.28048363,70.0,293.06519282,9.59165229,0.89661419
1535,CASA0001,CASANARE-1,TAPONADO Y ABANDONADO,CASANARE,LLANOS ORIENTALES,,-71.708414,6.140036,1262685.06914,1170992.71719,226.1616,,,,127.43573524,27.01612,, ,127.43573524,,Liquid,936.99610337,0.0,535.44867638,1.60748871,27.01612,113.25942043,0.39540347,0.0,70.0,293.06519282,9.58864125,0.0
1536,MORI0001,MORICHAL-1,TAPONADO Y ABANDONADO,CASANARE,LLANOS ORIENTALES,,-72.277867,5.272447,1199911.61748,1074756.23638,220.98,,,,127.41251575,26.86681,, ,127.41251575,,Liquid,937.01555313,0.0,535.34972033,1.60724214,26.86681,112.63514416,0.39332329,0.0,70.0,293.06519282,9.58647022,0.0
1537,TIBL0001,TIERRA BLANCA SUR-1,TAPONADO Y ABANDONADO,CASANARE,LLANOS ORIENTALES,,-72.203042,5.194156,1208236.56179,1066118.27855,198.4248,,,,126.67774749,26.99953,, ,126.67774749,,Liquid,937.62984034,0.0,532.21885772,1.59943353,26.99953,113.19005675,0.3951724,0.0,70.0,293.06519282,9.51776939,0.0
1538,APIA0015,APIAY-15,PRODUCTOR,META,LLANOS ORIENTALES,GUADALUPE (K1),-73.3776,4.0892,1078099.6306,943650.6589,281.0256,354.43032258,,,125.63493233,26.51842,, ,125.63493233,,Liquid,938.49770104,0.61207622,527.77720897,1.58833059,26.51842,111.17847163,0.38846541,35.02117353,70.0,293.06519282,9.42026617,13.53330927
1539,APIA0015,APIAY-15,PRODUCTOR,META,LLANOS ORIENTALES,FORMACION SAN FERNANDO,-73.3776,4.0892,1078099.6306,943650.6589,281.0256,118.14258065,,,125.63493233,26.51842,, ,125.63493233,,Liquid,938.49770104,0.20402392,527.77720897,1.58833059,26.51842,111.17847163,0.38846541,11.67363951,70.0,293.06519282,9.42026617,4.51107024
1540,APIA0006,APIAY-6,PRODUCTOR,META,LLANOS ORIENTALES,FORMACION SAN FERNANDO,-73.387667,4.089775,1076981.97048,943716.959037,285.5976,207.67419355,,,125.44683122,26.52395,, ,125.44683122,,Liquid,938.65374896,0.35869835,526.97625591,1.58632528,26.52395,111.20159373,0.38854256,20.44941187,70.0,293.06519282,9.40267872,7.88917767
1541,GUAT0002,GUATIQUIA-2,PRODUCTOR,META,LLANOS ORIENTALES,FORMACION SAN FERNANDO,-73.373825,4.105078,1078517.6065,945410.628743,270.6624,996.128,,,125.19511021,26.58478,, ,125.19511021,,Liquid,938.86233879,1.72091132,525.90450906,1.58364047,26.58478,111.45593614,0.38939117,97.52345335,70.0,293.06519282,9.37914281,37.58183271
1542,ARAQ0001,ARAUQUITA-1,TAPONADO Y ABANDONADO,ARAUCA,LLANOS ORIENTALES,,-71.423997,6.912975,1293745.55562,1256710.19366,153.0096,,,,124.78049304,27.24285,, ,124.78049304,,Liquid,939.20532197,0.0,524.1394662,1.57921515,27.24285,114.20738223,0.39856025,0.0,70.0,293.06519282,9.3403761,0.0
1543,ANAC0001,ANACONDA-1,TAPONADO Y ABANDONADO,META,LLANOS ORIENTALES,,-73.706975,4.136439,1041521.25293,948853.667113,1110.6912,,,,124.36371697,21.9617,, ,124.36371697,,Liquid,939.54934913,0.0,522.36556119,1.57476288,21.9617,92.12161473,0.32438657,0.0,70.0,293.06519282,9.30140754,0.0
1544,RVER0001,RIO VERDE-1,TAPONADO Y ABANDONADO,CASANARE,LLANOS ORIENTALES,,-72.158149,5.097761,1213248.64518,1055467.55592,186.5376,,,,123.54529149,27.05483,, ,123.54529149,,Liquid,940.22275137,0.0,518.88308357,1.56600846,27.05483,113.42126869,0.39594261,0.0,70.0,293.06519282,9.22488475,0.0
1545,CAPA0001,CAPACHOS-1,TAPONADO Y ABANDONADO,ARAUCA,LLANOS ORIENTALES,,-71.758277,6.572916,1256946.03951,1218879.02666,328.8792,,,,123.48129837,26.29722,, ,123.48129837,,Liquid,940.27528401,0.0,518.61083947,1.56532331,26.29722,110.25357921,0.38537803,0.0,70.0,293.06519282,9.2189014,0.0
1546,LETI0001,LETICIA-1,TAPONADO Y ABANDONADO,CASANARE,LLANOS ORIENTALES,,-72.60674,4.965531,1163517.18357,1040709.10574,232.5624,,,,123.36266627,26.81704,, ,123.36266627,,Liquid,940.37262392,0.0,518.10616643,1.5640529,26.81704,112.4270505,0.39262966,0.0,70.0,293.06519282,9.2078093,0.0
1547,TAUR0001,TAURAMENA-1,TAPONADO Y ABANDONADO,CASANARE,LLANOS ORIENTALES,,-72.707719,4.981744,1152310.51514,1042478.44591,350.8248,,,,123.04228346,26.15344,, ,123.04228346,,Liquid,940.63520249,0.0,516.74335542,1.56062039,26.15344,109.65239012,0.38336999,0.0,70.0,293.06519282,9.1778535,0.0
1548,PORE0001,PORE-1,TAPONADO Y ABANDONADO,CASANARE,LLANOS ORIENTALES,,-71.959514,5.766246,1235028.78943,1129511.5293,288.9504,,,,122.37253266,26.4963,, ,122.37253266,,Liquid,941.18269241,0.0,513.89504899,1.55343724,26.4963,111.08598313,0.38815678,0.0,70.0,293.06519282,9.1152318,0.0
1549,TAUR0002X,TAURAMENA-2X,TAPONADO Y ABANDONADO,CASANARE,LLANOS ORIENTALES,,-72.724689,4.989822,1150426.12528,1043368.07415,432.5112,,,,122.22771119,25.78293,, ,122.22771119,,Liquid,941.30082395,0.0,513.27926215,1.55188265,25.78293,108.10313826,0.37819083,0.0,70.0,293.06519282,9.101691,0.0
1550,CHAP0001,CHAPARRAL-1,TAPONADO Y ABANDONADO,META,LLANOS ORIENTALES,,-73.050886,4.610717,1114304.55045,1001373.06531,377.952,,,,121.58923603,25.99307,, ,121.58923603,,Liquid,941.82055685,0.0,510.56489293,1.54502319,25.99307,108.98182448,0.38112907,0.0,70.0,293.06519282,9.04199357,0.0
1551,APIA0009,APIAY-9,PRODUCTOR,META,LLANOS ORIENTALES,FORMACION SAN FERNANDO,-73.382447,4.077542,1077562.77282,942364.588772,276.4536,412.67516129,,,120.71366162,26.55713,, ,120.71366162,,Liquid,942.53044422,0.71572328,506.8437272,1.5356011,26.55713,111.3403261,0.38900546,37.2408716,70.0,293.06519282,8.96012736,13.70955696
1552,QUEN0001,QUENANE-1 (1127-1X),TAPONADO Y ABANDONADO,META,LLANOS ORIENTALES,,-73.476344,4.048622,1067137.77328,939158.030298,313.944,,,,120.43383718,26.34146,, ,120.43383718,,Liquid,942.75662126,0.0,505.65476903,1.53258614,26.34146,110.43855903,0.3859957,0.0,70.0,293.06519282,8.93396378,0.0
1553,9371,CUPIAGUA XH-38,PRODUCTOR,CASANARE,LLANOS ORIENTALES,BARCO,-72.652453,5.205978,1158386.81966,1067295.791,542.8488,47.70774194,,,120.12153204,25.04191,, ,120.12153204,,Liquid,943.00865375,0.08278392,504.32796534,1.52921906,25.04191,105.00448012,0.36781272,4.40209441,70.0,293.06519282,8.90476325,1.55736825
1554,9371,CUPIAGUA XH-38,PRODUCTOR,CASANARE,LLANOS ORIENTALES,GUADALUPE,-72.652453,5.205978,1158386.81966,1067295.791,542.8488,250.65677419,,,120.12153204,25.04191,, ,120.12153204,,Liquid,943.00865375,0.43494721,504.32796534,1.52921906,25.04191,105.00448012,0.36781272,23.12863153,70.0,293.06519282,8.90476325,8.18242253
1555,CUPI0012KY,CUPIAGUA K-12Y,TAPONADO Y ABANDONADO,CASANARE,LLANOS ORIENTALES,,-72.668772,5.157047,1156589.02456,1061879.12182,494.6904,,,,119.94285153,25.68339,, ,119.94285153,,Liquid,943.15266127,0.0,503.5689324,1.52729161,25.68339,107.68691281,0.3767983,0.0,70.0,293.06519282,8.88805662,0.0
1556,BUEO0035WA,BUENOS AIRES WA-35,TAPONADO Y ABANDONADO,CASANARE,LLANOS ORIENTALES,,-72.732658,5.002922,1149539.06622,1044815.30628,479.7552,,,,119.91811846,25.4456,, ,119.91811846,,Liquid,943.17258404,0.0,503.463871,1.52702475,25.4456,106.69258138,0.37346975,0.0,70.0,293.06519282,8.88574408,0.0
1557,AUST0001R,AUSTRAL-1R,PRODUCTOR,META,LLANOS ORIENTALES,FORMACION SAN FERNANDO,-73.458226,4.022296,1069152.08134,936248.180761,299.3136,511.16230769,,,119.89073847,26.42441,, ,119.89073847,,Liquid,943.19463586,0.88715922,503.34756721,1.52672931,26.42441,110.78539438,0.38715356,45.55152297,70.0,293.06519282,8.88318405,16.57193045
1558,CUER0001,CUERDAS-1,TAPONADO Y ABANDONADO,CASANARE,LLANOS ORIENTALES,,-72.440658,4.842644,1181977.1511,1027157.68183,199.9488,,,,119.52224249,27.0493,, ,119.52224249,,Liquid,943.49110788,0.0,501.78240991,1.52275148,27.0493,113.39814754,0.39586559,0.0,70.0,293.06519282,8.84872967,0.0
1559,METI0001,METICA-1,TAPONADO Y ABANDONADO,META,LLANOS ORIENTALES,,-72.846336,4.270817,1137069.80159,963813.576308,167.0304,,,,118.74635014,27.16543,, ,118.74635014,,Liquid,944.11343445,0.0,498.48763886,1.51436543,27.16543,113.88368973,0.3974826,0.0,70.0,293.06519282,8.77618374,0.0
1560,FORU0001,FORTUL-1,TAPONADO Y ABANDONADO,ARAUCA,LLANOS ORIENTALES,,-71.799453,6.847492,1252247.04395,1249247.10885,219.7608,,,,117.15959171,26.89999,, ,117.15959171,,Liquid,945.37804314,0.0,491.75278431,1.49717088,26.89999,112.77387283,0.39378565,0.0,70.0,293.06519282,8.62782182,0.0
1561,CUSI0023TS,CUSIANA TS-23,TAPONADO Y ABANDONADO,CASANARE,LLANOS ORIENTALES,,-72.667958,5.078356,1156698.44635,1053174.64011,474.2688,,,,117.06608783,25.46772,, ,117.06608783,,Liquid,945.45222373,0.0,491.35604776,1.49615577,25.46772,106.78507823,0.3737795,0.0,70.0,293.06519282,8.61907921,0.0
1562,CUSI0008V,CUSIANA V-8,TAPONADO Y ABANDONADO,CASANARE,LLANOS ORIENTALES,,-72.691,5.0319,1154156.673,1048028.514,323.088,,,,116.83012237,26.31381,, ,116.83012237,,Liquid,945.63925681,0.0,490.35491203,1.49359312,26.31381,110.32294672,0.38560967,0.0,70.0,293.06519282,8.59701644,0.0
1563,LIBN0002,LIBERTAD NORTE-2,PRODUCTOR,META,LLANOS ORIENTALES,GUADALUPE (K1),-73.477386,4.081825,1067019.34623,942829.748757,320.9544,84.96354839,,,116.74207925,26.30828,, ,116.74207925,,Liquid,945.70898057,0.14785349,489.98139328,1.4926366,26.30828,110.29982423,0.38553246,7.14370882,70.0,293.06519282,8.58878441,2.50060289
1564,APIA0002,APIAY-2,TAPONADO Y ABANDONADO,META,LLANOS ORIENTALES,,-73.404619,4.08195,1075100.09773,942849.996784,274.32,,,,116.62074907,26.50736,, ,116.62074907,,Liquid,945.80501022,0.0,489.46667686,1.49131814,26.50736,111.1322274,0.3883111,0.0,70.0,293.06519282,8.57744004,0.0
1565,LIBN0003,LIBERTAD NORTE-3,PRODUCTOR,META,LLANOS ORIENTALES,GUADALUPE (K1),-73.477186,4.078283,1067041.84979,942438.098581,320.6496,1641.2083871,,,116.26378368,26.31381,, ,116.26378368,,Liquid,946.08716898,2.85717147,487.95247123,1.48743705,26.31381,110.32294672,0.38560967,136.67957453,70.0,293.06519282,8.54406377,47.57560039
1566,CUSI0011R,CUSIANA R-11,TAPONADO Y ABANDONADO,CASANARE,LLANOS ORIENTALES,,-72.691386,5.051481,1154106.13846,1050196.19735,374.2944,,,,116.17840267,26.19768,, ,116.17840267,,Liquid,946.15457544,0.0,487.59032602,1.4865083,26.19768,109.83737215,0.38398795,0.0,70.0,293.06519282,8.53608065,0.0
1567,LIBE0002,LIBERTAD-2,PRODUCTOR,META,LLANOS ORIENTALES,FORMACION SAN FERNANDO,-73.469678,4.069861,1067876.35311,941507.338317,317.9064,1487.26516129,,,115.98846662,26.33593,, ,115.98846662,,Liquid,946.30441242,2.58976702,486.78475152,1.48444158,26.33593,110.41543659,0.38591849,123.12240476,70.0,293.06519282,8.51832163,42.73544201
1568,TOGO0001,TOGO-1,TAPONADO Y ABANDONADO,META,LLANOS ORIENTALES,,-73.484217,4.068942,1066261.86639,941404.456597,324.0024,,,,115.85261768,26.26957,, ,115.85261768,,Liquid,946.41148509,0.0,486.20861254,1.48296286,26.26957,110.13796648,0.38499195,0.0,70.0,293.06519282,8.50561975,0.0
1569,DINO0001,DINO-1,TAPONADO Y ABANDONADO,META,LLANOS ORIENTALES,,-73.429153,4.052153,1072378.3028,939552.529813,290.7792,,,,115.48141481,26.47971,, ,115.48141481,,Liquid,946.70364924,0.0,484.6344847,1.47892002,26.47971,111.01661665,0.38792529,0.0,70.0,293.06519282,8.47091228,0.0
1570,CENT0001N,CENTAURO NORTE-1,TAPONADO Y ABANDONADO,CASANARE,LLANOS ORIENTALES,,-72.2064,4.974,1207936.2235,1041757.2939,190.8048,,,,115.41746692,27.09354,, ,115.41746692,,Liquid,946.75392055,0.0,484.36332904,1.47822321,27.09354,113.58311648,0.39648167,0.0,70.0,293.06519282,8.46493316,0.0
1571,SURI0003,SURIA-3,PRODUCTOR,META,LLANOS ORIENTALES,GUADALUPE (K1),-73.443958,4.038011,1070735.31274,937987.323053,296.2656,584.51354839,,,114.60982801,26.44653,, ,114.60982801,,Liquid,947.38729952,1.01897509,480.93929821,1.46941423,26.44653,110.87788341,0.38746227,46.9489238,70.0,293.06519282,8.38941892,16.06062243
1572,SANI0012,SANTIAGO-12,TAPONADO Y ABANDONADO,CASANARE,LLANOS ORIENTALES,,-72.336664,4.728769,1193550.16505,1014588.0047,170.0,,,,114.53205264,27.12119,, ,114.53205264,,Liquid,947.44814398,0.0,480.60962038,1.46856509,27.12119,113.69872177,0.39686667,0.0,70.0,293.06519282,8.38214692,0.0
1573,9446,SURIA-7,PRODUCTOR,META,LLANOS ORIENTALES,FORMACION SAN FERNANDO,-73.438868,4.045085,1071300.0379,938770.022252,296.8752,577.62741935,,,114.0321254,26.46312,, ,114.0321254,,Liquid,947.8386135,1.00745028,478.49073563,1.46310341,26.46312,110.94725008,0.38769378,45.83693583,70.0,293.06519282,8.33540373,15.57111893
1574,LMAM0001,LAS MARACAS-1,TAPONADO Y ABANDONADO,CASANARE,LLANOS ORIENTALES,,-71.974783,5.379869,1233489.05179,1086748.90292,185.928,,,,113.87576156,27.06589,, ,113.87576156,,Liquid,947.96051843,0.0,477.82808661,1.46139389,27.06589,113.46751096,0.39609663,0.0,70.0,293.06519282,8.32078371,0.0
1575,LGLO0002,LA GLORIA-2,TAPONADO Y ABANDONADO,CASANARE,LLANOS ORIENTALES,,-72.358225,5.031344,1191071.28056,1048056.86285,202.0824,,,,113.69296452,26.98847,, ,113.69296452,,Liquid,948.10289621,0.0,477.05346609,1.4593946,26.98847,113.14381424,0.39501834,0.0,70.0,293.06519282,8.30369218,0.0
1576,BUBN0001,BUENAVISTA-1,TAPONADO Y ABANDONADO,CASANARE,LLANOS ORIENTALES,,-72.795672,4.822244,1142587.22793,1024816.29488,266.0904,,,,113.5837878,26.62902,, ,113.5837878,,Liquid,948.18786277,0.0,476.59084406,1.45820013,26.62902,111.64091166,0.39000822,0.0,70.0,293.06519282,8.29348416,0.0
1577,POMP0001,POMPEYA-1,PRODUCTOR,META,LLANOS ORIENTALES,GUADALUPE (K1),-73.457567,4.027192,1069224.93288,936789.661963,301.1424,1154.97774194,,,113.48416035,26.39123,, ,113.48416035,,Liquid,948.26535228,2.01532421,476.16870212,1.45710987,26.39123,110.64666052,0.38669045,90.78603376,70.0,293.06519282,8.28416899,30.56965521
1578,MATE0001,MATEPALMA-1,TAPONADO Y ABANDONADO,CASANARE,LLANOS ORIENTALES,,-71.769406,5.2447,1256325.1118,1071871.52581,167.0304,,,,113.4799873,27.17096,, ,113.4799873,,Liquid,948.26859711,0.0,476.15102036,1.4570642,27.17096,113.90681068,0.39755958,0.0,70.0,293.06519282,8.28377881,0.0
1579,MACR0001,MACARENAS-1,TAPONADO Y ABANDONADO,ARAUCA,LLANOS ORIENTALES,,-72.0703,5.1624,1222969.736,1062651.848,179.832,,,,112.90605439,27.09907,, ,112.90605439,,Liquid,948.71414415,0.0,473.71945463,1.45077863,27.09907,113.60623756,0.39655867,0.0,70.0,293.06519282,8.23011609,0.0
1580,CUMA0001AX,CUMARAL-1AX,TAPONADO Y ABANDONADO,CUNDINAMARCA,LLANOS ORIENTALES,,-73.282685,4.426704,1088601.7826,980989.528764,698.6016,,,,112.07090735,24.21241,, ,112.07090735,,Liquid,949.35990273,0.0,470.18212133,1.44161773,24.21241,101.53556813,0.35616387,0.0,70.0,293.06519282,8.15202984,0.0
1581,CHCA0001,CHINCA-1,TAPONADO Y ABANDONADO,CASANARE,LLANOS ORIENTALES,,-72.295567,4.812347,1198087.97389,1023846.34836,167.3352,,,,111.88175864,27.12119,, ,111.88175864,,Liquid,949.50573399,0.0,469.3811152,1.4395405,27.12119,113.69872177,0.39686667,0.0,70.0,293.06519282,8.13434443,0.0
1582,SFEL0001,SAN FELIPE-1,TAPONADO Y ABANDONADO,CASANARE,LLANOS ORIENTALES,,-71.845747,5.130025,1247899.99757,1059149.93971,166.116,,,,111.87344517,27.1599,, ,111.87344517,,Liquid,949.51213998,0.0,469.34591058,1.43944918,27.1599,113.86056877,0.39740561,0.0,70.0,293.06519282,8.13356712,0.0
1583,LIBE0004,LIBERTAD-4,PRODUCTOR,META,LLANOS ORIENTALES,FORMACION SAN FERNANDO,-73.472336,4.072311,1067580.94114,941778.054202,318.8208,453.08903226,,,111.85987982,26.30828,, ,111.85987982,,Liquid,949.52259217,0.79164464,469.28846639,1.43930017,26.30828,110.29982423,0.38553246,34.50560489,70.0,293.06519282,8.13229876,11.34506183
1584,SANI0007,SANTIAGO-7,TAPONADO Y ABANDONADO,CASANARE,LLANOS ORIENTALES,,-72.332644,4.728839,1193996.30484,1014596.81514,171.0,,,,111.8213691,27.13778,, ,111.8213691,,Liquid,949.55226057,0.0,469.12538933,1.43887712,27.13778,113.76808482,0.39709766,0.0,70.0,293.06519282,8.12869801,0.0
1585,MEDI0001,MEDINA-1,TAPONADO Y ABANDONADO,BOYACA,LLANOS ORIENTALES,,-73.140361,4.728838,1104356.94453,1014423.28887,1136.5992,,,,110.86083453,21.80686,, ,110.86083453,,Liquid,950.29014739,0.0,465.05864623,1.42831331,21.80686,91.47387263,0.32219117,0.0,70.0,293.06519282,8.03888803,0.0
1586,CHAM0001,CHAMBERY-1,TAPONADO Y ABANDONADO,ARAUCA,LLANOS ORIENTALES,,-71.56695595,6.75438363,1277617.76,1239384.723,177.6984,,,,110.3484922,27.05483,, ,110.3484922,,Liquid,950.68207554,0.0,462.89004004,1.42266916,27.05483,113.42126869,0.39594261,0.0,70.0,293.06519282,7.99098402,0.0
1587,PAUO0002,PAUTO-2,TAPONADO Y ABANDONADO,CASANARE,LLANOS ORIENTALES,,-72.0928,5.6956,1220281.0204,1121639.9212,431.9016,,,,110.27626012,25.74422,, ,110.27626012,,Liquid,950.73723839,0.0,462.58433259,1.4218729,25.74422,107.94127324,0.37764935,0.0,70.0,293.06519282,7.98423032,0.0
1588,SANI0002,SANTIAGO-2,TAPONADO Y ABANDONADO,CASANARE,LLANOS ORIENTALES,,-72.352778,4.723147,1191763.0993,1013961.53423,176.0,,,,110.04605011,27.13225,, ,110.04605011,,Liquid,950.91289421,0.0,461.61006748,1.41933424,27.13225,113.74496381,0.39702066,0.0,70.0,293.06519282,7.96270569,0.0
1589,SURI0010,SURIA-10,PRODUCTOR,META,LLANOS ORIENTALES,GUADALUPE (K2),-73.460284,4.040158,1068922.11962,938223.353196,308.0,3499.0,,,109.89735533,26.39676,, ,109.89735533,,Liquid,951.02622803,6.12319178,460.98082217,1.41769379,26.39676,110.66978286,0.38676764,255.06210558,70.0,293.06519282,7.94880272,81.72796821
1590,COSE0CNW,COSECHA-CNW,TAPONADO Y ABANDONADO,ARAUCA,LLANOS ORIENTALES,,-71.31152,6.80058,1306262.00303,1244336.99991,148.0,,,,109.74776485,27.27603,, ,109.74776485,,Liquid,951.14014639,0.0,460.3478192,1.41604289,27.27603,114.34610703,0.39902201,0.0,70.0,293.06519282,7.93481601,0.0
1591,GUAH0001,GUAHIBOS-1,TAPONADO Y ABANDONADO,CASANARE,LLANOS ORIENTALES,,-71.367247,5.510894,1300820.40809,1101520.39913,147.2184,,,,109.29883254,27.28156,, ,109.29883254,,Liquid,951.4814324,0.0,458.44832616,1.41108501,27.28156,114.3692278,0.39909896,0.0,70.0,293.06519282,7.89284084,0.0
1592,UNET0001,UNETE-1,TAPONADO Y ABANDONADO,CASANARE,LLANOS ORIENTALES,,-72.624889,5.213775,1161441.73463,1068165.30108,492.252,,,,108.99638316,25.3903,, ,108.99638316,,Liquid,951.71085888,0.0,457.16878744,1.40774195,25.3903,106.46133841,0.37269528,0.0,70.0,293.06519282,7.86456183,0.0
1593,CVER0001,CANO VERDE-1,TAPONADO Y ABANDONADO,ARAUCA,LLANOS ORIENTALES,,-71.170539,6.913336,1321789.87961,1256914.30526,141.4272,,,,108.93784865,27.29815,, ,108.93784865,,Liquid,951.75521432,0.0,456.92116735,1.40709468,27.29815,114.43859005,0.39932982,0.0,70.0,293.06519282,7.85908885,0.0
1594,AUST0002,AUSTRAL-2,PRODUCTOR,META,LLANOS ORIENTALES,GUADALUPE (K1),-73.454194,4.021857,1069600.0047,936199.997498,298.704,770.72451613,,,108.62090401,26.441,, ,108.62090401,,Liquid,951.9951215,1.35012917,455.58047384,1.40358842,26.441,110.85476117,0.38738509,54.58946509,70.0,293.06519282,7.82945452,17.17912466
1595,RELE0001,RIO ELE-1,TAPONADO Y ABANDONADO,ARAUCA,LLANOS ORIENTALES,,-71.615192,6.747469,1272687.90579,1238276.24383,192.024,,,,107.15871005,27.01612,, ,107.15871005,,Liquid,953.09616096,0.0,449.39716678,1.38737924,27.01612,113.25942043,0.39540347,0.0,70.0,293.06519282,7.69273939,0.0
1596,LLAU0001,LLANURA-1,TAPONADO Y ABANDONADO,CASANARE,LLANOS ORIENTALES,,-71.739933,5.495189,1259489.03934,1099606.93053,173.4312,,,,107.08155767,27.14331,, ,107.08155767,,Liquid,953.15399414,0.0,449.07098951,1.38652244,27.14331,113.79120582,0.39717465,0.0,70.0,293.06519282,7.68552564,0.0
1597,MATO0001,MATAOSCURA-1,TAPONADO Y ABANDONADO,ARAUCA,LLANOS ORIENTALES,,-71.219394,6.932214,1316371.08024,1258971.77525,145.9992,,,,106.56576233,27.29262,, ,106.56576233,,Liquid,953.53995421,0.0,446.8905735,1.38079038,27.29262,114.41546931,0.39925287,0.0,70.0,293.06519282,7.63729878,0.0
1598,CYAR0047,CANO YARUMAL-47,TAPONADO Y ABANDONADO,ARAUCA,LLANOS ORIENTALES,,-71.074392,6.981407,1332381.96158,1264518.6955,143.0,,,,106.3839991,27.30921,, ,106.3839991,,Liquid,953.67568275,0.0,446.12229558,1.37876879,27.30921,114.4848315,0.39948372,0.0,70.0,293.06519282,7.62030392,0.0
1599,CRRO0001,CARRAO-1,TAPONADO Y ABANDONADO,ARAUCA,LLANOS ORIENTALES,,-71.5237,6.6519,1282869.4619,1227749.9821,188.0616,,,,106.26416853,27.07695,, ,106.26416853,,Liquid,953.76508384,0.0,445.61581997,1.37743555,27.07695,113.5137532,0.39625065,0.0,70.0,293.06519282,7.60909976,0.0
1600,CYAR0048,CANO YARUMAL-48,TAPONADO Y ABANDONADO,ARAUCA,LLANOS ORIENTALES,,-71.077704,6.980204,1332016.30708,1264383.2026,140.8176,,,,106.16461978,27.33133,, ,106.16461978,,Liquid,953.83930489,0.0,445.19508244,1.37632768,27.33133,114.5773143,0.3997915,0.0,70.0,293.06519282,7.59979195,0.0
1601,LTRO0002,LOS TROMPILLOS-2,TAPONADO Y ABANDONADO,CASANARE,LLANOS ORIENTALES,,-72.508022,4.568383,1174569.9589,996800.016493,173.736,,,,105.94659963,27.15437,, ,105.94659963,,Liquid,954.00170125,0.0,444.27367926,1.37390046,27.15437,113.8374478,0.39732863,0.0,70.0,293.06519282,7.57940707,0.0
1602,SANI0006,SANTIAGO-6,TAPONADO Y ABANDONADO,CASANARE,LLANOS ORIENTALES,,-72.301542,4.759472,1197439.98696,1017994.72796,175.0,,,,105.73694889,27.13225,, ,105.73694889,,Liquid,954.15766399,0.0,443.38770842,1.37156524,27.13225,113.74496381,0.39702066,0.0,70.0,293.06519282,7.55980472,0.0
1603,CASI0001,CASIMENA-1,TAPONADO Y ABANDONADO,CASANARE,LLANOS ORIENTALES,,-72.117186,4.757225,1217904.42619,1017801.56343,164.2872,,,,105.51264572,27.17649,, ,105.51264572,,Liquid,954.32431017,0.0,442.43988365,1.36906554,27.17649,113.92993163,0.39763657,0.0,70.0,293.06519282,7.53883238,0.0
1604,CCAR0001,CANO CARANAL-1,TAPONADO Y ABANDONADO,ARAUCA,LLANOS ORIENTALES,,-71.398153,6.815022,1296665.64133,1245881.88054,154.5336,,,,105.47766663,27.24838,, ,105.47766663,,Liquid,954.35027771,0.0,442.29208068,1.3686756,27.24838,114.23050306,0.39863721,0.0,70.0,293.06519282,7.53556183,0.0
1605,POMA0001,POMARROSO-1,TAPONADO Y ABANDONADO,CASANARE,LLANOS ORIENTALES,,-72.445269,4.593836,1181530.09037,999631.334025,173.736,,,,105.06939912,27.14884,, ,105.06939912,,Liquid,954.65296107,0.0,440.56708268,1.36412199,27.14884,113.81432681,0.39725164,0.0,70.0,293.06519282,7.49738882,0.0
1606,CASN0006,CASTILLA NORTE-6,PRODUCTOR,META,LLANOS ORIENTALES,GUADALUPE (K2),-73.628394,3.886013,1050262.0419,921165.014978,425.196,12699.43709677,,,105.0196388,25.79952,, ,105.0196388,,Liquid,954.68980178,22.30941488,440.35685243,1.36356669,25.79952,108.17250881,0.37842288,843.82786833,70.0,293.06519282,7.49273623,246.21061879
1607,LGLN0002,LA GLORIA NORTE-2,TAPONADO Y ABANDONADO,CASANARE,LLANOS ORIENTALES,,-72.2861,5.1486,1199036.526,1061054.106,202.9968,,,,104.69570141,26.97188,, ,104.69570141,,Liquid,954.92936289,0.0,438.98834432,1.35995011,26.97188,113.07445042,0.39478724,0.0,70.0,293.06519282,7.46244808,0.0
1608,UPIA0001,UPIA-1,TAPONADO Y ABANDONADO,CASANARE,LLANOS ORIENTALES,,-72.789861,4.511469,1143295.06136,990442.455512,181.9656,,,,104.00931189,27.07695,, ,104.00931189,,Liquid,955.43541798,0.0,436.08908045,1.35227781,27.07695,113.5137532,0.39625065,0.0,70.0,293.06519282,7.39827066,0.0
1609,CCMN0001,CANO EL CARMEN-1,TAPONADO Y ABANDONADO,CASANARE,LLANOS ORIENTALES,,-71.400156,5.344428,1297251.36033,1083075.15687,140.8176,,,,103.717173,27.28709,, ,103.717173,,Liquid,955.65016372,0.0,434.85529402,1.34900857,27.28709,114.39234856,0.39917592,0.0,70.0,293.06519282,7.37095568,0.0
1610,GUCH0001,GUACHIRIA-1,TAPONADO Y ABANDONADO,CASANARE,LLANOS ORIENTALES,,-71.6656,5.5448,1267712.31,1105128.979,154.8384,,,,103.59721876,27.16543,, ,103.59721876,,Liquid,955.73822903,0.0,434.34872523,1.34766554,27.16543,113.88368973,0.3974826,0.0,70.0,293.06519282,7.35973995,0.0
1611,TAME0001,TAME-1,TAPONADO Y ABANDONADO,ARAUCA,LLANOS ORIENTALES,,-71.775864,6.533197,1255019.61948,1214473.9778,458.724,,,,103.53415704,25.65574,, ,103.53415704,,Liquid,955.78450038,0.0,434.08242209,1.34695933,25.65574,107.57129397,0.3764114,0.0,70.0,293.06519282,7.35384368,0.0
1612,JIBA0001B,JIBA-B1,TAPONADO Y ABANDONADO,ARAUCA,LLANOS ORIENTALES,,-71.253739,6.922981,1312576.99535,1257926.64401,144.78,,,,103.36698839,27.28156,, ,103.36698839,,Liquid,955.90707359,0.0,433.37651118,1.34508676,27.28156,114.3692278,0.39909896,0.0,70.0,293.06519282,7.33821341,0.0
1613,GUMY0001,GUACAMAYO-1,TAPONADO Y ABANDONADO,CASANARE,LLANOS ORIENTALES,,-71.368978,5.489442,1300639.20583,1099144.53449,145.0848,,,,103.09309528,27.29815,, ,103.09309528,,Liquid,956.10762934,0.0,432.22000851,1.34201709,27.29815,114.43859005,0.39932982,0.0,70.0,293.06519282,7.31260441,0.0
1614,COSE0ASW,COSECHA-ASW,TAPONADO Y ABANDONADO,ARAUCA,LLANOS ORIENTALES,,-71.305112,6.836859,1306948.10293,1248357.90478,150.0,,,,102.93828925,27.26497,, ,102.93828925,,Liquid,956.22083563,0.0,431.56638925,1.34028121,27.26497,114.29986547,0.39886809,0.0,70.0,293.06519282,7.29813004,0.0
1615,JUBI0001,JUBILO-1,TAPONADO Y ABANDONADO,ARAUCA,LLANOS ORIENTALES,,-71.530601,6.991425,1281904.97512,1265329.97701,154.5336,,,,102.89150437,27.18755,, ,102.89150437,,Liquid,956.2550272,0.0,431.36886107,1.33975647,27.18755,113.97617349,0.39779053,0.0,70.0,293.06519282,7.29375566,0.0
1616,REMC0001,REMACHE SUR-1,TAPONADO Y ABANDONADO,CASANARE,LLANOS ORIENTALES,,-71.151831,5.089492,1324940.50486,1054972.37164,126.492,,,,102.56018798,27.38663,, ,102.56018798,,Liquid,956.49687993,0.0,429.97010679,1.33603877,27.38663,114.80852066,0.40056084,0.0,70.0,293.06519282,7.26277758,0.0
1617,GUAY0001,GUAYURIBA-1,PRODUCTOR,META,LLANOS ORIENTALES,MIRADOR (T1),-73.469633,4.047744,1067883.14192,939061.515098,310.2864,1615.22451613,,,102.52379095,26.31934,, ,102.52379095,,Liquid,956.52341876,2.84295464,429.81645409,1.33563018,26.31934,110.3460692,0.38568688,99.8843214,70.0,293.06519282,7.25937445,28.22282415
1618,MIRD0001A,MIRADOR-1A,TAPONADO Y ABANDONADO,CASANARE,LLANOS ORIENTALES,,-72.598561,5.212358,1164361.92078,1068015.38899,353.2632,,,,101.86244016,26.12579,, ,101.86244016,,Liquid,957.00460213,0.0,427.02480849,1.3281997,26.12579,109.53677601,0.38298371,0.0,70.0,293.06519282,7.19753815,0.0
1619,CUSI0002WD,CUSIANA WD-2,TAPONADO Y ABANDONADO,CASANARE,LLANOS ORIENTALES,,-72.6408,4.9567,1159740.703,1039720.397,249.0216,,,,101.76846544,26.71197,, ,101.76846544,,Liquid,957.07281593,0.0,426.62817438,1.32714291,26.71197,111.98773904,0.39116495,0.0,70.0,293.06519282,7.18875152,0.0
1620,ALCA0001,ALCARAVAN-1,TAPONADO Y ABANDONADO,CASANARE,LLANOS ORIENTALES,,-72.1859,4.859811,1210245.32994,1029130.72618,173.4312,,,,101.24580104,27.13778,, ,101.24580104,,Liquid,957.45147676,0.0,424.42239523,1.32126096,27.13778,113.76808482,0.39709766,0.0,70.0,293.06519282,7.1398824,0.0
1621,ALMA0001,ALMAGRO-1,TAPONADO Y ABANDONADO,META,LLANOS ORIENTALES,,-72.665992,3.904858,1157167.67693,923367.665642,202.692,,,,100.85466068,26.97188,, ,100.85466068,,Liquid,957.73404289,0.0,422.77190519,1.31685432,26.97188,113.07445042,0.39478724,0.0,70.0,293.06519282,7.10331077,0.0
1622,JAGE0001,JAGUEYES-1,TAPONADO Y ABANDONADO,CASANARE,LLANOS ORIENTALES,,-71.226261,5.66775,1316377.36757,1118960.77751,158.1912,,,,100.72632637,27.30368,, ,100.72632637,,Liquid,957.82660279,0.0,422.23041595,1.31540759,27.30368,114.46171078,0.39940677,0.0,70.0,293.06519282,7.09131152,0.0
1623,PECT0001,PECTEN-1,TAPONADO Y ABANDONADO,ARAUCA,LLANOS ORIENTALES,,-71.0987,6.8229,1329803.9978,1246952.2356,136.2456,,,,100.56770693,27.35345,, ,100.56770693,,Liquid,957.94090244,0.0,421.56117089,1.31361883,27.35345,114.66979695,0.40009925,0.0,70.0,293.06519282,7.0764806,0.0
1624,CENE0001,CENTELLAS-1,TAPONADO Y ABANDONADO,ARAUCA,LLANOS ORIENTALES,,-71.496314,6.996531,1285694.37857,1265915.87722,150.876,,,,100.21600707,27.19861,, ,100.21600707,,Liquid,958.19392712,0.0,420.077394,1.30965024,27.19861,114.02241531,0.39794448,0.0,70.0,293.06519282,7.04359666,0.0
1625,CYAR0004,CANO YARUMAL-4,TAPONADO Y ABANDONADO,ARAUCA,LLANOS ORIENTALES,,-71.079278,6.978169,1331843.65315,1264156.73623,139.2936,,,,99.73655789,27.33686,, ,99.73655789,,Liquid,958.53795445,0.0,418.05490295,1.3042347,27.33686,114.60043498,0.39986844,0.0,70.0,293.06519282,6.99876816,0.0
1626,10103,LA YUCA-105,TAPONADO Y ABANDONADO,ARAUCA,LLANOS ORIENTALES,,-71.087179,6.974372,1330972.00275,1263730.59565,140.5128,,,,99.09496422,27.34239,, ,99.09496422,,Liquid,958.99669243,0.0,415.34886362,1.29697783,27.34239,114.62355564,0.39994538,0.0,70.0,293.06519282,6.93877915,0.0
1627,ELTR0001,EL TREBOL-1,TAPONADO Y ABANDONADO,CASANARE,LLANOS ORIENTALES,,-71.8841,5.5439,1243483.287,1104937.567,186.8424,,,,98.8802436,27.02165,, ,98.8802436,,Liquid,959.14979833,0.0,414.44335037,1.29454667,27.02165,113.28254164,0.3954805,0.0,70.0,293.06519282,6.91870278,0.0
1628,CAMU0001,CAMUNGO-1,TAPONADO Y ABANDONADO,CASANARE,LLANOS ORIENTALES,,-71.389442,5.867342,1298174.37224,1140970.43885,142.9512,,,,98.80274326,27.22073,, ,98.80274326,,Liquid,959.20500806,0.0,414.11653187,1.29366886,27.22073,114.11489885,0.39825238,0.0,70.0,293.06519282,6.9114565,0.0
1629,MATN0002,MATANEGRA-2,TAPONADO Y ABANDONADO,ARAUCA,LLANOS ORIENTALES,,-71.103861,6.968575,1329130.17435,1263077.01379,140.5128,,,,98.37060025,27.30921,, ,98.37060025,,Liquid,959.51235553,0.0,412.29431802,1.28877117,27.30921,114.4848315,0.39948372,0.0,70.0,293.06519282,6.87105112,0.0
1630,APIA0018,APIAY-18,TAPONADO Y ABANDONADO,META,LLANOS ORIENTALES,,-73.388258,4.070217,1076918.13359,941553.966082,287.1216,,,,98.20144228,26.441,, ,98.20144228,,Liquid,959.63243115,0.0,411.58109119,1.28685262,26.441,110.85476117,0.38738509,0.0,70.0,293.06519282,6.85523485,0.0
1631,10080,CACHAMA-A2,TAPONADO Y ABANDONADO,ARAUCA,LLANOS ORIENTALES,,-71.260706,6.919542,1311808.37538,1257541.34076,146.9136,,,,97.97841117,27.29262,, ,97.97841117,,Liquid,959.79054815,0.0,410.64076862,1.28432184,27.29262,114.41546931,0.39925287,0.0,70.0,293.06519282,6.83438144,0.0
1632,PMTA0002,PALMITAS-2,TAPONADO Y ABANDONADO,CASANARE,LLANOS ORIENTALES,,-71.3042,5.4226,1307854.9749,1091771.836,138.9888,,,,97.92908644,27.3258,, ,97.92908644,,Liquid,959.82548597,0.0,410.43281826,1.28376195,27.3258,114.55419362,0.39971455,0.0,70.0,293.06519282,6.82976958,0.0
1633,LMOR0001,LA MORITA-1,TAPONADO Y ABANDONADO,CASANARE,LLANOS ORIENTALES,,-71.403372,5.263267,1296933.27798,1074088.69366,142.9512,,,,97.79078491,27.28156,, ,97.79078491,,Liquid,959.92338864,0.0,409.8497618,1.28219173,27.28156,114.3692278,0.39909896,0.0,70.0,293.06519282,6.81683839,0.0
1634,CASN0019,CASTILLA NORTE-19,PRODUCTOR,META,LLANOS ORIENTALES,GUADALUPE (K1),-73.626466,3.889213,1050476.00054,921518.998886,426.72,666.73548387,,,97.78332761,25.80505,, ,97.78332761,,Liquid,959.92866512,1.17769805,409.81832369,1.28210705,25.80505,108.19563231,0.37850022,37.23929354,70.0,293.06519282,6.81614113,9.37218957
1635,ROND0001,RONDON-1,TAPONADO Y ABANDONADO,CASANARE,LLANOS ORIENTALES,,-71.245347,5.456917,1314372.44273,1095606.95112,136.2456,,,,97.75195148,27.34792,, ,97.75195148,,Liquid,959.9508628,0.0,409.68605045,1.28175074,27.34792,114.6466763,0.40002232,0.0,70.0,293.06519282,6.81320746,0.0
1636,PITU0001,PITUCO-1,TAPONADO Y ABANDONADO,ARAUCA,LLANOS ORIENTALES,,-70.8267,7.0087,1359775.7075,1267719.4897,129.2352,,,,97.64240703,27.38663,, ,97.64240703,,Liquid,960.02832683,0.0,409.22424995,1.28050652,27.38663,114.80852066,0.40056084,0.0,70.0,293.06519282,6.80296506,0.0
1637,PALI0001,PALITO-1,TAPONADO Y ABANDONADO,ARAUCA,LLANOS ORIENTALES,,-71.1039,6.9685,1329123.1483,1263069.893,171.9072,,,,97.31022001,27.3258,, ,97.31022001,,Liquid,960.2628954,0.0,407.82395266,1.27673146,27.3258,114.55419362,0.39971455,0.0,70.0,293.06519282,6.77190557,0.0
1638,CAPR0001,CAPORAL-1,TAPONADO Y ABANDONADO,CASANARE,LLANOS ORIENTALES,,-71.673,4.9875,1267132.4647,1043443.7172,161.2392,,,,97.27024798,27.19308,, ,97.27024798,,Liquid,960.29108688,0.0,407.65546365,1.276277,27.19308,113.99929441,0.39786751,0.0,70.0,293.06519282,6.76816819,0.0
1639,ALMA0001,ALMAGRO-1,PRODUCTOR,META,LLANOS ORIENTALES,MIRADOR,-72.665992,3.904858,1157167.67693,923367.665642,202.692,6727.89516129,,,96.666667,27.18654,, ,96.666667,,Liquid,960.71588795,11.89366258,405.11148932,1.26940921,27.18654,113.97195068,0.39777647,350.70988881,70.0,293.06519282,6.71173336,89.44330017
1640,9393,CANO YARUMAL-34,TAPONADO Y ABANDONADO,ARAUCA,LLANOS ORIENTALES,,-71.0747,6.9817,1332350.708,1264550.535,140.208,,,,96.48786079,27.29815,, ,96.48786079,,Liquid,960.84141017,0.0,404.35793667,1.26737272,27.29815,114.43859005,0.39932982,0.0,70.0,293.06519282,6.69501498,0.0
1641,CASN0008,CASTILLA NORTE-8,TAPONADO Y ABANDONADO,META,LLANOS ORIENTALES,,-73.6246,3.8786,1050687.0036,920348.9999,397.764,,,,96.34235158,25.9433,, ,96.34235158,,Liquid,960.94344915,0.0,403.74473623,1.2657148,25.9433,108.77371604,0.38043337,0.0,70.0,293.06519282,6.68140987,0.0
1642,SURI0005,SURIA-5,PRODUCTOR,META,LLANOS ORIENTALES,FORMACION SAN FERNANDO,-73.44715,4.034925,1070381.12049,937645.761407,304.8,2371.53419355,,,96.25232317,26.44653,, ,96.25232317,,Liquid,961.0065331,4.19369804,403.36535328,1.26468873,26.44653,110.87788341,0.38746227,124.99337723,70.0,293.06519282,6.67299222,30.86696423
1643,MAPU0001,MAPURO-1,TAPONADO Y ABANDONADO,CASANARE,LLANOS ORIENTALES,,-71.98661,4.801108,1232385.15358,1022700.11989,128.016,,,,96.08355288,27.22073,, ,96.08355288,,Liquid,961.12469166,0.0,402.65417401,1.26276461,27.22073,114.11489885,0.39825238,0.0,70.0,293.06519282,6.65721219,0.0
1644,CGAR0001,CANO GARZA-1,TAPONADO Y ABANDONADO,CASANARE,LLANOS ORIENTALES,,-71.587206,5.5968,1276381.22461,1110922.68948,166.0,,,,95.98542787,27.18202,, ,95.98542787,,Liquid,961.19333,0.0,402.24070088,1.26164554,27.18202,113.95305256,0.39771355,0.0,70.0,293.06519282,6.64803751,0.0
1645,CHAR0001,CHARTE-1,TAPONADO Y ABANDONADO,CASANARE,LLANOS ORIENTALES,,-72.500539,5.27405,1175215.94801,1074866.52564,316.0776,,,,95.95334082,26.23086,, ,95.95334082,,Liquid,961.21576521,0.0,402.10549681,1.26127954,26.23086,109.97610822,0.38445137,0.0,70.0,293.06519282,6.64503737,0.0
1646,CRAS0001,CRAVO SUR-1,TAPONADO Y ABANDONADO,CASANARE,LLANOS ORIENTALES,,-71.990914,5.225914,1231757.46244,1069706.37351,181.0512,,,,95.70110273,27.09907,, ,95.70110273,,Liquid,961.39196403,0.0,401.04269032,1.2584014,27.09907,113.60623756,0.39655867,0.0,70.0,293.06519282,6.62145311,0.0
1647,CCHI0001,CANO CHIQUITO-1,TAPONADO Y ABANDONADO,CASANARE,LLANOS ORIENTALES,,-71.181561,5.5391,1321405.99488,1104740.47563,132.8928,,,,95.52781373,27.37004,, ,95.52781373,,Liquid,961.51284321,0.0,400.31257754,1.25642306,27.37004,114.73915884,0.40033005,0.0,70.0,293.06519282,6.60525058,0.0
1648,CYAR0020,CANO YARUMAL-20,TAPONADO Y ABANDONADO,ARAUCA,LLANOS ORIENTALES,,-71.063831,6.980497,1333551.29375,1264425.4387,140.208,,,,95.52601194,27.33686,, ,95.52601194,,Liquid,961.51409934,0.0,400.30498626,1.25640248,27.33686,114.60043498,0.39986844,0.0,70.0,293.06519282,6.60508212,0.0
1649,ESTE0001,ESTERO-1,PRODUCTOR,CASANARE,LLANOS ORIENTALES,UBAQUE,-72.141747,4.663686,1215206.7524,1007444.16035,159.4104,7586.97580645,,,95.0943033,27.2152,, ,95.0943033,,Liquid,961.81463331,13.42769614,398.486229,1.25147021,27.2152,114.09177798,0.39817541,378.96154999,70.0,293.06519282,6.56471736,92.92762071
1650,CYAR0055,CANO YARUMAL-55,TAPONADO Y ABANDONADO,ARAUCA,LLANOS ORIENTALES,,-71.073315,6.980593,1332501.71018,1264429.33543,140.208,,,,94.40205505,27.32027,, ,94.40205505,,Liquid,962.29473815,0.0,395.57026688,1.24355025,27.32027,114.53107292,0.39963761,0.0,70.0,293.06519282,6.49999215,0.0
1651,CALC0001,CALCEDONIA-1,TAPONADO Y ABANDONADO,CASANARE,LLANOS ORIENTALES,,-71.408942,5.681731,1296109.00486,1120411.99764,155.7528,,,,94.3888149,27.24285,, ,94.3888149,,Liquid,962.30389908,0.0,395.51450044,1.24339864,27.24285,114.20738223,0.39856025,0.0,70.0,293.06519282,6.49875419,0.0
1652,CLIM0007,CANO LIMON-7,TAPONADO Y ABANDONADO,ARAUCA,LLANOS ORIENTALES,,-71.117383,6.943583,1327651.26456,1260300.09944,142.0368,,,,94.38703199,27.34792,, ,94.38703199,,Liquid,962.30513263,0.0,395.50699096,1.24337822,27.34792,114.6466763,0.40002232,0.0,70.0,293.06519282,6.49858749,0.0
1653,META0001,META-1,TAPONADO Y ABANDONADO,META,LLANOS ORIENTALES,,-73.587061,3.937875,1054849.70017,926902.731766,380.0856,,,,94.28755842,25.93777,, ,94.28755842,,Liquid,962.3739321,0.0,395.0880225,1.24223899,25.93777,108.75059282,0.38035606,0.0,70.0,293.06519282,6.48928671,0.0
1654,LHEL0001,LA HELIERA-1,TAPONADO Y ABANDONADO,ARAUCA,LLANOS ORIENTALES,,-71.002789,6.249519,1340807.48457,1183515.63634,133.8072,,,,94.09133429,27.3811,, ,94.09133429,,Liquid,962.50951273,0.0,394.2615861,1.23999089,27.3811,114.78540006,0.40048391,0.0,70.0,293.06519282,6.47093976,0.0
1655,CVER0005,CANO VERDE-5,TAPONADO Y ABANDONADO,ARAUCA,LLANOS ORIENTALES,,-71.178636,6.913508,1320893.73519,1256927.89742,143.256,,,,93.91434228,27.30921,, ,93.91434228,,Liquid,962.63165121,0.0,393.51618532,1.23796218,27.30921,114.4848315,0.39948372,0.0,70.0,293.06519282,6.454391,0.0
1656,GUAT0003H,GUATIQUIA-3H,TAPONADO Y ABANDONADO,META,LLANOS ORIENTALES,,-73.374442,4.104489,1078449.18032,945345.442068,270.9672,,,,93.81906908,26.58478,, ,93.81906908,,Liquid,962.69733682,0.0,393.11495684,1.23686977,26.58478,111.45593614,0.38939117,0.0,70.0,293.06519282,6.44548296,0.0
1657,ABEJ0001,LAS ABEJAS-1,TAPONADO Y ABANDONADO,CASANARE,LLANOS ORIENTALES,,-71.162233,5.561211,1323538.31758,1107199.30771,131.9784,,,,93.76816131,27.34792,, ,93.76816131,,Liquid,962.73241757,0.0,392.9005706,1.23628596,27.34792,114.6466763,0.40002232,0.0,70.0,293.06519282,6.44072308,0.0
1658,CASN0026,CASTILLA NORTE-26,PRODUCTOR,META,LLANOS ORIENTALES,GUADALUPE (K1),-73.638046,3.885557,1049190.00265,921113.998878,396.8496,919.13451613,,,93.75194157,25.87694,, ,93.75194157,,Liquid,962.74359213,1.62828768,392.83226549,1.23609993,25.87694,108.49623672,0.37950557,46.11266292,70.0,293.06519282,6.43920654,10.46045853
1659,CASN0026,CASTILLA NORTE-26,TAPONADO Y ABANDONADO,META,LLANOS ORIENTALES,,-73.638046,3.885557,1049190.00265,921113.998878,396.8496,,,,93.75194157,25.87694,, ,93.75194157,,Liquid,962.74359213,0.0,392.83226549,1.23609993,25.87694,108.49623672,0.37950557,0.0,70.0,293.06519282,6.43920654,0.0
1660,VALD0003,VALDIVIA-3,TAPONADO Y ABANDONADO,META,LLANOS ORIENTALES,,-72.671342,3.908578,1156572.59774,923778.096644,193.2432,,,,93.45776838,26.98847,, ,93.45776838,,Liquid,962.94604909,0.0,391.59348306,1.23272473,26.98847,113.14381424,0.39501834,0.0,70.0,293.06519282,6.41170134,0.0
1661,9546,CANO YARUMAL-36,TAPONADO Y ABANDONADO,ARAUCA,LLANOS ORIENTALES,,-71.0726,6.9807,1333540.3588,1264235.6711,140.5128,,,,93.39269896,27.33686,, ,93.39269896,,Liquid,962.99077685,0.0,391.31948402,1.23197782,27.33686,114.60043498,0.39986844,0.0,70.0,293.06519282,6.40561735,0.0
1662,CVER0001N,CANO VERDE NORTE-1,TAPONADO Y ABANDONADO,ARAUCA,LLANOS ORIENTALES,,-71.164968,6.927046,1322397.05821,1258436.2369,143.5608,,,,93.18925204,27.26497,, ,93.18925204,,Liquid,963.13049567,0.0,390.46282413,1.22964174,27.26497,114.29986547,0.39886809,0.0,70.0,293.06519282,6.38659507,0.0
1663,SANI0001,SANTIAGO-1,TAPONADO Y ABANDONADO,CASANARE,LLANOS ORIENTALES,,-72.317936,4.742444,1195625.08945,1016106.1862,176.0,,,,92.98861572,27.13225,, ,92.98861572,,Liquid,963.26809478,0.0,389.61804204,1.22733677,27.13225,113.74496381,0.39702066,0.0,70.0,293.06519282,6.36783557,0.0
1664,CLIM0001,CANO LIMON-1,TAPONADO Y ABANDONADO,ARAUCA,LLANOS ORIENTALES,,-71.139658,6.942472,1325187.15828,1260161.69386,150.876,,,,92.54212779,27.29262,, ,92.54212779,,Liquid,963.57362599,0.0,387.73825109,1.22220322,27.29262,114.41546931,0.39925287,0.0,70.0,293.06519282,6.32608895,0.0
1665,SANI0008,SANTIAGO-8,TAPONADO Y ABANDONADO,CASANARE,LLANOS ORIENTALES,,-72.313481,4.742175,1196119.71529,1016077.64114,172.0,,,,92.53065134,27.13225,, ,92.53065134,,Liquid,963.581467,0.0,387.68993602,1.2220712,27.13225,113.74496381,0.39702066,0.0,70.0,293.06519282,6.3250159,0.0
1666,SURM0001,SURIMENA-1,TAPONADO Y ABANDONADO,CASANARE,LLANOS ORIENTALES,,-71.802983,4.742244,1252792.23529,1016250.79467,148.1328,,,,91.43375454,27.28156,, ,91.43375454,,Liquid,964.3280398,0.0,383.07270959,1.20943467,27.28156,114.3692278,0.39909896,0.0,70.0,293.06519282,6.22245605,0.0
1667,9999,CANO YARUMAL-38,TAPONADO Y ABANDONADO,ARAUCA,LLANOS ORIENTALES,,-71.0778,6.9821,1331999.9189,1264598.3754,141.732,,,,91.42036247,27.25944,, ,91.42036247,,Liquid,964.33711976,0.0,383.01634531,1.20928018,27.25944,114.27674467,0.39879113,0.0,70.0,293.06519282,6.22120389,0.0
1668,CGRA0001S,CANO GRANDE SUR-1 (CANO GRANDE-1),TAPONADO Y ABANDONADO,ARAUCA,LLANOS ORIENTALES,,-70.760883,7.064761,1367012.14701,1273985.23283,125.5776,,,,91.32268436,27.39216,, ,91.32268436,,Liquid,964.40332093,0.0,382.60524522,1.20815317,27.39216,114.83164124,0.40063777,0.0,70.0,293.06519282,6.21207099,0.0
1669,CLIM0015,CANO LIMON-15,TAPONADO Y ABANDONADO,ARAUCA,LLANOS ORIENTALES,,-71.114489,6.956819,1327962.36077,1261767.82858,141.4272,,,,91.27080413,27.3258,, ,91.27080413,,Liquid,964.43846438,0.0,382.38689968,1.20755447,27.3258,114.55419362,0.39971455,0.0,70.0,293.06519282,6.20722019,0.0
1670,CAST0024,CASTILLA-24,PRODUCTOR,META,LLANOS ORIENTALES,FORMACION SAN FERNANDO,-73.637786,3.868078,1049219.91461,919181.118476,388.0,7.09709677,,,90.91959459,25.92118,, ,90.91959459,,Liquid,964.67603808,0.01259806,380.90885516,1.20349939,25.92118,108.68122311,0.38012412,0.32885123,70.0,293.06519282,6.17438209,0.0683294
1671,CAST0024,CASTILLA-24,PRODUCTOR,META,LLANOS ORIENTALES,GUADALUPE (K1),-73.637786,3.868078,1049219.91461,919181.118476,388.0,387.17451613,,,90.91959459,25.92118,, ,90.91959459,,Liquid,964.67603808,0.68727363,380.90885516,1.20349939,25.92118,108.68122311,0.38012412,17.94012657,70.0,293.06519282,6.17438209,3.72763702
1672,CAST0024,CASTILLA-24,TAPONADO Y ABANDONADO,META,LLANOS ORIENTALES,,-73.637786,3.868078,1049219.91461,919181.118476,388.0,,,,90.91959459,25.92118,, ,90.91959459,,Liquid,964.67603808,0.0,380.90885516,1.20349939,25.92118,108.68122311,0.38012412,0.0,70.0,293.06519282,6.17438209,0.0
1673,CYAR0001,CANO YARUMAL-1,TAPONADO Y ABANDONADO,ARAUCA,LLANOS ORIENTALES,,-71.065611,6.978994,1333355.33971,1264257.75434,139.2936,,,,90.7654087,27.32027,, ,90.7654087,,Liquid,964.78015217,0.0,380.26001258,1.20171803,27.32027,114.53107292,0.39963761,0.0,70.0,293.06519282,6.15996571,0.0
1674,SRDN0002,SARDINAS-2,TAPONADO Y ABANDONADO,CASANARE,LLANOS ORIENTALES,,-71.496814,4.994281,1286683.86527,1044269.32558,141.4272,,,,90.68395135,27.30921,, ,90.68395135,,Liquid,964.83511089,0.0,379.91723481,1.20077664,27.30921,114.4848315,0.39948372,0.0,70.0,293.06519282,6.15234945,0.0
1675,CAST0014,CASTILLA-14,PRODUCTOR,META,LLANOS ORIENTALES,GUADALUPE (K1),-73.662606,3.848769,1046464.13496,917044.530565,400.0,1447.8,,,90.67814785,25.86035,, ,90.67814785,,Liquid,964.83902528,2.57042454,379.89281356,1.20070956,25.86035,108.42686663,0.37927359,66.75728118,70.0,293.06519282,6.15180682,13.72983914
1676,CAST0014,CASTILLA-14,PRODUCTOR,META,LLANOS ORIENTALES,GUADALUPE (K2),-73.662606,3.848769,1046464.13496,917044.530565,400.0,12746.32,,,90.67814785,25.86035,, ,90.67814785,,Liquid,964.83902528,22.62982023,379.89281356,1.20070956,25.86035,108.42686663,0.37927359,587.72597617,70.0,293.06519282,6.15180682,120.87644924
1677,MARE0001,MARE MARE-1,TAPONADO Y ABANDONADO,CASANARE,LLANOS ORIENTALES,,-71.676419,4.807456,1266820.33166,1023515.86907,144.1704,,,,90.12564759,27.30368,, ,90.12564759,,Liquid,965.21094901,0.0,377.56803622,1.19431919,27.30368,114.46171078,0.39940677,0.0,70.0,293.06519282,6.10014805,0.0
1678,CASN0014,CASTILLA NORTE-14,PRODUCTOR,META,LLANOS ORIENTALES,GUADALUPE (K1),-73.627223,3.888499,1050392.00535,921439.996689,426.72,130.27096774,,,90.0885896,25.78846,, ,90.0885896,,Liquid,965.23584336,0.23137824,377.41211678,1.19389024,25.78846,108.12626179,0.37826818,5.92036655,70.0,293.06519282,6.09668313,1.18983127
1679,CASN0014,CASTILLA NORTE-14,PRODUCTOR,META,LLANOS ORIENTALES,FORMACION SAN FERNANDO,-73.627223,3.888499,1050392.00535,921439.996689,426.72,685.45483871,,,90.0885896,25.78846,, ,90.0885896,,Liquid,965.23584336,1.21745723,377.41211678,1.19389024,25.78846,108.12626179,0.37826818,31.15156022,70.0,293.06519282,6.09668313,6.26060905
1680,CARU0001,CARUPANA-1,TAPONADO Y ABANDONADO,CASANARE,LLANOS ORIENTALES,,-71.753989,5.579244,1257893.7038,1108903.77502,174.6504,,,,90.06706412,27.11566,, ,90.06706412,,Liquid,965.25030048,0.0,377.32155015,1.19364107,27.11566,113.67560073,0.39678968,0.0,70.0,293.06519282,6.0946705,0.0
1681,MATN0046,MATANEGRA-46,TAPONADO Y ABANDONADO,ARAUCA,LLANOS ORIENTALES,,-71.087378,6.976135,1330948.75338,1263925.77834,140.8176,,,,90.02276754,27.33133,, ,90.02276754,,Liquid,965.28004441,0.0,377.13517746,1.19312826,27.33133,114.5773143,0.3997915,0.0,70.0,293.06519282,6.09052876,0.0
1682,LYUC0135,LA YUCA-135,TAPONADO Y ABANDONADO,ARAUCA,LLANOS ORIENTALES,,-71.084209,6.969485,1331304.09264,1263191.57554,140.8176,,,,89.99089275,27.3258,, ,89.99089275,,Liquid,965.30144168,0.0,377.00106924,1.19275922,27.3258,114.55419362,0.39971455,0.0,70.0,293.06519282,6.08754847,0.0
1683,CASN0007,CASTILLA NORTE-7,PRODUCTOR,META,LLANOS ORIENTALES,FORMACION SAN FERNANDO,-73.568457,3.878265,1056919.99954,920312.001944,398.0688,88.74774194,,,89.96722779,25.9433,, ,89.96722779,,Liquid,965.31732464,0.15764088,376.90150324,1.19248521,25.9433,108.77371604,0.38043337,3.99940101,70.0,293.06519282,6.0853358,0.80423977
1684,CASN0007,CASTILLA NORTE-7,PRODUCTOR,META,LLANOS ORIENTALES,GUADALUPE (K1-INF),-73.568457,3.878265,1056919.99954,920312.001944,398.0688,706.20935484,,,89.96722779,25.9433,, ,89.96722779,,Liquid,965.31732464,1.25442584,376.90150324,1.19248521,25.9433,108.77371604,0.38043337,31.8251974,70.0,293.06519282,6.0853358,6.39973067
1685,CASN0007,CASTILLA NORTE-7,PRODUCTOR,META,LLANOS ORIENTALES,GUADALUPE (K2),-73.568457,3.878265,1056919.99954,920312.001944,398.0688,1093.30516129,,,89.96722779,25.9433,, ,89.96722779,,Liquid,965.31732464,1.94201654,376.90150324,1.19248521,25.9433,108.77371604,0.38043337,49.26960021,70.0,293.06519282,6.0853358,9.90762658
1686,CCUM0001,CANO CUMARE-1,TAPONADO Y ABANDONADO,ARAUCA,LLANOS ORIENTALES,,-71.252842,6.282883,1313078.85715,1187054.12362,238.6584,,,,89.78613196,27.2705,, ,89.78613196,,Liquid,965.43878077,0.0,376.13959409,1.19038781,27.2705,114.32298626,0.39894505,0.0,70.0,293.06519282,6.06840334,0.0
1687,CASN0004,CASTILLA NORTE-4,PRODUCTOR,META,LLANOS ORIENTALES,GUADALUPE (K1-INF),-73.630779,3.871265,1049997.99933,919534.003066,383.0,213.69354839,,,89.74172895,25.98201,, ,89.74172895,,Liquid,965.46853688,0.37963912,375.95278606,1.1898734,25.98201,108.93557824,0.38097448,9.55588988,70.0,293.06519282,6.06425166,1.9082607
1688,CASN0004,CASTILLA NORTE-4,PRODUCTOR,META,LLANOS ORIENTALES,GUADALUPE (K2),-73.630779,3.871265,1049997.99933,919534.003066,383.0,6909.40903226,,,89.74172895,25.98201,, ,89.74172895,,Liquid,965.46853688,12.27497042,375.95278606,1.1898734,25.98201,108.93557824,0.38097448,308.97307066,70.0,293.06519282,6.06425166,61.70028912
1689,9477,LAS BABILLAS-1,TAPONADO Y ABANDONADO,CASANARE,LLANOS ORIENTALES,,-71.234545,5.514926,1315540.49837,1102035.4477,135.9408,,,,89.57229503,27.34792,, ,89.57229503,,Liquid,965.58199477,0.0,375.23997792,1.18790997,27.34792,114.6466763,0.40002232,0.0,70.0,293.06519282,6.04840959,0.0
1690,VALD0002,VALDIVIA-2,TAPONADO Y ABANDONADO,META,LLANOS ORIENTALES,,-72.669353,3.920122,1156791.41696,925055.441574,195.6816,,,,89.32053035,27.02165,, ,89.32053035,,Liquid,965.75033141,0.0,374.18085672,1.18499092,27.02165,113.28254164,0.3954805,0.0,70.0,293.06519282,6.02486959,0.0
1691,CVER0017,CANO VERDE-17,TAPONADO Y ABANDONADO,ARAUCA,LLANOS ORIENTALES,,-71.17434,6.915859,1321367.60058,1257191.09622,143.5608,,,,88.83228441,27.29815,, ,88.83228441,,Liquid,966.07592476,0.0,372.12708541,1.17932467,27.29815,114.43859005,0.39932982,0.0,70.0,293.06519282,5.97921859,0.0
1692,CASN0010,CASTILLA NORTE-10,PRODUCTOR,META,LLANOS ORIENTALES,FORMACION SAN FERNANDO,-73.624221,3.878415,1050726.00352,920325.002047,398.0688,384.36935484,,,88.74309568,25.93777,, ,88.74309568,,Liquid,966.13527855,0.68332628,371.75194451,1.17828885,25.93777,108.75059282,0.38035606,16.72038041,70.0,293.06519282,5.97087945,3.21046575
1693,CHIC0021,CHICHIMENE-21,TAPONADO Y ABANDONADO,META,LLANOS ORIENTALES,,-73.670552,3.953629,1045575.87458,928639.862571,412.6992,,,,88.72896862,25.79952,, ,88.72896862,,Liquid,966.14467642,0.0,371.69252471,1.17812476,25.79952,108.17250881,0.37842288,0.0,70.0,293.06519282,5.96955857,0.0
1694,CASN0011,CASTILLA NORTE-11,PRODUCTOR,META,LLANOS ORIENTALES,GUADALUPE (K1),-73.623555,3.877971,1050800.00538,920275.997915,397.764,639.47322581,,,88.59443095,25.94883,, ,88.59443095,,Liquid,966.23412827,1.13696256,371.12665596,1.17656175,25.94883,108.79683924,0.38051067,27.68649022,70.0,293.06519282,5.95697929,5.28699551
1695,AGUL0001,AGUALINDA-1,TAPONADO Y ABANDONADO,CASANARE,LLANOS ORIENTALES,,-71.091822,6.175794,1330987.00603,1175294.65359,137.4648,,,,88.24413461,27.35898,, ,88.24413461,,Liquid,966.46662821,0.0,369.6533827,1.17248963,27.35898,114.69291759,0.40017619,0.0,70.0,293.06519282,5.92422659,0.0
1696,CASN0009,CASTILLA NORTE-9,TAPONADO Y ABANDONADO,META,LLANOS ORIENTALES,,-73.623888,3.878197,1050763.00417,920301.003132,382.0,,,,87.47964424,25.93777,, ,87.47964424,,Liquid,966.97199546,0.0,366.43850317,1.16358989,25.93777,108.75059282,0.38035606,0.0,70.0,293.06519282,5.85274674,0.0
1697,CYAR0044,CANO YARUMAL-44,TAPONADO Y ABANDONADO,ARAUCA,LLANOS ORIENTALES,,-71.075732,6.979227,1332235.30427,1264276.40125,139.0,,,,86.90732035,27.33133,, ,86.90732035,,Liquid,967.34849123,0.0,364.03209448,1.1569158,27.33133,114.5773143,0.3997915,0.0,70.0,293.06519282,5.79923445,0.0
1698,CASN0003,CASTILLA NORTE-3,PRODUCTOR,META,LLANOS ORIENTALES,GUADALUPE (K1),-73.635261,3.874713,1049500.00554,919915.000453,400.2024,184.70064516,,,86.68784205,25.92671,, ,86.68784205,,Liquid,967.49245314,0.32881939,363.1093511,1.15435376,25.92671,108.70434636,0.38020144,7.55962262,70.0,293.06519282,5.77871323,1.33094616
1699,CASN0003,CASTILLA NORTE-3,PRODUCTOR,META,LLANOS ORIENTALES,GUADALUPE (K2),-73.635261,3.874713,1049500.00554,919915.000453,400.2024,13008.20967742,,,86.68784205,25.92671,, ,86.68784205,,Liquid,967.49245314,23.15829277,363.1093511,1.15435376,25.92671,108.70434636,0.38020144,532.41371218,70.0,293.06519282,5.77871323,93.73668785
1700,CYAR0056,CANO YARUMAL-56,TAPONADO Y ABANDONADO,ARAUCA,LLANOS ORIENTALES,,-71.076058,6.979191,1332199.26777,1264272.19563,139.5984,,,,86.64238291,27.33686,, ,86.64238291,,Liquid,967.52224197,0.0,362.91823474,1.15382292,27.33686,114.60043498,0.39986844,0.0,70.0,293.06519282,5.7744628,0.0
1701,MTPN0001,MATEPINA-1,TAPONADO Y ABANDONADO,CASANARE,LLANOS ORIENTALES,,-71.9228,4.8216,1239463.2054,1024991.533,157.2768,,,,86.61775946,27.23179,, ,86.61775946,,Liquid,967.53837324,0.0,362.81471526,1.15353536,27.23179,114.16114056,0.39840631,0.0,70.0,293.06519282,5.77216051,0.0
1702,LYUC0124,LA YUCA-124,TAPONADO Y ABANDONADO,ARAUCA,LLANOS ORIENTALES,,-71.092345,6.970671,1330403.00003,1263317.2011,137.0,,,,86.5594055,27.34239,, ,86.5594055,,Liquid,967.57659031,0.0,362.56939147,1.15285381,27.34239,114.62355564,0.39994538,0.0,70.0,293.06519282,5.76670441,0.0
1703,LIBN0004,LIBERTAD NORTE-4,TAPONADO Y ABANDONADO,META,LLANOS ORIENTALES,,-73.475583,4.075767,1067220.04982,942159.928236,319.7352,,,,86.38932142,26.28616,, ,86.38932142,,Liquid,967.68788751,0.0,361.85436503,1.15086672,26.28616,110.20733415,0.3852236,0.0,70.0,293.06519282,5.75080155,0.0
1704,LYUC0046,LA YUCA-46,TAPONADO Y ABANDONADO,ARAUCA,LLANOS ORIENTALES,,-71.079742,6.975458,1331794.23321,1263856.18113,138.684,,,,86.07440394,27.3258,, ,86.07440394,,Liquid,967.89358907,0.0,360.5305352,1.14718523,27.3258,114.55419362,0.39971455,0.0,70.0,293.06519282,5.72135677,0.0
1705,MENE0002,MENEGUA-2,TAPONADO Y ABANDONADO,META,LLANOS ORIENTALES,,-72.6793,3.8926,1155690.0015,922005.0052,187.7568,,,,86.06712994,27.04377,, ,86.06712994,,Liquid,967.89833471,0.0,360.49995829,1.14710015,27.04377,113.37502638,0.39578858,0.0,70.0,293.06519282,5.72067665,0.0
1706,CHIC0001,CHICHIMENE-1,TAPONADO Y ABANDONADO,META,LLANOS ORIENTALES,,-73.689158,3.937514,1043510.17801,926856.781552,479.1456,,,,85.55745642,25.42901,, ,85.55745642,,Liquid,968.23021233,0.0,358.35762077,1.14113543,25.42901,106.62320861,0.37323743,0.0,70.0,293.06519282,5.67302218,0.0
1707,SUMN0001,SURIMENA NORTE-1,TAPONADO Y ABANDONADO,CASANARE,LLANOS ORIENTALES,,-71.70365,4.827767,1263789.05867,1025753.27894,147.5232,,,,85.4105668,27.28709,, ,85.4105668,,Liquid,968.3256263,0.0,357.74023559,1.13941491,27.28709,114.39234856,0.39917592,0.0,70.0,293.06519282,5.659288,0.0
1708,CYAR0043,CANO YARUMAL-43,TAPONADO Y ABANDONADO,ARAUCA,LLANOS ORIENTALES,,-71.074311,6.981696,1332390.79731,1264550.80163,145.0,,,,85.3410632,27.29262,, ,85.3410632,,Liquid,968.37073664,0.0,357.44811489,1.13860059,27.29262,114.41546931,0.39925287,0.0,70.0,293.06519282,5.65278941,0.0
1709,CGAR0003,CANO GARZA-3,TAPONADO Y ABANDONADO,CASANARE,LLANOS ORIENTALES,,-71.596575,5.585522,1275347.43467,1109669.95808,164.8968,,,,85.33252331,27.18755,, ,85.33252331,,Liquid,968.37627771,0.0,357.41222242,1.13850053,27.18755,113.97617349,0.39779053,0.0,70.0,293.06519282,5.65199093,0.0
1710,9545,CANO YARUMAL-35,TAPONADO Y ABANDONADO,ARAUCA,LLANOS ORIENTALES,,-71.06394,6.978784,1333540.40296,1264235.69349,139.9032,,,,85.28342992,27.34239,, ,85.28342992,,Liquid,968.40812488,0.0,357.20588799,1.13792523,27.34239,114.62355564,0.39994538,0.0,70.0,293.06519282,5.6474007,0.0
1711,CASA0001E,CASANARE ESTE-1,TAPONADO Y ABANDONADO,CASANARE,LLANOS ORIENTALES,,-71.772224,5.283074,1255996.73436,1076117.40179,167.64,,,,85.16270756,27.16543,, ,85.16270756,,Liquid,968.48638825,0.0,356.6985136,1.13651026,27.16543,113.88368973,0.3974826,0.0,70.0,293.06519282,5.63611316,0.0
1712,LYUC0017,LA YUCA-17,TAPONADO Y ABANDONADO,ARAUCA,LLANOS ORIENTALES,,-71.095406,6.953589,1330076.29326,1261423.38412,140.8176,,,,85.08348841,27.29815,, ,85.08348841,,Liquid,968.53770684,0.0,356.36557682,1.13558149,27.29815,114.43859005,0.39932982,0.0,70.0,293.06519282,5.62870617,0.0
1713,CYAR0046,CANO YARUMAL-46,TAPONADO Y ABANDONADO,ARAUCA,LLANOS ORIENTALES,,-71.062628,6.978531,1333685.72852,1264208.51685,140.8176,,,,84.81033647,27.34792,, ,84.81033647,,Liquid,968.7144214,0.0,355.21763576,1.13237761,27.34792,114.6466763,0.40002232,0.0,70.0,293.06519282,5.60316646,0.0
1714,CDUY0001,CANO DUYA-1,TAPONADO Y ABANDONADO,CASANARE,LLANOS ORIENTALES,,-71.386317,4.948561,1298971.99992,1039257.16925,40.2336,,,,84.25463919,27.34239,, ,84.25463919,,Liquid,969.07280258,0.0,352.88248151,1.12585262,27.34239,114.62355564,0.39994538,0.0,70.0,293.06519282,5.55120876,0.0
1715,CAST0002,CASTILLA-2,PRODUCTOR,META,LLANOS ORIENTALES,GUADALUPE (K2),-73.6476,3.8552,1048134.568,917758.3302,394.716,1636.61806452,,,84.10591667,25.89353,, ,84.10591667,,Liquid,969.16846058,2.91869046,352.25756502,1.12410472,25.89353,108.5656067,0.37973754,61.89206908,70.0,293.06519282,5.53730321,9.56647825
1716,CANI0001,CANDILEJAS-1,TAPONADO Y ABANDONADO,META,LLANOS ORIENTALES,,-73.588894,3.780406,1054656.14597,909488.92123,350.2152,,,,84.08640434,26.24745,, ,84.08640434,,Liquid,969.18100282,0.0,352.17557769,1.12387535,26.24745,110.04547611,0.38468305,0.0,70.0,293.06519282,5.53547881,0.0
1717,9378,CANO YARUMAL-33,TAPONADO Y ABANDONADO,ARAUCA,LLANOS ORIENTALES,,-71.0601,6.981,1333958.9749,1264478.4194,139.9032,,,,84.06452861,27.32027,, ,84.06452861,,Liquid,969.195062,0.0,352.08366016,1.12361818,27.32027,114.53107292,0.39963761,0.0,70.0,293.06519282,5.53343343,0.0
1718,LYUC0036,LA YUCA-36,TAPONADO Y ABANDONADO,ARAUCA,LLANOS ORIENTALES,,-71.104986,6.959453,1329012.0573,1262066.05614,139.9032,,,,83.95387675,27.3258,, ,83.95387675,,Liquid,969.26614024,0.0,351.61872916,1.12231713,27.3258,114.55419362,0.39971455,0.0,70.0,293.06519282,5.52308748,0.0
1719,SSSS0011A,S-11A (X-R-859) (STRAT-XR-11A),TAPONADO Y ABANDONADO,META,LLANOS ORIENTALES,,-71.62425,4.502122,1272730.57586,989740.987384,161.8488,,,,83.91158553,27.20967,, ,83.91158553,,Liquid,969.29329052,0.0,351.44103503,1.12181977,27.20967,114.0686571,0.39809843,0.0,70.0,293.06519282,5.51913325,0.0
1720,SURS0002,SURIA SUR-2,PRODUCTOR,META,LLANOS ORIENTALES,GUADALUPE (K1),-73.449697,4.0366,1070098.09367,937830.776047,297.18,2083.23451613,,,83.5578742,26.42994,, ,83.5578742,,Liquid,969.52002359,3.71651912,349.95491443,1.11765785,26.42994,110.80851665,0.38723074,75.94577659,70.0,293.06519282,5.48606124,11.59927461
1721,CHIC0024,CHICHIMENE-24,PRODUCTOR,META,LLANOS ORIENTALES,FORMACION SAN FERNANDO,-73.681479,3.938245,1044363.00015,926938.000279,484.632,100.44225806,,,83.53134882,25.46219,, ,83.53134882,,Liquid,969.53700188,0.17919351,349.8434722,1.11734558,25.46219,106.76195404,0.37370206,3.78672533,70.0,293.06519282,5.48358111,0.55791595
1722,TRIN0003,TRINIDAD-3,TAPONADO Y ABANDONADO,CASANARE,LLANOS ORIENTALES,,-71.760886,5.50945,1257159.10961,1101176.22667,174.6504,,,,83.50367026,27.12119,, ,83.50367026,,Liquid,969.5547146,0.0,349.72718577,1.11701972,27.12119,113.69872177,0.39686667,0.0,70.0,293.06519282,5.48099317,0.0
1723,CRCR0001,COROCORA-1,TAPONADO Y ABANDONADO,CASANARE,LLANOS ORIENTALES,,-70.9836,5.3728,1343467.9259,1086429.8929,122.2248,,,,83.34961288,27.41981,, ,83.34961288,,Liquid,969.6532338,0.0,349.07995365,1.11520555,27.41981,114.94724403,0.40102238,0.0,70.0,293.06519282,5.4665888,0.0
1724,LROJ0001,LUNA ROJA-1,TAPONADO Y ABANDONADO,META,LLANOS ORIENTALES,,-73.504086,3.864804,1064071.04059,918828.021087,295.9608,,,,83.30814093,26.41888,, ,83.30814093,,Liquid,969.67973501,0.0,348.90572353,1.11471706,26.41888,110.7622721,0.38707638,0.0,70.0,293.06519282,5.46271118,0.0
1725,CROA0001,CORONADO-1,TAPONADO Y ABANDONADO,META,LLANOS ORIENTALES,,-73.733625,3.772825,1038578.89878,908642.876428,468.4776,,,,83.26124387,25.5009,, ,83.26124387,,Liquid,969.70969275,0.0,348.70870344,1.1141646,25.5009,106.92382316,0.37424407,0.0,70.0,293.06519282,5.4583263,0.0
1726,PACH0001,PACHAQUIARO-1,PRODUCTOR,META,LLANOS ORIENTALES,FORMACION SAN FERNANDO,-73.513383,3.977501,1063029.99591,931290.003877,327.0,218.8483871,,,82.66041449,26.29722,, ,82.66041449,,Liquid,970.09254153,0.3906591,346.18471453,1.10708063,26.29722,110.25357921,0.38537803,7.78488005,70.0,293.06519282,5.40214875,1.12103362
1727,CAST0019,CASTILLA-19,PRODUCTOR,META,LLANOS ORIENTALES,GUADALUPE (K1),-73.643008,3.866308,1048639.95829,918985.13963,392.0,2186.49806452,,,82.63784748,25.91565,, ,82.63784748,,Liquid,970.1068865,3.90310388,346.0899201,1.10681434,25.91565,108.65809985,0.38004681,78.80222503,70.0,293.06519282,5.40003874,11.17597519
1728,GUAR0001,GUARAPITO-1,TAPONADO Y ABANDONADO,CASANARE,LLANOS ORIENTALES,,-71.3467,4.98625,1303353.59553,1043447.65336,133.8072,,,,82.57846041,27.35898,, ,82.57846041,,Liquid,970.14462451,0.0,345.84046225,1.1061135,27.35898,114.69291759,0.40017619,0.0,70.0,293.06519282,5.39448605,0.0
1729,SIRE0001,SIRENAS-1,TAPONADO Y ABANDONADO,CASANARE,LLANOS ORIENTALES,,-71.163867,5.257736,1323518.52329,1073595.45522,128.9304,,,,82.39102176,27.3811,, ,82.39102176,,Liquid,970.26361952,0.0,345.05313797,1.10390078,27.3811,114.78540006,0.40048391,0.0,70.0,293.06519282,5.37696053,0.0
1730,CASA0002E,CASANARE ESTE-2,TAPONADO Y ABANDONADO,CASANARE,LLANOS ORIENTALES,,-71.7577,5.3126,1257597.8675,1079392.1963,169.164,,,,82.30112011,27.1599,, ,82.30112011,,Liquid,970.32063166,0.0,344.67552223,1.1028391,27.1599,113.86056877,0.39740561,0.0,70.0,293.06519282,5.36855473,0.0
1731,LCOR0001,LA CORAL-1,TAPONADO Y ABANDONADO,ARAUCA,LLANOS ORIENTALES,,-70.3543,6.5116,1412483.7024,1213022.6415,108.5088,,,,82.23620014,27.4917,, ,82.23620014,,Liquid,970.36177648,0.0,344.40284179,1.10207228,27.4917,115.24781024,0.40202219,0.0,70.0,293.06519282,5.36248471,0.0
1732,MACY0001,MACOYA-1,TAPONADO Y ABANDONADO,CASANARE,LLANOS ORIENTALES,,-71.666006,4.939742,1267924.1395,1038161.51274,146.6088,,,,82.222222,27.466956,, ,82.222222,,Liquid,970.37063278,0.0,344.34413048,1.10190716,27.466956,115.14435777,0.40167809,0.0,70.0,293.06519282,5.36117776,0.0
1733,TSEN0001,TORO SENTADO-1,TAPONADO Y ABANDONADO,META,LLANOS ORIENTALES,,-71.872872,4.347147,1245166.06438,972502.565229,175.8696,,,,82.17020392,27.07695,, ,82.17020392,,Liquid,970.40358199,0.0,344.12564442,1.10129262,27.07695,113.5137532,0.39625065,0.0,70.0,293.06519282,5.35631407,0.0
1734,MAUR0001N,MAURITIA NORTE-1,PRODUCTOR,CASANARE,LLANOS ORIENTALES,CARBONERA C7,-72.0069,4.9953,1230062.85,1044186.424,168.5544,995.6216129,,,81.49557385,27.17649,, ,81.49557385,,Liquid,970.82968803,1.77860205,341.29227123,1.0933149,27.17649,113.92993163,0.39763657,32.96827526,70.0,293.06519282,5.29323616,4.54036757
1735,ECAY0001,EL CANEY-1,TAPONADO Y ABANDONADO,CASANARE,LLANOS ORIENTALES,,-72.063108,4.6628,1223937.8006,1007370.63511,155.1432,,,,81.2636796,27.23732,, ,81.2636796,,Liquid,970.97563284,0.0,340.31842747,1.09056939,27.23732,114.1842614,0.39848328,0.0,70.0,293.06519282,5.27155404,0.0
1736,CLIM0010,CANO LIMON-10,TAPONADO Y ABANDONADO,ARAUCA,LLANOS ORIENTALES,,-71.115122,6.952842,1327895.04656,1261326.91112,147.2184,,,,81.26322876,27.29815,, ,81.26322876,,Liquid,970.97591631,0.0,340.31653422,1.09056405,27.29815,114.43859005,0.39932982,0.0,70.0,293.06519282,5.27151189,0.0
1737,SMAR0001,SANTA MARTA-1,TAPONADO Y ABANDONADO,CASANARE,LLANOS ORIENTALES,,-71.600436,5.487231,1274964.70346,1098788.41836,138.3792,,,,81.25744501,27.19308,, ,81.25744501,,Liquid,970.97955293,0.0,340.29224582,1.09049555,27.19308,113.99929441,0.39786751,0.0,70.0,293.06519282,5.27097111,0.0
1738,CGAN0003,CANO GANDUL-3,TAPONADO Y ABANDONADO,CASANARE,LLANOS ORIENTALES,,-71.162989,5.155781,1323668.18102,1062306.70282,131.3688,,,,81.17275147,27.37557,, ,81.17275147,,Liquid,971.03278613,0.0,339.93658533,1.08949239,27.37557,114.76227946,0.40040698,0.0,70.0,293.06519282,5.26305226,0.0
1739,CAST0018,CASTILLA-18,PRODUCTOR,META,LLANOS ORIENTALES,GUADALUPE (K2),-73.642419,3.870739,1048705.11764,919475.125879,387.0,14354.46233333,,,81.00692813,25.89906,, ,81.00692813,,Liquid,971.13690892,25.65126667,339.24024688,1.08752762,25.89906,108.58873,0.37981486,490.37108695,70.0,293.06519282,5.24754778,62.15450752
1740,CAST0018,CASTILLA-18,PRODUCTOR,META,LLANOS ORIENTALES,GUADALUPE (K1),-73.642419,3.870739,1048705.11764,919475.125879,387.0,1248.21433333,,,81.00692813,25.89906,, ,81.00692813,,Liquid,971.13690892,2.23054532,339.24024688,1.08752762,25.89906,108.58873,0.37981486,42.64097151,70.0,293.06519282,5.24754778,5.40474073
1741,GALE0001,GALERON-1,TAPONADO Y ABANDONADO,META,LLANOS ORIENTALES,,-73.588223,3.806522,1054729.05358,912377.019855,331.9272,,,,80.96332996,26.24745,, ,80.96332996,,Liquid,971.16426202,0.0,339.05716972,1.0870109,26.24745,110.04547611,0.38468305,0.0,70.0,293.06519282,5.24347135,0.0
1742,BENG0002,BENGALA-2,PRODUCTOR,META,LLANOS ORIENTALES,CARBONERA C7,-71.988788,4.272353,1232312.386,964189.5877,191.53632,2148.68612903,,,80.77135777,27.02165,, ,80.77135777,,Liquid,971.28459064,3.84026244,338.25105976,1.08473497,27.02165,113.28254164,0.3954805,69.80542305,70.0,293.06519282,5.22552195,9.06761766
1743,10075,TANGARA-1,TAPONADO Y ABANDONADO,CASANARE,LLANOS ORIENTALES,,-72.242085,5.574988,1203778.5951,1108241.49379,347.472,,,,80.29649551,26.12026,, ,80.29649551,,Liquid,971.58144296,0.0,336.25719494,1.07910025,26.12026,109.51365315,0.38290645,0.0,70.0,293.06519282,5.18112233,0.0
1744,NEGR0001,NEGRITOS-1,TAPONADO Y ABANDONADO,META,LLANOS ORIENTALES,,-73.0801,4.0308,1111144.248,937225.8499,186.2328,,,,80.16051345,27.07695,, ,80.16051345,,Liquid,971.66624167,0.0,335.68626311,1.07748538,27.07695,113.5137532,0.39625065,0.0,70.0,293.06519282,5.16840801,0.0
1745,PARA0001,PARAVARE-1,TAPONADO Y ABANDONADO,CASANARE,LLANOS ORIENTALES,,-71.4545,5.0839,1291336.8689,1054206.5766,141.732,,,,80.00624199,27.30368,, ,80.00624199,,Liquid,971.76233326,0.0,335.03855965,1.07565261,27.30368,114.46171078,0.39940677,0.0,70.0,293.06519282,5.15398363,0.0
1746,PATO0001,PATO-1,TAPONADO Y ABANDONADO,ARAUCA,LLANOS ORIENTALES,,-70.5917,6.7003,1386036.7552,1233748.0176,106.0704,,,,80.00055586,27.44746,, ,80.00055586,,Liquid,971.76587271,0.0,335.01468697,1.07558504,27.44746,115.0628466,0.40140695,0.0,70.0,293.06519282,5.15345197,0.0
1747,CLIM0003,CANO LIMON-3,TAPONADO Y ABANDONADO,ARAUCA,LLANOS ORIENTALES,,-71.123638,6.942686,1326959.74693,1260196.3867,143.256,,,,79.83372184,27.30921,, ,79.83372184,,Liquid,971.86964977,0.0,334.31426211,1.07360214,27.30921,114.4848315,0.39948372,0.0,70.0,293.06519282,5.13785299,0.0
1748,OROP0001,OROPENDOLA-1,TAPONADO Y ABANDONADO,CASANARE,LLANOS ORIENTALES,,-71.3773,5.0272,1299936.9777,1047968.0184,156.972,,,,79.74116963,27.33133,, ,79.74116963,,Liquid,971.92716034,0.0,333.92570658,1.07250174,27.33133,114.5773143,0.3997915,0.0,70.0,293.06519282,5.12919936,0.0
1749,LYUC0018,LA YUCA-18,TAPONADO Y ABANDONADO,ARAUCA,LLANOS ORIENTALES,,-71.094708,6.965636,1330145.02165,1262757.96377,139.2936,,,,79.5678883,27.33686,, ,79.5678883,,Liquid,972.0347188,0.0,333.19824986,1.07044077,27.33686,114.60043498,0.39986844,0.0,70.0,293.06519282,5.11299756,0.0
1750,ARIM0001,ARIMENA-1,TAPONADO Y ABANDONADO,CASANARE,LLANOS ORIENTALES,,-71.648519,4.736397,1269945.94618,1015661.93383,141.732,,,,79.52300903,27.30921,, ,79.52300903,,Liquid,972.06255141,0.0,333.00984491,1.06990683,27.30921,114.4848315,0.39948372,0.0,70.0,293.06519282,5.10880134,0.0
1751,CASN0013,CASTILLA NORTE-13,PRODUCTOR,META,LLANOS ORIENTALES,GUADALUPE (K2),-73.6242,3.8781,1050729.9999,920288.0028,398.0688,8979.1804,,,79.18234895,25.93777,, ,79.18234895,,Liquid,972.27348591,16.06447603,331.57979216,1.06585184,25.93777,108.75059282,0.38035606,287.69256914,70.0,293.06519282,5.07694963,31.41194322
1752,OCUM0001,OCUMO-1,TAPONADO Y ABANDONADO,CASANARE,LLANOS ORIENTALES,,-71.318442,5.012058,1306479.15767,1046318.02049,135.636,,,,78.40488882,27.34239,, ,78.40488882,,Liquid,972.75268561,0.0,328.31644039,1.05658365,27.34239,114.62355564,0.39994538,0.0,70.0,293.06519282,5.0042571,0.0
1753,ARIA0001,ARIARI-1,TAPONADO Y ABANDONADO,META,LLANOS ORIENTALES,,-73.693897,3.520336,1043004.11664,880723.881079,323.6976,,,,78.29705638,26.33593,, ,78.29705638,,Liquid,972.81890773,0.0,327.8638557,1.05529665,26.33593,110.41543659,0.38591849,0.0,70.0,293.06519282,4.99417477,0.0
1754,PAJU0001,PAJUIL-1,TAPONADO Y ABANDONADO,CASANARE,LLANOS ORIENTALES,,-71.269589,5.012664,1311903.05714,1046408.13884,129.838704,,,,77.96839416,27.3811,, ,77.96839416,,Liquid,973.02038118,0.0,326.48447875,1.05137169,27.3811,114.78540006,0.40048391,0.0,70.0,293.06519282,4.96344485,0.0
1755,CCRA0002CS,CARACARA SUR C-2,PRODUCTOR,META,LLANOS ORIENTALES,CARBONERA C7,-71.9478,4.1335,1236912.908,948835.5148,219.1512,1800.75967742,,,77.96593806,26.87234,, ,77.96593806,,Liquid,973.02188473,3.2241838,326.47417097,1.05134235,26.87234,112.65826563,0.39340036,53.25481216,70.0,293.06519282,4.96321521,5.34621094
1756,CHIC0015,CHICHIMENE-15,PRODUCTOR,META,LLANOS ORIENTALES,FORMACION SAN FERNANDO,-73.685911,3.936058,1043870.90598,926695.986458,480.06,340.02129032,,,77.7157996,25.4456,, ,77.7157996,,Liquid,973.17485045,0.6088894,325.42440932,1.0483528,25.4456,106.69258138,0.37346975,10.54349896,70.0,293.06519282,4.93982726,0.97330325
1757,MENE0001,MENEGUA-1,TAPONADO Y ABANDONADO,META,LLANOS ORIENTALES,,-72.6724,3.8926,1156454.0044,922013.9982,195.9864,,,,77.71514557,26.98847,, ,77.71514557,,Liquid,973.17524998,0.0,325.42166463,1.04834498,26.98847,113.14381424,0.39501834,0.0,70.0,293.06519282,4.93976611,0.0
1758,MONZ0001,MONZA-1,TAPONADO Y ABANDONADO,META,LLANOS ORIENTALES,,-71.5528,4.4368,1280696.7025,982536.6279,187.1472,,,,77.47463541,27.09354,, ,77.47463541,,Liquid,973.32202588,0.0,324.41235497,1.04546861,27.09354,113.58311648,0.39648167,0.0,70.0,293.06519282,4.91727841,0.0
1759,MUGE0001,MUGELLO-1,TAPONADO Y ABANDONADO,META,LLANOS ORIENTALES,,-71.2352,4.1345,1316105.8248,949193.6634,187.1472,,,,77.29881506,27.11013,, ,77.29881506,,Liquid,973.42913656,0.0,323.67454591,1.04336472,27.11013,113.65247968,0.39671268,0.0,70.0,293.06519282,4.90083921,0.0
1760,PUIN0001,PUINAVES-1,TAPONADO Y ABANDONADO,CASANARE,LLANOS ORIENTALES,,-71.38115,5.654575,1299205.13022,1117419.90218,170.0784,,,,77.0051546,27.24838,, ,77.0051546,,Liquid,973.60768321,0.0,322.44228645,1.03984851,27.24838,114.23050306,0.39863721,0.0,70.0,293.06519282,4.87338195,0.0
1761,OJTI0001,OJO DE TIGRE-1,TAPONADO Y ABANDONADO,CASANARE,LLANOS ORIENTALES,,-71.237,6.0765,1314960.0296,1164210.4672,148.7424,,,,76.8204556,27.29815,, ,76.8204556,,Liquid,973.71975443,0.0,321.66728442,1.03763555,27.29815,114.43859005,0.39932982,0.0,70.0,293.06519282,4.8561126,0.0
1762,CHIC0003,CHICHIMENE-3,PRODUCTOR,META,LLANOS ORIENTALES,FORMACION SAN FERNANDO,-73.690589,3.944094,1043350.94709,927584.400516,480.3648,726.58419355,,,76.45385623,25.42901,, ,76.45385623,,Liquid,973.94167973,1.30214792,320.12909803,1.0332399,25.42901,106.62320861,0.37323743,21.54013715,70.0,293.06519282,4.82183556,1.6992731
1763,CACH0001,CACHAMA-1,TAPONADO Y ABANDONADO,META,LLANOS ORIENTALES,,-71.562683,4.556353,1279548.97336,995767.024337,152.4,,,,76.31182889,27.24285,, ,76.31182889,,Liquid,974.02747186,0.0,319.53320283,1.03153577,27.24285,114.20738223,0.39856025,0.0,70.0,293.06519282,4.808556,0.0
1764,LYUC0079,LA YUCA-79,TAPONADO Y ABANDONADO,ARAUCA,LLANOS ORIENTALES,,-71.047872,6.978925,1335318.28882,1264262.6693,139.2936,,,,76.27053542,27.3258,, ,76.27053542,,Liquid,974.05239583,0.0,319.35995317,1.03104019,27.3258,114.55419362,0.39971455,0.0,70.0,293.06519282,4.80469506,0.0
1765,CAST0013,CASTILLA-13,PRODUCTOR,META,LLANOS ORIENTALES,FORMACION SAN FERNANDO,-73.659431,3.843667,1046817.08434,916480.429728,394.0,27.90612903,,,76.04993422,25.90459,, ,76.04993422,,Liquid,974.18539772,0.05002449,318.43442633,1.02839169,25.90459,108.61185329,0.37989218,0.79954593,70.0,293.06519282,4.78406885,0.0607138
1766,CAST0013,CASTILLA-13,PRODUCTOR,META,LLANOS ORIENTALES,GUADALUPE (K1),-73.659431,3.843667,1046817.08434,916480.429728,394.0,5553.35258065,,,76.04993422,25.90459,, ,76.04993422,,Liquid,974.18539772,9.95493179,318.43442633,1.02839169,25.90459,108.61185329,0.37989218,159.11058354,70.0,293.06519282,4.78406885,12.08211751
1767,CVER0003,CANO VERDE-3,TAPONADO Y ABANDONADO,ARAUCA,LLANOS ORIENTALES,,-71.166414,6.920653,1322241.38276,1257727.29102,142.3416,,,,76.04255195,27.29815,, ,76.04255195,,Liquid,974.18984419,0.0,318.40345481,1.02830304,27.29815,114.43859005,0.39932982,0.0,70.0,293.06519282,4.78337861,0.0
1768,CANA0001,CANAGUARO-1,TAPONADO Y ABANDONADO,META,LLANOS ORIENTALES,,-73.746697,3.30875,1037145.24573,857324.144374,333.4512,,,,75.96143617,26.24745,, ,75.96143617,,Liquid,974.23868319,0.0,318.06314492,1.02732876,26.24745,110.04547611,0.38468305,0.0,70.0,293.06519282,4.77579428,0.0
1769,CACU0001,CACTUS-1,TAPONADO Y ABANDONADO,META,LLANOS ORIENTALES,,-71.906253,4.365456,1241452.08319,974517.839774,189.2808,,,,75.60395943,27.03271,, ,75.60395943,,Liquid,974.45351121,0.0,316.56345783,1.02303258,27.03271,113.32878403,0.39563454,0.0,70.0,293.06519282,4.74237021,0.0
1770,LYUC0077,LA YUCA-77,TAPONADO Y ABANDONADO,ARAUCA,LLANOS ORIENTALES,,-71.047464,6.978933,1335363.46375,1264263.87937,139.5984,,,,75.50456596,27.34239,, ,75.50456596,,Liquid,974.51312489,0.0,316.14649848,1.02183732,27.34239,114.62355564,0.39994538,0.0,70.0,293.06519282,4.73307692,0.0
1771,OCEL0001,OCELOTE-1,PRODUCTOR,META,LLANOS ORIENTALES,CARBONERA C7,-71.5982,4.2766,1275708.9998,964783.455,197.8152,1069.19677419,,,75.3715,26.98294,, ,75.3715,,Liquid,974.59285434,1.91744223,315.58829283,1.02023663,26.98294,113.12069298,0.3949413,28.55008188,70.0,293.06519282,4.72063525,2.03868862
1772,10105,MATAOSCURA SUR-1,TAPONADO Y ABANDONADO,ARAUCA,LLANOS ORIENTALES,,-71.2375,6.9145,1314382.947,1256999.895,145.9992,,,,75.35506656,27.28709,, ,75.35506656,,Liquid,974.60269444,0.0,315.51935617,1.02003891,27.28709,114.39234856,0.39917592,0.0,70.0,293.06519282,4.71909872,0.0
1773,CASE0001,CASTILLA ESTE-1,PRODUCTOR,META,LLANOS ORIENTALES,GUADALUPE (K1),-73.633889,3.859747,1049653.2817,918260.115093,383.0,378.39258065,,,75.05559351,25.97648,, ,75.05559351,,Liquid,974.78176886,0.67872123,314.26313,1.01643418,25.97648,108.9124551,0.38089718,10.41162546,70.0,293.06519282,4.69109799,0.67493126
1774,CASE0001,CASTILLA ESTE-1,PRODUCTOR,META,LLANOS ORIENTALES,GUADALUPE (K2),-73.633889,3.859747,1049653.2817,918260.115093,383.0,3563.19290323,,,75.05559351,25.97648,, ,75.05559351,,Liquid,974.78176886,6.39128462,314.26313,1.01643418,25.97648,108.9124551,0.38089718,98.04269915,70.0,293.06519282,4.69109799,6.35559572
1775,SRDN0001,SARDINAS-1,TAPONADO Y ABANDONADO,CASANARE,LLANOS ORIENTALES,,-71.521531,4.957247,1283955.83643,1040159.24469,142.9512,,,,75.01174282,27.28709,, ,75.01174282,,Liquid,974.80795094,0.0,314.07919093,1.0159061,27.28709,114.39234856,0.39917592,0.0,70.0,293.06519282,4.68699795,0.0
1776,CGAN0002,CANO GANDUL-2,TAPONADO Y ABANDONADO,CASANARE,LLANOS ORIENTALES,,-71.153179,5.183379,1324743.13336,1065367.62841,130.7592,,,,74.73182899,27.38663,, ,74.73182899,,Liquid,974.97484431,0.0,312.90507759,1.01253375,27.38663,114.80852066,0.40056084,0.0,70.0,293.06519282,4.66082601,0.0
1777,CYAR0027,CANO YARUMAL-27,TAPONADO Y ABANDONADO,ARAUCA,LLANOS ORIENTALES,,-71.057511,6.980731,1334250.40798,1264455.77006,140.208,,,,74.37666622,27.30368,, ,74.37666622,,Liquid,975.18601581,0.0,311.41540768,1.00825112,27.30368,114.46171078,0.39940677,0.0,70.0,293.06519282,4.62761829,0.0
1778,CAST0012,CASTILLA-12,PRODUCTOR,META,LLANOS ORIENTALES,GUADALUPE (K1-INF),-73.643794,3.860936,1048552.9473,918391.016642,391.0,1620.63129032,,,74.15906892,25.91012,, ,74.15906892,,Liquid,975.31506872,2.90851012,310.50277621,1.00562523,25.91012,108.63497658,0.37996949,43.20001216,70.0,293.06519282,4.60727294,2.33668848
1779,CAST0012,CASTILLA-12,PRODUCTOR,META,LLANOS ORIENTALES,GUADALUPE (K2),-73.643794,3.860936,1048552.9473,918391.016642,391.0,2247.22290323,,,74.15906892,25.91012,, ,74.15906892,,Liquid,975.31506872,4.03303984,310.50277621,1.00562523,25.91012,108.63497658,0.37996949,59.90261778,70.0,293.06519282,4.60727294,3.24013236
1780,MELU0001,MELUA-1,TAPONADO Y ABANDONADO,META,LLANOS ORIENTALES,,-72.777669,3.667106,1144799.97149,897050.05602,225.552,,,,74.14277774,26.86681,, ,74.14277774,,Liquid,975.32472075,0.0,310.43445017,1.00542857,26.86681,112.63514416,0.39332329,0.0,70.0,293.06519282,4.60574972,0.0
1781,CHIC0009,CHICHIMENE-9,TAPONADO Y ABANDONADO,META,LLANOS ORIENTALES,,-73.673614,3.951006,1045235.89577,928349.5682,470.916,,,,74.04771676,25.46219,, ,74.04771676,,Liquid,975.38101383,0.0,310.03576339,1.00428087,25.46219,106.76195404,0.37370206,0.0,70.0,293.06519282,4.59686152,0.0
1782,MATN0024,MATANEGRA-24,TAPONADO Y ABANDONADO,ARAUCA,LLANOS ORIENTALES,,-71.081278,6.9798,1331621.19751,1264335.89978,138.9888,,,,73.86737755,27.3258,, ,73.86737755,,Liquid,975.48767681,0.0,309.27943589,1.00210275,27.3258,114.55419362,0.39971455,0.0,70.0,293.06519282,4.5799998,0.0
1783,MATN0001N,MATANEGRA NORTE-1,TAPONADO Y ABANDONADO,ARAUCA,LLANOS ORIENTALES,,-71.0803,6.982,1331729.6902,1264574.8803,142.0368,,,,73.82361067,27.27603,, ,73.82361067,,Liquid,975.51353736,0.0,309.09588464,1.00157398,27.27603,114.34610703,0.39902201,0.0,70.0,293.06519282,4.5759076,0.0
1784,MATN0001,MATANEGRA-1,TAPONADO Y ABANDONADO,ARAUCA,LLANOS ORIENTALES,,-71.103978,6.968119,1329117.57948,1263026.48012,140.0,,,,73.6590888,27.30921,, ,73.6590888,,Liquid,975.61065857,0.0,308.40591818,0.99958573,27.30921,114.4848315,0.39948372,0.0,70.0,293.06519282,4.5605248,0.0
1785,TURP0001,TURPIAL-1,TAPONADO Y ABANDONADO,META,LLANOS ORIENTALES,,-72.565711,3.476114,1168389.94249,875959.914133,211.836,,,,73.58704808,26.90552,, ,73.58704808,,Liquid,975.6531412,0.0,308.10380196,0.99871484,26.90552,112.79699424,0.3938627,0.0,70.0,293.06519282,4.553789,0.0
1786,CAST0016,CASTILLA-16,PRODUCTOR,META,LLANOS ORIENTALES,GUADALUPE (K1),-73.648933,3.861392,1047982.11278,918441.107047,397.0,846.57322581,,,73.55349334,25.888,, ,73.55349334,,Liquid,975.67291923,1.51988317,307.96308511,0.99830914,25.888,108.54248338,0.37966022,22.05937688,70.0,293.06519282,4.55065163,1.03040658
1787,CAST0016,CASTILLA-16,PRODUCTOR,META,LLANOS ORIENTALES,GUADALUPE (K2),-73.648933,3.861392,1047982.11278,918441.107047,397.0,13749.5116129,,,73.55349334,25.888,, ,73.55349334,,Liquid,975.67291923,24.68498959,307.96308511,0.99830914,25.888,108.54248338,0.37966022,358.27457023,70.0,293.06519282,4.55065163,16.73521776
1788,CARL0004,CARRIZALES-4,PRODUCTOR,CASANARE,LLANOS ORIENTALES,GACHETA,-71.8364,4.9575,1249006.6646,1040063.5156,156.6672,4102.44129032,,,73.16088337,27.2152,, ,73.16088337,,Liquid,975.90389372,7.36700307,306.31667292,0.99355945,27.2152,114.09177798,0.39817541,99.31864692,70.0,293.06519282,4.5139426,4.40667753
1789,AYSI0001,AYSISI-1,TAPONADO Y ABANDONADO,CASANARE,LLANOS ORIENTALES,,-72.219967,5.552917,1206238.32048,1105807.12826,415.1376,,,,72.82713135,25.88247,, ,72.82713135,,Liquid,976.09960311,0.0,304.91716372,0.9895178,25.88247,108.51936005,0.3795829,0.0,70.0,293.06519282,4.48273678,0.0
1790,00009403,CANO VERDE-10,TAPONADO Y ABANDONADO,ARAUCA,LLANOS ORIENTALES,,-71.166586,6.919778,1322222.955,1257630.284,142.0368,,,,72.71681805,27.28156,, ,72.71681805,,Liquid,976.16416058,0.0,304.45460774,0.98818112,27.28156,114.3692278,0.39909896,0.0,70.0,293.06519282,4.47242249,0.0
1791,LYUC0069,LA YUCA-69,TAPONADO Y ABANDONADO,ARAUCA,LLANOS ORIENTALES,,-71.074219,6.977808,1332403.63698,1264120.31657,140.5128,,,,72.28089763,27.33686,, ,72.28089763,,Liquid,976.41863966,0.0,302.62682394,0.98289505,27.33686,114.60043498,0.39986844,0.0,70.0,293.06519282,4.43166393,0.0
1792,CLIM0014,CANO LIMON-14,TAPONADO Y ABANDONADO,ARAUCA,LLANOS ORIENTALES,,-71.126033,6.9451,1326693.03309,1260462.07032,142.3416,,,,72.22798671,27.32027,, ,72.22798671,,Liquid,976.44945915,0.0,302.40498075,0.982253,27.32027,114.53107292,0.39963761,0.0,70.0,293.06519282,4.42671676,0.0
1793,GUAV0003,GUAVIO-3,TAPONADO Y ABANDONADO,BOYACA,LLANOS ORIENTALES,,-73.118038,4.76331,1106828.66232,1018239.22572,587.6544,,,,72.15224219,24.84283,, ,72.15224219,,Liquid,976.49355289,0.0,302.08740472,0.98133373,24.84283,104.17196774,0.36502004,0.0,70.0,293.06519282,4.41963464,0.0
1794,GUAV0002,GUAVIO-2,TAPONADO Y ABANDONADO,BOYACA,LLANOS ORIENTALES,,-73.163825,4.697831,1101757.85543,1010990.47012,600.1512,,,,71.90851143,24.79859,, ,71.90851143,,Liquid,976.6352309,0.0,301.06553408,0.97837438,24.79859,103.98696277,0.36439919,0.0,70.0,293.06519282,4.39684582,0.0
1795,CHIC0013,CHICHIMENE-13,TAPONADO Y ABANDONADO,META,LLANOS ORIENTALES,,-73.680961,3.945922,1044420.15794,927787.032182,480.06,,,,71.87464971,25.44007,, ,71.87464971,,Liquid,976.65488936,0.0,300.9235678,0.97796308,25.44007,106.66945713,0.37339231,0.0,70.0,293.06519282,4.39367975,0.0
1796,MCGN0001,MACAGUAN-1,TAPONADO Y ABANDONADO,ARAUCA,LLANOS ORIENTALES,,-71.1692,6.9136,1321933.801,1256949.9018,143.256,,,,71.8335174,27.29262,, ,71.8335174,,Liquid,976.67876056,0.0,300.75112039,0.97746342,27.29262,114.41546931,0.39925287,0.0,70.0,293.06519282,4.38983388,0.0
1797,LYUC0071,LA YUCA-71,TAPONADO Y ABANDONADO,ARAUCA,LLANOS ORIENTALES,,-71.05395,6.981153,1334644.16022,1264505.05675,140.208,,,,71.78833737,27.35345,, ,71.78833737,,Liquid,976.70497049,0.0,300.56170413,0.97691451,27.35345,114.66979695,0.40009925,0.0,70.0,293.06519282,4.38560954,0.0
1798,CYAR0018,CANO YARUMAL-18,TAPONADO Y ABANDONADO,ARAUCA,LLANOS ORIENTALES,,-71.072772,6.980244,1332562.05243,1264391.11489,140.5128,,,,71.67128834,27.33686,, ,71.67128834,,Liquid,976.77282263,0.0,300.07098493,0.97549214,27.33686,114.60043498,0.39986844,0.0,70.0,293.06519282,4.37466546,0.0
1799,LYUC0011,LA YUCA-11,TAPONADO Y ABANDONADO,ARAUCA,LLANOS ORIENTALES,,-71.098542,6.946267,1329734.37331,1260610.34547,139.0,,,,71.65667344,27.30921,, ,71.65667344,,Liquid,976.78128962,0.0,300.00971368,0.97531451,27.30921,114.4848315,0.39948372,0.0,70.0,293.06519282,4.37329897,0.0
1800,CAST0011,CASTILLA-11,PRODUCTOR,META,LLANOS ORIENTALES,GUADALUPE (K1),-73.647106,3.851256,1048185.69719,917320.323066,391.0,163.26,,,71.50258347,25.91565,, ,71.50258347,,Liquid,976.87049068,0.29346628,299.36371816,0.97344125,25.91565,108.65809985,0.38004681,3.91212109,70.0,293.06519282,4.35889155,0.08056996
1801,CAST0011,CASTILLA-11,PRODUCTOR,META,LLANOS ORIENTALES,GUADALUPE (K2),-73.647106,3.851256,1048185.69719,917320.323066,391.0,5103.1983871,,,71.50258347,25.91565,, ,71.50258347,,Liquid,976.87049068,9.17320012,299.36371816,0.97344125,25.91565,108.65809985,0.38004681,122.28549575,70.0,293.06519282,4.35889155,2.51846438
1802,CAST0003,CASTILLA-3,PRODUCTOR,META,LLANOS ORIENTALES,GUADALUPE (K1),-73.65418964,3.84299029,1043931.364,914176.1572,404.0,1409.87,,,71.34001804,25.89906,, ,71.34001804,,Liquid,976.96446076,2.53454065,298.68220738,0.97146408,25.89906,108.58873,0.37981486,33.5828688,70.0,293.06519282,4.34369169,0.61839191
1803,LGUA0001,LAS GUAMAS-1,TAPONADO Y ABANDONADO,CASANARE,LLANOS ORIENTALES,,-70.640994,5.672342,1381309.06874,1119822.09547,110.6424,,,,71.10547716,27.46958,, ,71.10547716,,Liquid,977.09978701,0.0,297.69898932,0.96860997,27.46958,115.15532849,0.40171458,0.0,70.0,293.06519282,4.32176211,0.0
1804,LYUC0078,LA YUCA-78,TAPONADO Y ABANDONADO,ARAUCA,LLANOS ORIENTALES,,-71.055189,6.981628,1334506.73203,1264556.77864,138.684,,,,71.06569637,27.32027,, ,71.06569637,,Liquid,977.12271069,0.0,297.53222791,0.96812569,27.32027,114.53107292,0.39963761,0.0,70.0,293.06519282,4.31804261,0.0
1805,CAST0010,CASTILLA-10,PRODUCTOR,META,LLANOS ORIENTALES,GUADALUPE (K2),-73.653394,3.85075,1047487.18233,917264.059334,394.0,13126.03451613,,,71.04841574,25.89353,, ,71.04841574,,Liquid,977.13266601,23.60089645,297.45978768,0.96791531,25.89353,108.5656067,0.37973754,308.9747002,70.0,293.06519282,4.31642687,4.47684161
1806,CAST0010,CASTILLA-10,PRODUCTOR,META,LLANOS ORIENTALES,GUADALUPE (K1),-73.653394,3.85075,1047487.18233,917264.059334,394.0,1409.99451613,,,71.04841574,25.89353,, ,71.04841574,,Liquid,977.13266601,2.5352009,297.45978768,0.96791531,25.89353,108.5656067,0.37973754,33.18996551,70.0,293.06519282,4.31642687,0.48090092
1807,LYUC0061,LA YUCA-61,TAPONADO Y ABANDONADO,ARAUCA,LLANOS ORIENTALES,,-71.103158,6.947697,1329222.51089,1260765.53963,141.1224,,,,70.90802779,27.31474,, ,70.90802779,,Liquid,977.21348383,0.0,296.87128982,0.96620578,27.31474,114.50795222,0.39956067,0.0,70.0,293.06519282,4.3033006,0.0
1808,LYUC0053,LA YUCA-53,TAPONADO Y ABANDONADO,ARAUCA,LLANOS ORIENTALES,,-71.082544,6.967139,1331489.96173,1262932.91676,138.0744,,,,70.83483311,27.33686,, ,70.83483311,,Liquid,977.25557828,0.0,296.56446707,0.96531421,27.33686,114.60043498,0.39986844,0.0,70.0,293.06519282,4.2964569,0.0
1809,BENG0001,BENGALA-1,TAPONADO Y ABANDONADO,META,LLANOS ORIENTALES,,-71.98875,4.272308,1232316.6761,964184.619847,191.4144,,,,70.76592227,26.98294,, ,70.76592227,,Liquid,977.29518281,0.0,296.27560475,0.96447466,26.98294,113.12069298,0.3949413,0.0,70.0,293.06519282,4.29001373,0.0
1810,PREA0001,PALMA REAL-1,TAPONADO Y ABANDONADO,ARAUCA,LLANOS ORIENTALES,,-70.3483,6.8597,1412859.1333,1251604.3193,111.5568,,,,70.74494266,27.45852,, ,70.74494266,,Liquid,977.30723519,0.0,296.18766247,0.96421903,27.45852,115.10908756,0.40156077,0.0,70.0,293.06519282,4.28805214,0.0
1811,LYUC0072,LA YUCA-72,TAPONADO Y ABANDONADO,ARAUCA,LLANOS ORIENTALES,,-71.055161,6.981975,1334509.56117,1264595.2483,138.9888,,,,70.35364579,27.31474,, ,70.35364579,,Liquid,977.53159418,0.0,294.54747588,0.95944848,27.31474,114.50795222,0.39956067,0.0,70.0,293.06519282,4.25146588,0.0
1812,CBRA0001,CANO BRAVO-1,TAPONADO Y ABANDONADO,META,LLANOS ORIENTALES,,-72.548272,4.1405,1170197.83899,949457.364544,213.0552,,,,69.93295963,26.91658,, ,69.93295963,,Liquid,977.77188462,0.0,292.78420631,0.95431384,26.91658,112.84323703,0.3940168,0.0,70.0,293.06519282,4.21213173,0.0
1813,YOLI0001,YOLI-1,TAPONADO Y ABANDONADO,CASANARE,LLANOS ORIENTALES,,-70.765322,6.137242,1367205.15355,1171238.58074,120.7008,,,,69.17098546,27.39769,, ,69.17098546,,Liquid,978.20467825,0.0,289.59073651,0.94499835,27.39769,114.85476182,0.40071469,0.0,70.0,293.06519282,4.14088714,0.0
1814,CAST0017,CASTILLA-17,PRODUCTOR,META,LLANOS ORIENTALES,GUADALUPE (K1),-73.656086,3.853192,1047188.06108,917533.921815,397.4592,1486.3983871,,,68.94240912,25.89906,, ,68.94240912,,Liquid,978.33389295,2.67586223,288.63283144,0.94220004,25.89906,108.58873,0.37981486,31.97039631,70.0,293.06519282,4.11951525,0.0
1815,CAST0017,CASTILLA-17,PRODUCTOR,META,LLANOS ORIENTALES,GUADALUPE (K2),-73.656086,3.853192,1047188.06108,917533.921815,397.4592,13680.92419355,,,68.94240912,25.89906,, ,68.94240912,,Liquid,978.33389295,24.62884021,288.63283144,0.94220004,25.89906,108.58873,0.37981486,294.25796756,70.0,293.06519282,4.11951525,0.0
1816,CLIM0038,CANO LIMON-38,TAPONADO Y ABANDONADO,ARAUCA,LLANOS ORIENTALES,,-71.132863,6.941288,1325939.91453,1260035.2036,142.9512,,,,68.7584628,27.29815,, ,68.7584628,,Liquid,978.43767165,0.0,287.86198236,0.93994681,27.29815,114.43859005,0.39932982,0.0,70.0,293.06519282,4.10231627,0.0
1817,MATN0042,MATANEGRA-42,TAPONADO Y ABANDONADO,ARAUCA,LLANOS ORIENTALES,,-71.091151,6.977491,1330530.29754,1264073.30163,136.0,,,,68.51264376,27.34792,, ,68.51264376,,Liquid,978.5760696,0.0,286.83187996,0.93693387,27.34792,114.6466763,0.40002232,0.0,70.0,293.06519282,4.07933219,0.0
1818,MANA0001,MANACACIAS-1,TAPONADO Y ABANDONADO,META,LLANOS ORIENTALES,,-72.184739,3.476642,1210742.45103,876094.781099,242.316,,,,68.23185885,26.75068,, ,68.23185885,,Liquid,978.73374962,0.0,285.65529754,0.93348983,26.75068,112.14959105,0.39170464,0.0,70.0,293.06519282,4.0530788,0.0
1819,REMA0001,REMACHE NORTE-1,TAPONADO Y ABANDONADO,CASANARE,LLANOS ORIENTALES,,-71.079858,5.162636,1332894.02289,1063108.72547,125.2728,,,,68.13848422,27.39769,, ,68.13848422,,Liquid,978.78609028,0.0,285.26403709,0.93234391,27.39769,114.85476182,0.40071469,0.0,70.0,293.06519282,4.04434827,0.0
1820,SURM0001W,SURIMENA-1W,TAPONADO Y ABANDONADO,CASANARE,LLANOS ORIENTALES,,-71.8798,4.7884,1244249.2538,1021335.2176,152.7048,,,,68.11604222,27.25391,, ,68.11604222,,Liquid,978.79866291,0.0,285.17000086,0.93206846,27.25391,114.25362387,0.39871417,0.0,70.0,293.06519282,4.04224995,0.0
1821,LYUC0056,LA YUCA-56,TAPONADO Y ABANDONADO,ARAUCA,LLANOS ORIENTALES,,-71.059144,6.977989,1334071.62355,1264150.9878,139.2936,,,,68.03233249,27.32027,, ,68.03233249,,Liquid,978.84553505,0.0,284.81924399,0.93104083,27.32027,114.53107292,0.39963761,0.0,70.0,293.06519282,4.03442309,0.0
1822,CAST0009,CASTILLA-9,PRODUCTOR,META,LLANOS ORIENTALES,GUADALUPE (K1),-73.6731,3.8356,1045301.919,915582.7424,400.0,7302.11677419,,,67.69485994,25.86588,, ,67.69485994,,Liquid,979.03410817,13.15491425,283.40522292,0.92689557,25.86588,108.44999001,0.37935092,148.81915894,70.0,293.06519282,4.0028694,0.0
1823,CAST0009,CASTILLA-9,PRODUCTOR,META,LLANOS ORIENTALES,GUADALUPE (K2),-73.6731,3.8356,1045301.919,915582.7424,400.0,6932.02903226,,,67.69485994,25.86588,, ,67.69485994,,Liquid,979.03410817,12.48819353,283.40522292,0.92689557,25.86588,108.44999001,0.37935092,141.27666842,70.0,293.06519282,4.0028694,0.0
1824,PLMT0001,PALMITAS-1,TAPONADO Y ABANDONADO,CASANARE,LLANOS ORIENTALES,,-71.308522,5.431725,1307375.73552,1092785.23815,140.8176,,,,67.44507201,27.31474,, ,67.44507201,,Liquid,979.17328149,0.0,282.35864617,0.92382483,27.31474,114.50795222,0.39956067,0.0,70.0,293.06519282,3.97951423,0.0
1825,CAST0007,CASTILLA-7,PRODUCTOR,META,LLANOS ORIENTALES,GUADALUPE (K1),-73.639733,3.859722,1049004.10828,918257.011777,390.0,1301.4983871,,,67.21952409,25.93224,, ,67.21952409,,Liquid,979.29865367,2.34530979,281.4136628,0.92105023,25.93224,108.72746959,0.38027875,25.87383702,70.0,293.06519282,3.9584255,0.0
1826,CAST0007,CASTILLA-7,PRODUCTOR,META,LLANOS ORIENTALES,GUADALUPE (K2),-73.639733,3.859722,1049004.10828,918257.011777,390.0,7149.79677419,,,67.21952409,25.93224,, ,67.21952409,,Liquid,979.29865367,12.88398707,281.4136628,0.92105023,25.93224,108.72746959,0.38027875,142.13822954,70.0,293.06519282,3.9584255,0.0
1827,CAST0001,CASTILLA-1,PRODUCTOR,META,LLANOS ORIENTALES,GUADALUPE (K1),-73.669259,3.839504,1045725.5973,916019.561355,400.0,2540.4183871,,,67.16171039,25.86588,, ,67.16171039,,Liquid,979.33074455,4.57800288,281.17144414,0.92033875,25.86588,108.44999001,0.37935092,50.53497189,70.0,293.06519282,3.95301992,0.0
1828,CAST0001,CASTILLA-1,PRODUCTOR,META,LLANOS ORIENTALES,FORMACION SAN FERNANDO,-73.669259,3.839504,1045725.5973,916019.561355,400.0,145.01419355,,,67.16171039,25.86588,, ,67.16171039,,Liquid,979.33074455,0.26132522,281.17144414,0.92033875,25.86588,108.44999001,0.37935092,2.88467767,70.0,293.06519282,3.95301992,0.0
1829,LYUC0073,LA YUCA-73,TAPONADO Y ABANDONADO,ARAUCA,LLANOS ORIENTALES,,-71.083678,6.970844,1331361.93812,1263342.4668,140.208,,,,67.07401466,27.34792,, ,67.07401466,,Liquid,979.37938693,0.0,280.80403415,0.9192593,27.34792,114.6466763,0.40002232,0.0,70.0,293.06519282,3.94482037,0.0
1830,MORT0002,MORICHITO-2,TAPONADO Y ABANDONADO,CASANARE,LLANOS ORIENTALES,,-71.8428,4.5967,1248418.589,1000128.827,137.7696,,,,67.06418604,27.32027,, ,67.06418604,,Liquid,979.38483594,0.0,280.76285643,0.9191383,27.32027,114.53107292,0.39963761,0.0,70.0,293.06519282,3.94390139,0.0
1831,CYAR0006,CANO YARUMAL-6,TAPONADO Y ABANDONADO,ARAUCA,LLANOS ORIENTALES,,-71.075803,6.979436,1332227.27833,1264299.46259,139.5984,,,,66.93585684,27.3258,, ,66.93585684,,Liquid,979.45593294,0.0,280.22521715,0.91755817,27.3258,114.55419362,0.39971455,0.0,70.0,293.06519282,3.93190261,0.0
1832,LBRU0001,LAS BRUJAS-1,TAPONADO Y ABANDONADO,META,LLANOS ORIENTALES,,-73.11037532,3.02811918,1107519.0,826651.0,237.4392,,,,66.90157019,26.80045,, ,66.90157019,,Liquid,979.47491302,0.0,280.08157371,0.9171359,26.80045,112.35768577,0.39239843,0.0,70.0,293.06519282,3.92869681,0.0
1833,STEL0001,STELLA-1,TAPONADO Y ABANDONADO,CASANARE,LLANOS ORIENTALES,,-70.714808,6.045258,1372869.50243,1161083.97196,118.5672,,,,66.46731955,27.46958,, ,66.46731955,,Liquid,979.71473745,0.0,278.26234493,0.91178418,27.46958,115.15532849,0.40171458,0.0,70.0,293.06519282,3.88809438,0.0
1834,BAST0001,BASTIDAS-1,TAPONADO Y ABANDONADO,CASANARE,LLANOS ORIENTALES,,-71.861768,4.879806,1246215.82491,1031452.94738,156.0576,,,,66.46201298,27.24285,, ,66.46201298,,Liquid,979.71766164,0.0,278.24011449,0.91171874,27.24285,114.20738223,0.39856025,0.0,70.0,293.06519282,3.88759821,0.0
1835,MTMR0002,MATEMARRANO-2,TAPONADO Y ABANDONADO,CASANARE,LLANOS ORIENTALES,,-71.8894,4.899,1243137.4139,1033565.7288,157.2768,,,,66.30312812,27.2152,, ,66.30312812,,Liquid,979.80514295,0.0,277.57451702,0.90975897,27.2152,114.09177798,0.39817541,0.0,70.0,293.06519282,3.87274248,0.0
1836,VALI0001,VALDIVIA SUR-1,TAPONADO Y ABANDONADO,META,LLANOS ORIENTALES,,-72.671105,3.898185,1156600.86551,922628.595447,197.2056,,,,64.94721805,27.02165,, ,64.94721805,,Liquid,980.54596643,0.0,271.89493448,0.89299858,27.02165,113.28254164,0.3954805,0.0,70.0,293.06519282,3.74596489,0.0
1837,LTOG0001,LA TORTUGA-1,TAPONADO Y ABANDONADO,ARAUCA,LLANOS ORIENTALES,,-69.999239,6.695697,1451683.9569,1233739.27387,100.2792,,,,64.79214065,27.55253,, ,64.79214065,,Liquid,980.63003811,0.0,271.24541643,0.89107756,27.55253,115.50213432,0.402868,0.0,70.0,293.06519282,3.73146515,0.0
1838,CRCT0001,COROCITO-1,TAPONADO Y ABANDONADO,CASANARE,LLANOS ORIENTALES,,-72.004389,5.780878,1230049.04181,1131112.36847,419.7096,,,,64.60874993,25.57832,, ,64.60874993,,Liquid,980.72928421,0.0,270.47732903,0.88880472,25.57832,107.2475597,0.37532788,0.0,70.0,293.06519282,3.71431812,0.0
1839,SMSM0004,SM-4,TAPONADO Y ABANDONADO,META,LLANOS ORIENTALES,,-72.805431,2.911358,1141821.77855,813454.995692,248.412,,,,64.13096785,26.72303,, ,64.13096785,,Liquid,980.98695423,0.0,268.47633931,0.88287779,26.72303,112.03398252,0.39131915,0.0,70.0,293.06519282,3.66964549,0.0
1840,CASN0002,CASTILLA NORTE-2,PRODUCTOR,META,LLANOS ORIENTALES,GUADALUPE (K2),-73.630653,3.880144,1050011.53985,920515.90779,391.0,8871.35483871,,,63.8520645,25.91012,, ,63.8520645,,Liquid,981.13676998,16.01625328,267.30832548,0.87941424,25.91012,108.63497658,0.37996949,150.30069452,70.0,293.06519282,3.64356803,0.0
1841,CASN0002,CASTILLA NORTE-2,PRODUCTOR,META,LLANOS ORIENTALES,GUADALUPE (K1),-73.630653,3.880144,1050011.53985,920515.90779,391.0,350.42741935,,,63.8520645,25.91012,, ,63.8520645,,Liquid,981.13676998,0.63265808,267.30832548,0.87941424,25.91012,108.63497658,0.37996949,5.93702827,70.0,293.06519282,3.64356803,0.0
1842,CBAR0001,CANO BARRULIA-1,TAPONADO Y ABANDONADO,META,LLANOS ORIENTALES,,-71.543394,4.448822,1281733.03082,983871.947174,175.8696,,,,63.81547353,27.11013,, ,63.81547353,,Liquid,981.1563924,0.0,267.15508987,0.87895963,27.11013,113.65247968,0.39671268,0.0,70.0,293.06519282,3.64014677,0.0
1843,RANH0001,RANCHO QUEMADO-1,TAPONADO Y ABANDONADO,META,LLANOS ORIENTALES,,-71.903394,4.334664,1241779.4296,971111.305003,181.9656,,,,63.52739408,27.07695,, ,63.52739408,,Liquid,981.31061287,0.0,265.94869581,0.87537886,27.07695,113.5137532,0.39625065,0.0,70.0,293.06519282,3.61321135,0.0
1844,PIRI0002,PIRIRI-2,TAPONADO Y ABANDONADO,META,LLANOS ORIENTALES,,-71.6226,3.9911,1273092.145,933177.0401,197.2056,,,,63.34101793,26.994,, ,63.34101793,,Liquid,981.41013547,0.0,265.16822888,0.87306066,26.994,113.1669355,0.39509537,0.0,70.0,293.06519282,3.59578518,0.0
1845,SMSM0006,SM-6,TAPONADO Y ABANDONADO,META,LLANOS ORIENTALES,,-72.6409,3.282,1160065.818,854472.0009,219.456,,,,63.25371482,27.01612,, ,63.25371482,,Liquid,981.45668606,0.0,264.80264537,0.87197434,27.01612,113.25942043,0.39540347,0.0,70.0,293.06519282,3.58762234,0.0
1846,CRNC0001,CERNICALO-1,TAPONADO Y ABANDONADO,CASANARE,LLANOS ORIENTALES,,-71.312174,5.249299,1307061.50447,1072586.4413,139.2936,,,,62.95460354,27.33133,, ,62.95460354,,Liquid,981.61584362,0.0,263.55014062,0.86825041,27.33133,114.5773143,0.3997915,0.0,70.0,293.06519282,3.55965543,0.0
1847,SSSS0011,S-11 (X-Q-859) (STRAT-XQ-11),TAPONADO Y ABANDONADO,META,LLANOS ORIENTALES,,-71.613669,4.502194,1273905.89085,989752.945617,156.6672,,,,62.47980125,27.24285,, ,62.47980125,,Liquid,981.86743305,0.0,261.56203704,0.86233257,27.24285,114.20738223,0.39856025,0.0,70.0,293.06519282,3.51526142,0.0
1848,SSSS0009,S-9 (STRAT XM-9),TAPONADO Y ABANDONADO,CASANARE,LLANOS ORIENTALES,,-70.5408,5.6033,1392478.1521,1112240.9004,117.348,,,,62.35114933,27.51382,, ,62.35114933,,Liquid,981.93538025,0.0,261.02336216,0.86072769,27.51382,115.34029185,0.40232978,0.0,70.0,293.06519282,3.50323246,0.0
1849,CRTO0004,CARETO-4,PRODUCTOR,CASANARE,LLANOS ORIENTALES,CARBONERA C7,-71.4017,5.3215,1297091.1103,1080540.3432,142.0368,2818.59987097,,,61.69300037,27.28709,, ,61.69300037,,Liquid,982.28148542,5.09460845,258.26777347,0.85250827,27.28709,114.39234856,0.39917592,39.46065017,70.0,293.06519282,3.44169553,0.0
1850,DORO0001,DOROTEA-1,TAPONADO Y ABANDONADO,CASANARE,LLANOS ORIENTALES,,-70.635814,5.672944,1381883.60368,1119892.28347,122.2248,,,,61.39171707,27.47511,, ,61.39171707,,Liquid,982.43908617,0.0,257.00640836,0.84874044,27.47511,115.17844894,0.40179149,0.0,70.0,293.06519282,3.41352555,0.0
1851,RUBI0008,RUBIALES-8,TAPONADO Y ABANDONADO,META,LLANOS ORIENTALES,,-71.389461,3.848283,1299061.99952,917451.081868,174.0,,,,60.94956803,27.14884,, ,60.94956803,,Liquid,982.66941746,0.0,255.15536836,0.84320502,27.14884,113.81432681,0.39725164,0.0,70.0,293.06519282,3.37218461,0.0
1852,SJOA0001,SAN JOAQUIN-1,TAPONADO Y ABANDONADO,CASANARE,LLANOS ORIENTALES,,-71.417397,4.928453,1295529.98327,1037017.20345,136.8552,,,,60.73274572,27.34792,, ,60.73274572,,Liquid,982.78195115,0.0,254.24768426,0.84048796,27.34792,114.6466763,0.40002232,0.0,70.0,293.06519282,3.35191173,0.0
1853,RUBI0009,RUBIALES-9,TAPONADO Y ABANDONADO,META,LLANOS ORIENTALES,,-71.3915,3.7364,1298876.718,905061.5557,153.6192,,,,60.73094261,27.24838,, ,60.73094261,,Liquid,982.78288584,0.0,254.24013596,0.84046536,27.24838,114.23050306,0.39863721,0.0,70.0,293.06519282,3.35174313,0.0
1854,RUBI0014,RUBIALES-14,TAPONADO Y ABANDONADO,META,LLANOS ORIENTALES,,-71.501961,3.836108,1286556.94742,916064.739365,185.0,,,,60.28982184,27.07695,, ,60.28982184,,Liquid,983.01097911,0.0,252.39353933,0.83493227,27.07695,113.5137532,0.39625065,0.0,70.0,293.06519282,3.31049834,0.0
1855,SJUA0001,SAN JUAN-1,TAPONADO Y ABANDONADO,META,LLANOS ORIENTALES,,-73.855528,3.379444,1025047.92293,865138.130897,444.7032,,,,59.40424465,25.69445,, ,59.40424465,,Liquid,983.46543391,0.0,248.6866556,0.82380286,25.69445,107.73316026,0.37695305,0.0,70.0,293.06519282,3.22769687,0.0
1856,ALIX0001,ALIX-1,TAPONADO Y ABANDONADO,ARAUCA,LLANOS ORIENTALES,,-69.690706,6.265939,1486302.9705,1186370.63834,96.012,,,,59.22790755,27.55806,, ,59.22790755,,Liquid,983.55537188,0.0,247.94857962,0.82158334,27.55806,115.52525463,0.40294488,0.0,70.0,293.06519282,3.21120936,0.0
1857,SMSM0008,SM-8,TAPONADO Y ABANDONADO,META,LLANOS ORIENTALES,,-72.3081,3.2572,1197068.846,851789.5762,201.168,,,,59.0225672,26.9387,, ,59.0225672,,Liquid,983.65986985,0.0,247.08912542,0.81899733,26.9387,112.9357225,0.39432499,0.0,70.0,293.06519282,3.19201003,0.0
1858,RUBI0139,RUBIALES-139,TAPONADO Y ABANDONADO,META,LLANOS ORIENTALES,,-71.39971077,3.80331724,1297549.148,912787.049,0.0,,,,58.89959108,27.13778,, ,58.89959108,,Liquid,983.72233252,0.0,246.57441657,0.81744785,27.13778,113.76808482,0.39709766,0.0,70.0,293.06519282,3.18051177,0.0
1859,LPOT0003ST,LOS POTROS-03 ST1,PRODUCTOR,CASANARE,LLANOS ORIENTALES,GACHETA,-72.155891,5.032674,1213130.875,1048577.5,600.7,494.04,2843,138,,,,"196,01759539",58.88888889,,Subcooled liquid,992.10284528,0.90190383,262.98104808,0.80716225,25.0,104.82922231,0.36722497,24.39696371,70.0,293.06519282,3.17951111,0.0
1860,CCRA0003AS,CARACARA SUR A-3,PRODUCTOR,META,LLANOS ORIENTALES,CARBONERA C7,-71.9805,4.1227,1233281.3466,947637.1493,220.6752,1503.42709677,,,58.46682856,26.8834,, ,58.46682856,,Liquid,983.94142661,2.72203086,244.7631696,0.81199071,26.8834,112.70450854,0.39355448,17.90165662,70.0,293.06519282,3.14004847,0.0
1861,CLAA0001,CLARA-1,TAPONADO Y ABANDONADO,ARAUCA,LLANOS ORIENTALES,,-69.5449,6.1412,1502608.8909,1172666.9273,99.9744,,,,58.1201346,27.51935,, ,58.1201346,,Liquid,984.11613901,0.0,243.31220592,0.80761391,27.51935,115.36341223,0.40240667,0.0,70.0,293.06519282,3.10763259,0.0
1862,RUBI0120,RUBIALES-120,TAPONADO Y ABANDONADO,META,LLANOS ORIENTALES,,-71.50448131,3.85392281,1285882.654,918353.112,0.0,,,,58.00069174,27.09354,, ,58.00069174,,Liquid,984.17616391,0.0,242.81233259,0.806105,27.09354,113.58311648,0.39648167,0.0,70.0,293.06519282,3.09646468,0.0
1863,RANH0001A,RANCHO QUEMADO A-1,TAPONADO Y ABANDONADO,META,LLANOS ORIENTALES,,-71.959154,4.30676,1235594.00521,968006.005541,180.1368,,,,57.87497856,27.11013,, ,57.87497856,,Liquid,984.2392473,0.0,242.28622437,0.80451629,27.11013,113.65247968,0.39671268,0.0,70.0,293.06519282,3.0847105,0.0
1864,SSSS0010A,S-10A (X-P-715) (STRAT-XP-10A),TAPONADO Y ABANDONADO,CASANARE,LLANOS ORIENTALES,,-70.8705,5.4362,1355980.7613,1093522.5579,131.064,,,,57.7870822,27.41428,, ,57.7870822,,Liquid,984.28329759,0.0,241.91838312,0.80340516,27.41428,114.92412349,0.40094546,0.0,70.0,293.06519282,3.07649219,0.0
1865,RUBI0143,RUBIALES-143,PRODUCTOR,META,LLANOS ORIENTALES,CARBONERA BASAL,-71.48481622,3.83057031,1288076.832,915774.821,0.0,5746.92967742,,,57.62118886,27.1599,, ,57.62118886,,Liquid,984.36631017,10.4096002,241.22413801,0.80130724,27.1599,113.86056877,0.39740561,63.79519501,70.0,293.06519282,3.06098116,0.0
1866,RUBI0051,RUBIALES-51,TAPONADO Y ABANDONADO,META,LLANOS ORIENTALES,,-71.53021405,3.76499211,1283051.088,908500.806,0.0,,,,57.49030989,26.97188,, ,57.49030989,,Liquid,984.43168454,0.0,240.67643237,0.79965141,26.97188,113.07445042,0.39478724,0.0,70.0,293.06519282,3.04874397,0.0
1867,SASA0020,SA-20,TAPONADO Y ABANDONADO,META,LLANOS ORIENTALES,,-73.887467,3.302239,1021500.15851,856599.990034,396.24,,,,57.28968189,25.888,, ,57.28968189,,Liquid,984.53169783,0.0,239.83685331,0.7971119,25.888,108.54248338,0.37966022,0.0,70.0,293.06519282,3.02998526,0.0
1868,RUBI0080,RUBIALES-80,TAPONADO Y ABANDONADO,META,LLANOS ORIENTALES,,-71.37911575,3.81234087,1299837.204,913791.619,0.0,,,,57.2280226,27.16543,, ,57.2280226,,Liquid,984.56238614,0.0,239.57882766,0.79633113,27.16543,113.88368973,0.3974826,0.0,70.0,293.06519282,3.02422011,0.0
1869,RUBI0082,RUBIALES-82,TAPONADO Y ABANDONADO,META,LLANOS ORIENTALES,,-71.44822322,3.84303191,1292140.731,917163.198,0.0,,,,57.22670803,27.14884,, ,57.22670803,,Liquid,984.56304016,0.0,239.57332661,0.79631448,27.14884,113.81432681,0.39725164,0.0,70.0,293.06519282,3.0240972,0.0
1870,RUBI0140,RUBIALES-140,PRODUCTOR,META,LLANOS ORIENTALES,CARBONERA BASAL,-71.39207126,3.80837807,1298408.717,913340.627,0.0,5090.0352381,,,56.8551578,27.14331,, ,56.8551578,,Liquid,984.7474728,9.22331602,238.01853416,0.79160665,27.14331,113.79120582,0.39717465,53.87524978,70.0,293.06519282,2.98935725,0.0
1871,RUBI0150,RUBIALES-150,PRODUCTOR,META,LLANOS ORIENTALES,CARBONERA BASAL,-71.50363904,3.73285529,1286016.31,904952.283,0.0,1610.15,,,56.55340296,27.03824,, ,56.55340296,,Liquid,984.89664256,2.91808823,236.75585015,0.7877794,27.03824,113.35190521,0.39571156,16.83328894,70.0,293.06519282,2.96114318,0.0
1872,RUBI0047,RUBIALES-47,PRODUCTOR,META,LLANOS ORIENTALES,CARBONERA BASAL,-71.4250532,3.78016644,1294739.456,910215.349,0.0,5468.79096774,,,56.54273261,27.1599,, ,56.54273261,,Liquid,984.9019072,9.91118831,236.71120107,0.787644,27.1599,113.86056877,0.39740561,56.65946791,70.0,293.06519282,2.9601455,0.0
1873,JAGU0003A,JAGUAR-3A,PRODUCTOR,META,LLANOS ORIENTALES,CARBONERA C7,-72.0271,4.2328,1228064.197,959800.8034,195.3768,274.67967742,,,56.38551857,27.02165,, ,56.38551857,,Liquid,984.97939442,0.49784609,236.0533591,0.78564859,27.02165,113.28254164,0.3954805,2.84366822,70.0,293.06519282,2.94544599,0.0
1874,JAGU0005,JAGUAR-5,PRODUCTOR,META,LLANOS ORIENTALES,CARBONERA C7,-72.0242,4.2417,1228386.513,960789.5146,196.596,270.83709677,,,56.10832394,27.03271,, ,56.10832394,,Liquid,985.11564942,0.49094947,234.8934982,0.7821281,27.03271,113.32878403,0.39563454,2.7512822,70.0,293.06519282,2.91952829,0.0
1875,BENG0005,BENGALA-5,PRODUCTOR,META,LLANOS ORIENTALES,CARBONERA C7,-71.994242,4.26704,1231708.195,963599.9995,190.1952,984.77806452,,,56.02085536,27.02718,, ,56.02085536,,Liquid,985.15854697,1.78519607,234.52751129,0.78101662,27.02718,113.30566284,0.39555752,9.95004322,70.0,293.06519282,2.91134998,0.0
1876,SASA0010,SA-10,TAPONADO Y ABANDONADO,META,LLANOS ORIENTALES,,-72.839869,3.068975,1137972.20724,830883.838056,245.9736,,,,56.00966904,26.73409,, ,56.00966904,,Liquid,985.16402974,0.0,234.48070562,0.78087445,26.73409,112.08022596,0.39147335,0.0,70.0,293.06519282,2.91030406,0.0
1877,RUBI0142,RUBIALES-142,TAPONADO Y ABANDONADO,META,LLANOS ORIENTALES,,-71.3758084,3.80086555,1300207.969,912524.008,0.0,,,,55.87514514,27.0493,, ,55.87514514,,Liquid,985.22990401,0.0,233.91783592,0.77916441,27.0493,113.39814754,0.39586559,0.0,70.0,293.06519282,2.89772607,0.0
1878,RUBI0121,RUBIALES-121,TAPONADO Y ABANDONADO,META,LLANOS ORIENTALES,,-71.47194701,3.8417208,1289502.976,917013.114,0.0,,,,55.77022072,27.12672,, ,55.77022072,,Liquid,985.28120674,0.0,233.47882024,0.77783016,27.12672,113.72184279,0.39694367,0.0,70.0,293.06519282,2.88791564,0.0
1879,CCRA0003CS,CARACARA SUR C-3,PRODUCTOR,META,LLANOS ORIENTALES,CARBONERA C7,-71.9478,4.1334,1236910.9405,948827.5089,219.1512,413.4916129,,,55.60714903,26.87234,, ,55.60714903,,Liquid,985.3608062,0.74972745,232.7965184,0.77575566,26.87234,112.65826563,0.39340036,4.10886006,70.0,293.06519282,2.87266843,0.0
1880,RUBI0081,RUBIALES-81,PRODUCTOR,META,LLANOS ORIENTALES,CARBONERA BASAL,-71.40429035,3.82481085,1297029.852,915162.42,0.0,5148.19806452,,,55.25211603,27.22073,, ,55.25211603,,Liquid,985.53354016,9.3361556,231.31107496,0.7712357,27.22073,114.11489885,0.39825238,48.72398812,70.0,293.06519282,2.83947285,0.0
1881,RUBI0038,RUBIALES-38,TAPONADO Y ABANDONADO,META,LLANOS ORIENTALES,,-71.424452,3.797176,1295188.6751,911781.352107,186.8424,,,,55.18019874,27.04377,, ,55.18019874,,Liquid,985.56843524,0.0,231.01018196,0.77031954,27.04377,113.37502638,0.39578858,0.0,70.0,293.06519282,2.83274858,0.0
1882,RUBI0130,RUBIALES-130,PRODUCTOR,META,LLANOS ORIENTALES,CARBONERA BASAL,-71.49264418,3.79299579,1287219.033,911612.998,0.0,301.96677419,,,55.17273198,27.01612,, ,55.17273198,,Liquid,985.57205636,0.54763219,230.97894208,0.77022441,27.01612,113.25942043,0.39540347,2.88448798,70.0,293.06519282,2.83205044,0.0
1883,BENG0006,BENGALA-6,PRODUCTOR,META,LLANOS ORIENTALES,CARBONERA C7,-71.994318,4.276077,1231697.005,964599.9964,190.1952,167.35387097,,,55.13918995,27.02718,, ,55.13918995,,Liquid,985.58831884,0.30350981,230.83860717,0.76979704,27.02718,113.30566284,0.39555752,1.59370512,70.0,293.06519282,2.82891426,0.0
1884,JAGU0005T,JAGUAR T-05,PRODUCTOR,META,LLANOS ORIENTALES,CARBONERA C7,-72.0595,4.2128,1224478.996,957576.9994,178.308,4955.59064516,,,55.00335206,27.09907,, ,55.00335206,,Liquid,985.65410712,8.98796527,230.27028593,0.76806583,27.09907,113.60623756,0.39655867,46.51357392,70.0,293.06519282,2.81621342,0.0
1885,RUBI0030,RUBIALES-30,PRODUCTOR,META,LLANOS ORIENTALES,CARBONERA BASAL,-71.403625,3.794955,1297505.45944,911542.618593,192.3288,7038.71322581,,,54.98277579,27.03824,, ,54.98277579,,Liquid,985.66406255,12.76625806,230.18419912,0.76780354,27.03824,113.35190521,0.39571156,66.26290299,70.0,293.06519282,2.81428954,0.0
1886,CCRA0004BS,CARACARA SUR B-4,PRODUCTOR,META,LLANOS ORIENTALES,CARBONERA C7,-71.9647,4.127,1235033.5384,948114.0165,222.504,2450.88774194,,,54.86239014,26.87234,, ,54.86239014,,Liquid,985.72225615,4.44548764,229.68053415,0.76626859,26.87234,112.65826563,0.39340036,23.15831156,70.0,293.06519282,2.80303348,0.0
1887,RUBI0040,RUBIALES-40,PRODUCTOR,META,LLANOS ORIENTALES,CARBONERA BASAL,-71.432184,3.795433,1294329.4897,911585.777904,185.928,1923.32129032,,,54.84068537,27.07695,, ,54.84068537,,Liquid,985.73273852,3.48861019,229.58972713,0.76599179,27.07695,113.5137532,0.39625065,17.87975478,70.0,293.06519282,2.80100408,0.0
1888,RUBI0031,RUBIALES-31,PRODUCTOR,META,LLANOS ORIENTALES,CARBONERA BASAL,-71.561969,3.852086,1279879.75511,917813.461165,207.8736,5165.23096774,,,54.80170176,27.03271,, ,54.80170176,,Liquid,985.7515584,9.3691166,229.42663046,0.7654946,27.03271,113.32878403,0.39563454,48.04231868,70.0,293.06519282,2.79735911,0.0
1889,CCRA0001BS,CARACARA SUR B-1,PRODUCTOR,META,LLANOS ORIENTALES,CARBONERA C7,-71.9646,4.127,1235041.5522,948113.0419,222.504,2899.89290323,,,54.78586365,26.87234,, ,54.78586365,,Liquid,985.75920178,5.26010271,229.36036835,0.76529258,26.87234,112.65826563,0.39340036,27.25738614,70.0,293.06519282,2.79587825,0.0
1890,CMRT0001A,CAMARITA-A1,TAPONADO Y ABANDONADO,META,LLANOS ORIENTALES,,-71.5938,4.526883,1276103.71349,992493.091707,137.16,,,,54.6556459,27.2152,, ,54.6556459,,Liquid,985.82198497,0.0,228.81557817,0.76363128,27.2152,114.09177798,0.39817541,0.0,70.0,293.06519282,2.78370289,0.0
1891,RUBI0165,RUBIALES-165,PRODUCTOR,META,LLANOS ORIENTALES,CARBONERA BASAL,-71.48360921,3.75010995,1288237.9,906868.768,0.0,8045.80419355,,,54.64817857,27.1046,, ,54.64817857,,Liquid,985.82558208,14.59523084,228.78433742,0.76353599,27.1046,113.62935862,0.39663568,73.65492052,70.0,293.06519282,2.7830047,0.0
1892,RUBI0117,RUBIALES-117,PRODUCTOR,META,LLANOS ORIENTALES,CARBONERA BASAL,-71.47184222,3.76813771,1289540.335,908868.355,0.0,1340.75774194,,,54.64355524,27.09354,, ,54.64355524,,Liquid,985.82780902,2.43216371,228.76499497,0.763477,27.09354,113.58311648,0.39648167,12.27987878,70.0,293.06519282,2.78257241,0.0
1893,CCRA0001AS,CARACARA SUR A-1,PRODUCTOR,META,LLANOS ORIENTALES,CARBONERA C7,-71.9804,4.1229,1233285.996,947652.0005,220.6752,6086.18419355,,,54.62804618,26.8834,, ,54.62804618,,Liquid,985.83527836,11.04055416,228.70011046,0.76327908,26.8834,112.70450854,0.39355448,56.54231708,70.0,293.06519282,2.78112232,0.0
1894,SAYO0001,SAYONA-1,TAPONADO Y ABANDONADO,CASANARE,LLANOS ORIENTALES,,-70.305542,5.84799,1418415.27504,1139520.2256,100.584,,,,54.58143015,27.53041,, ,54.58143015,,Liquid,985.85772018,0.0,228.50508569,0.76268416,27.53041,115.40965296,0.40256046,0.0,70.0,293.06519282,2.77676372,0.0
1895,SASA0013,SA-13,TAPONADO Y ABANDONADO,META,LLANOS ORIENTALES,,-73.681728,2.991858,1044379.44733,822284.386133,268.5288,,,,54.57850769,26.65667,, ,54.57850769,,Liquid,985.85912666,0.0,228.49285918,0.76264686,26.65667,111.75652104,0.39039383,0.0,70.0,293.06519282,2.77649047,0.0
1896,PASO0001,PASO REAL-1,TAPONADO Y ABANDONADO,META,LLANOS ORIENTALES,,-72.703722,3.12655,1153102.73442,837270.771989,241.4016,,,,54.56423221,26.76727,, ,54.56423221,,Liquid,985.86599617,0.0,228.43313587,0.76246465,26.76727,112.21895604,0.39193592,0.0,70.0,293.06519282,2.77515571,0.0
1897,CMRT0001D,CAMARITA-D1,TAPONADO Y ABANDONADO,META,LLANOS ORIENTALES,,-71.541833,4.579619,1281855.96942,998350.509814,153.924,,,,54.30102594,27.24285,, ,54.30102594,,Liquid,985.99242633,0.0,227.33199214,0.75910383,27.24285,114.20738223,0.39856025,0.0,70.0,293.06519282,2.75054593,0.0
1898,BENG0007,BENGALA-7,TAPONADO Y ABANDONADO,META,LLANOS ORIENTALES,,-71.989803,4.277728,1232198.01,964783.9632,188.61024,,,,53.84846982,27.04377,, ,53.84846982,,Liquid,986.20879809,0.0,225.43874888,0.75331909,27.04377,113.37502638,0.39578858,0.0,70.0,293.06519282,2.70823193,0.0
1899,BENG0008,BENGALA-8,PRODUCTOR,META,LLANOS ORIENTALES,CARBONERA C7,-71.983274,4.275767,1232923.996,964569.0018,194.31,7772.57774194,,,53.62449093,26.994,, ,53.62449093,,Liquid,986.31540975,14.10659891,224.50177349,0.75045323,26.994,113.1669355,0.39509537,66.71874241,70.0,293.06519282,2.6872899,0.0
1900,JAGU0007T,JAGUAR T-07,PRODUCTOR,META,LLANOS ORIENTALES,CARBONERA C7,-72.0352,4.2366,1227167.995,960225.0015,202.692,5851.64032258,,,53.59986292,26.96082,, ,53.59986292,,Liquid,986.32711319,10.62037914,224.39874774,0.75013799,26.96082,113.02820782,0.39463316,50.26647032,70.0,293.06519282,2.68498718,0.0
1901,CCRA0005BS,CARACARA SUR B-5,PRODUCTOR,META,LLANOS ORIENTALES,CARBONERA C7,-71.9646,4.127,1235041.5522,948113.0419,222.504,6244.70483871,,,53.58436196,26.87234,, ,53.58436196,,Liquid,986.33447742,11.33385247,224.33390308,0.74993956,26.87234,112.65826563,0.39340036,53.94223057,70.0,293.06519282,2.68353784,0.0
1902,RUBI0112,RUBIALES-112,TAPONADO Y ABANDONADO,META,LLANOS ORIENTALES,,-71.45254861,3.77038033,1291685.002,909122.98,0.0,,,,53.57978372,27.06036,, ,53.57978372,,Liquid,986.33665217,0.0,224.3147511,0.74988096,27.06036,113.44438983,0.39601962,0.0,70.0,293.06519282,2.68310978,0.0
1903,CCRA0005CS,CARACARA SUR C-5,PRODUCTOR,META,LLANOS ORIENTALES,CARBONERA C7,-71.9478,4.1334,1236907.9593,948820.4851,219.1512,1277.77806452,,,53.48827596,26.8834,, ,53.48827596,,Liquid,986.38009244,2.31921575,223.93195156,0.74870939,26.8834,112.70450854,0.39355448,10.95222053,70.0,293.06519282,2.6745538,0.0
1904,JAGU0001,JAGUAR-1,PRODUCTOR,META,LLANOS ORIENTALES,CARBONERA C7,-72.0335,4.2212,1227364.773,958514.3993,202.3872,198.86225806,,,53.1559901,26.98294,, ,53.1559901,,Liquid,986.53739022,0.36100012,222.54194303,0.74445245,26.98294,113.12069298,0.3949413,1.65116724,70.0,293.06519282,2.64348507,0.0
1905,CABI0001,CABIONA-1,TAPONADO Y ABANDONADO,META,LLANOS ORIENTALES,,-71.262708,4.654033,1312831.72951,1006705.17026,159.7152,,,,52.48027782,27.22626,, ,52.48027782,,Liquid,986.85510394,0.0,219.71544308,0.7357828,27.22626,114.13801971,0.39832935,0.0,70.0,293.06519282,2.58030598,0.0
1906,RUBI0021,RUBIALES-21,TAPONADO Y ABANDONADO,META,LLANOS ORIENTALES,,-71.4503,3.8087,1292316.051,913043.4348,182.88,,,,52.32590132,26.994,, ,52.32590132,,Liquid,986.92728306,0.0,219.06970936,0.73379963,26.994,113.1669355,0.39509537,0.0,70.0,293.06519282,2.56587177,0.0
1907,GURR0001,GUARROJO-1,TAPONADO Y ABANDONADO,META,LLANOS ORIENTALES,,-71.6986,4.2186,1264572.2456,958335.2194,193.548,,,,52.11405614,27.02718,, ,52.11405614,,Liquid,987.02608427,0.0,218.18360601,0.7310767,27.02718,113.30566284,0.39555752,0.0,70.0,293.06519282,2.54606425,0.0
1908,KANA0002,KANANASKIS-2,PRODUCTOR,CASANARE,LLANOS ORIENTALES,UNE,-72.611057,4.519821,1162758.0,991718.0,561.0,2.88,3250,125,,,,"224,07920683",51.66666667,,Subcooled liquid,996.77005701,0.00528237,235.46110084,0.71477437,25.0,104.82922231,0.36722497,0.14295235,70.0,293.06519282,2.50423333,0.0
1909,CCRA0002AS,CARACARA SUR A-2,PRODUCTOR,META,LLANOS ORIENTALES,CARBONERA C7,-71.9804,4.1228,1233284.004,947645.0018,220.6752,5820.13096774,,,51.59036231,26.8834,, ,51.59036231,,Liquid,987.26909362,10.57327979,215.99317065,0.72433803,26.8834,112.70450854,0.39355448,43.26761058,70.0,293.06519282,2.49709888,0.0
1910,CCHP0001,CACHAPA-1,TAPONADO Y ABANDONADO,CASANARE,LLANOS ORIENTALES,,-70.182837,5.840422,1432040.59175,1138774.44487,99.9744,,,,51.55914218,27.55806,, ,51.55914218,,Liquid,987.28352506,0.0,215.8625902,0.72393597,27.55806,115.52525463,0.40294488,0.0,70.0,293.06519282,2.49417979,0.0
1911,CCRA0004AS,CARACARA SUR A-4,PRODUCTOR,META,LLANOS ORIENTALES,CARBONERA C7,-71.9805,4.1228,1233282.344,947638.1478,220.6752,6850.04225806,,,51.29427208,26.8834,, ,51.29427208,,Liquid,987.40570815,12.4460147,214.75476469,0.72052337,26.8834,112.70450854,0.39355448,49.75560681,70.0,293.06519282,2.46941444,0.0
1912,MANA0002,MANACACIAS-2,TAPONADO Y ABANDONADO,META,LLANOS ORIENTALES,,-72.2359,3.4664,1205059.9908,874951.9502,233.7816,,,,50.85554645,26.80598,, ,50.85554645,,Liquid,987.60709297,0.0,212.91983405,0.71486481,26.80598,112.38080736,0.39247551,0.0,70.0,293.06519282,2.42839359,0.0
1913,JAGU0002,JAGUAR-2,PRODUCTOR,META,LLANOS ORIENTALES,CARBONERA C7,-72.030497,4.225892,1227692.67344,959036.094705,202.0,715.39967742,,,50.51583657,26.98294,, ,50.51583657,,Liquid,987.76216999,1.30029698,211.49906976,0.71047818,26.98294,113.12069298,0.3949413,4.8406132,70.0,293.06519282,2.39663072,0.0
1914,CABI0001A,CABIONA-1A,TAPONADO Y ABANDONADO,META,LLANOS ORIENTALES,,-71.272198,4.636369,1311785.23414,1004745.23126,160.6296,,,,50.38873155,27.20414,, ,50.38873155,,Liquid,987.8200002,0.0,210.96748929,0.70883573,27.20414,114.04553621,0.39802146,0.0,70.0,293.06519282,2.3847464,0.0
1915,SASA0011,SA-11,TAPONADO Y ABANDONADO,META,LLANOS ORIENTALES,,-72.931236,2.948136,1127827.26523,817507.604963,232.5624,,,,50.3837296,26.80598,, ,50.3837296,,Liquid,987.82227383,0.0,210.94657018,0.70877108,26.80598,112.38080736,0.39247551,0.0,70.0,293.06519282,2.38427872,0.0
1916,CRIA0001,CRISTAL-1-CAG,TAPONADO Y ABANDONADO,META,LLANOS ORIENTALES,,-73.951259,3.556329,1014406.42239,884696.069913,598.6272,,,,50.0,25.206864,, ,50.0,,Liquid,987.99621061,0.0,209.34176133,0.70380863,25.206864,105.69427229,0.37012522,0.0,70.0,293.06519282,2.3484,0.0
1917,CUMA0001X,CUMARAL-1X,TAPONADO Y ABANDONADO,CUNDINAMARCA,LLANOS ORIENTALES,,-73.284556,4.427442,1088394.08297,981070.901094,680.0088,,,,49.97236909,24.36725,, ,49.97236909,,Liquid,988.00869796,0.0,209.22620689,0.70345108,24.36725,102.18312084,0.35834086,0.0,70.0,293.06519282,2.34581651,0.0
1918,CUMR0001,CUMARITO-1,TAPONADO Y ABANDONADO,META,LLANOS ORIENTALES,,-72.046372,3.797014,1226046.9762,911575.859996,208.788,,,,48.65939365,26.9387,, ,48.65939365,,Liquid,988.59627951,0.0,203.73550725,0.68642628,26.9387,112.9357225,0.39432499,0.0,70.0,293.06519282,2.22305331,0.0
1919,RUBI0022,RUBIALES-22,TAPONADO Y ABANDONADO,META,LLANOS ORIENTALES,,-71.4595,3.7947,1291297.3,911496.4509,184.404,,,,48.33167183,27.07142,, ,48.33167183,,Liquid,988.74115886,0.0,202.36509178,0.68216623,27.07142,113.49063209,0.39617364,0.0,70.0,293.06519282,2.19241132,0.0
1920,SASA0014,SA-14,TAPONADO Y ABANDONADO,META,LLANOS ORIENTALES,,-73.055019,3.407969,1114012.36996,868350.185077,241.4016,,,,48.16830011,26.76727,, ,48.16830011,,Liquid,988.81311441,0.0,201.68194066,0.68004098,26.76727,112.21895604,0.39193592,0.0,70.0,293.06519282,2.17713606,0.0
1921,PIRI0001,PIRIRI-1,TAPONADO Y ABANDONADO,META,LLANOS ORIENTALES,,-71.6276,4.0045,1272530.998,934660.9747,184.7088,,,,48.04060884,27.08801,, ,48.04060884,,Liquid,988.86923043,0.0,201.147995,0.67837914,27.08801,113.5599954,0.39640467,0.0,70.0,293.06519282,2.16519693,0.0
1922,STOO0001,ST O-1,TAPONADO Y ABANDONADO,VICHADA,LLANOS ORIENTALES,,-70.466097,4.344686,1401532.2637,972832.728704,182.88,,,,47.6476472,27.31474,, ,47.6476472,,Liquid,989.0412372,0.0,199.50483893,0.67326087,27.31474,114.50795222,0.39956067,0.0,70.0,293.06519282,2.12845501,0.0
1923,CABI0009,CABIONA-9,TAPONADO Y ABANDONADO,META,LLANOS ORIENTALES,,-71.166664,4.72185,1323470.76666,1014257.54411,152.7048,,,,46.76598583,27.24285,, ,46.76598583,,Liquid,989.4233638,0.0,195.81834564,0.66175492,27.24285,114.20738223,0.39856025,0.0,70.0,293.06519282,2.04601968,0.0
1924,EVIE0001,EL VIENTO-1,TAPONADO Y ABANDONADO,META,LLANOS ORIENTALES,,-72.604697,3.241442,1164095.50837,849994.549669,207.5688,,,,46.3600629,26.96635,, ,46.3600629,,Liquid,989.5975211,0.0,194.12112342,0.65644701,26.96635,113.05132912,0.3947102,0.0,70.0,293.06519282,2.00806588,0.0
1925,KANA0003,KANANASKIS-3,PRODUCTOR,CASANARE,LLANOS ORIENTALES,GACHETA,-72.609693,4.519623,1162909.4,991696.4,561.0,1.38,1589,115,,,,"109,55749528",46.11111111,,Subcooled liquid,994.43045866,0.0025252,202.59598845,0.64843592,25.0,104.82922231,0.36722497,0.03526663,70.0,293.06519282,1.98478889,0.0
1926,STCN0005,ST CN-5,TAPONADO Y ABANDONADO,VICHADA,LLANOS ORIENTALES,,-69.492444,5.662119,1508868.17798,1119572.85462,228.6,,,,45.40156587,27.46405,, ,45.40156587,,Liquid,990.00426841,0.0,190.11366175,0.6438872,27.46405,115.13220803,0.40163768,0.0,70.0,293.06519282,1.91844641,0.0
1927,STOO0002,ST O-2,TAPONADO Y ABANDONADO,VICHADA,LLANOS ORIENTALES,,-70.677628,4.041586,1378153.16847,939147.228134,219.456,,,,45.24719362,26.97188,, ,45.24719362,,Liquid,990.06918461,0.0,189.46825289,0.64186088,26.97188,113.07445042,0.39478724,0.0,70.0,293.06519282,1.9040126,0.0
1928,LKIO0001,LOS KIOSCOS-1,TAPONADO Y ABANDONADO,META,LLANOS ORIENTALES,,-72.229172,3.443381,1205809.5463,872405.061662,214.884,,,,44.86044017,26.96082,, ,44.86044017,,Liquid,990.23109396,0.0,187.851313,0.63678002,26.96082,113.02820782,0.39463316,0.0,70.0,293.06519282,1.86785116,0.0
1929,ARAM0001,ARAMA-1,TAPONADO Y ABANDONADO,META,LLANOS ORIENTALES,,-73.94681,3.445934,1014902.53447,872488.712317,560.2224,,,,44.42900086,25.0032,, ,44.42900086,,Liquid,990.41047885,0.0,186.04758699,0.63110493,25.0032,104.84260398,0.36726985,0.0,70.0,293.06519282,1.82751158,0.0
1930,TATI0001,TAPITI-01,PRODUCTOR,CASANARE,LLANOS ORIENTALES,MIRADOR,-72.692238,4.777932,1153690.08,1020250.97,709.0,48.53,3750,110,,,,"258,55293096",43.33333333,,Subcooled liquid,1001.86613004,0.0894667,204.02088196,0.60595965,25.0,104.82922231,0.36722497,2.50942664,70.0,293.06519282,1.72506667,0.0
1931,MIRD0001,MIRADOR-1,TAPONADO Y ABANDONADO,CASANARE,LLANOS ORIENTALES,,-72.5994,5.2112,1164273.1771,1067891.9587,352.9584,,,,43.31629586,26.13132,, ,43.31629586,,Liquid,990.86707714,0.0,181.39584876,0.61643337,26.13132,109.55989885,0.38306097,0.0,70.0,293.06519282,1.72347366,0.0
1932,RUBI0003,RUBIALES-3,TAPONADO Y ABANDONADO,META,LLANOS ORIENTALES,,-71.480756,3.822178,1288919.48438,914529.870994,161.0,,,,43.30760912,27.03824,, ,43.30760912,,Liquid,990.87060723,0.0,181.35953417,0.61631864,27.03824,113.35190521,0.39571156,0.0,70.0,293.06519282,1.72266145,0.0
1933,STCN0008,ST CN-8,TAPONADO Y ABANDONADO,VICHADA,LLANOS ORIENTALES,,-69.876508,5.885419,1466012.7646,1144008.89965,99.6696,,,,42.93091095,27.55806,, ,42.93091095,,Liquid,991.02317136,0.0,179.78477371,0.61134,27.55806,115.52525463,0.40294488,0.0,70.0,293.06519282,1.68744017,0.0
1934,STCI0014,ST CI-14,TAPONADO Y ABANDONADO,VICHADA,LLANOS ORIENTALES,,-69.217892,5.994731,1539067.82152,1156735.26526,93.8784,,,,42.57514596,27.56359,, ,42.57514596,,Liquid,991.1663253,0.0,178.29754498,0.60663265,27.56359,115.54837494,0.40302177,0.0,70.0,293.06519282,1.65417615,0.0
1935,PLAN0001,PLANAS-1,TAPONADO Y ABANDONADO,META,LLANOS ORIENTALES,,-71.2534,4.21,1314053.4996,957547.1199,186.8424,,,,42.15292476,27.09354,, ,42.15292476,,Liquid,991.33503899,0.0,176.53253127,0.60103915,27.09354,113.58311648,0.39648167,0.0,70.0,293.06519282,1.61469847,0.0
1936,SASA0017,SA-17,TAPONADO Y ABANDONADO,META,LLANOS ORIENTALES,,-73.933553,3.360639,1016377.14913,863056.961703,466.6488,,,,39.9647286,25.56173,, ,39.9647286,,Liquid,992.18859369,0.0,167.38560136,0.57193094,25.56173,107.17818778,0.37509566,0.0,70.0,293.06519282,1.41010212,0.0
1937,LIPA0001,LIPA-1,TAPONADO Y ABANDONADO,ARAUCA,LLANOS ORIENTALES,,-69.755,6.0759,1479343.6579,1165238.3351,83.82,,,,39.23170761,27.57465,, ,39.23170761,,Liquid,992.46659934,0.0,164.32160612,0.56213485,27.57465,115.59461553,0.40317552,0.0,70.0,293.06519282,1.34156466,0.0
1938,SMSM0010,SM-10,TAPONADO Y ABANDONADO,CASANARE,LLANOS ORIENTALES,,-72.191822,3.193708,1210014.9898,844789.62624,222.504,,,,38.72455657,26.87787,, ,38.72455657,,Liquid,992.65657584,0.0,162.201765,0.55534389,26.87787,112.68138709,0.39347742,0.0,70.0,293.06519282,1.29414604,0.0
1939,RUBI0001,RUBIALES-1,TAPONADO Y ABANDONADO,META,LLANOS ORIENTALES,,-71.519681,3.768339,1284609.04173,908557.400784,186.0,,,,38.51632566,27.09354,, ,38.51632566,,Liquid,992.734014,0.0,161.33138614,0.55255241,27.09354,113.58311648,0.39648167,0.0,70.0,293.06519282,1.27467645,0.0
1940,ELME0001,EL MELON-1,TAPONADO Y ABANDONADO,META,LLANOS ORIENTALES,,-72.625119,2.859364,1161882.05592,807727.964443,191.7192,,,,37.34518514,26.98847,, ,37.34518514,,Liquid,993.16337009,0.0,156.43621614,0.53681774,26.98847,113.14381424,0.39501834,0.0,70.0,293.06519282,1.16517481,0.0
1941,EMIE0004,EL MIEDO-4,TAPONADO Y ABANDONADO,CASANARE,LLANOS ORIENTALES,,-70.1726,5.612239,1433349.30508,1113490.27499,95.0976,,,,37.32784819,27.547,, ,37.32784819,,Liquid,993.16964675,0.0,156.36375115,0.53658436,27.547,115.47901399,0.40279112,0.0,70.0,293.06519282,1.16355381,0.0
1942,RUBI0015,RUBIALES-15,TAPONADO Y ABANDONADO,META,LLANOS ORIENTALES,,-71.413892,3.782292,1296368.00673,910137.330559,191.0,,,,37.09387148,27.0493,, ,37.09387148,,Liquid,993.25412773,0.0,155.38577586,0.53343353,27.0493,113.39814754,0.39586559,0.0,70.0,293.06519282,1.14167698,0.0
1943,CLIM0019,CAÑO LIMON 19,PRODUCTOR,ARAUCA,LLANOS ORIENTALES,UPPER CARBONERA,-71.117792,6.943752,995535.0,1259610.0,464.0,133.5,6548,"94,26",,,,"451,46789117",34.58888889,,Subcooled liquid,1013.18092914,0.24889129,184.97765393,0.48359733,25.0,104.82922231,0.36722497,11.31695424,70.0,293.06519282,0.90746111,0.0
1944,SASA0016,SA-16,TAPONADO Y ABANDONADO,META,LLANOS ORIENTALES,,-73.89720143,3.29561051,1020040.0,856183.0,396.5448,,,,33.97467312,25.9433,, ,33.97467312,,Liquid,994.33912968,0.0,142.348192,0.49120044,25.9433,108.77371604,0.38043337,0.0,70.0,293.06519282,0.85003194,0.0
1945,CANT0015,CANTAGALLO-15,PRODUCTOR,BOLIVAR,VALLE MEDIO DEL MAGDALENA,MUGROSA (B),-73.925136,7.366775,1017199.95659,1306079.96349,71.628,0.00419355,,,189.84056581,27.72949,, ,189.84056581,,Liquid,876.25361822,6.76e-06,806.72094324,2.23396289,27.72949,116.24198013,0.40532754,0.00095038,70.0,293.06519282,15.4234929,0.00053568
1946,CANT0015,CANTAGALLO-15,PRODUCTOR,BOLIVAR,VALLE MEDIO DEL MAGDALENA,LA PAZ (CG),-73.925136,7.366775,1017199.95659,1306079.96349,71.628,0.05870968,,,189.84056581,27.72949,, ,189.84056581,,Liquid,876.25361822,9.466e-05,806.72094324,2.23396289,27.72949,116.24198013,0.40532754,0.01330532,70.0,293.06519282,15.4234929,0.00749956
1947,PAYO0019,PAYOA-19,PRODUCTOR,SANTANDER,VALLE MEDIO DEL MAGDALENA,MUGROSA,-73.463253,7.307761,1068207.23809,1299597.1674,141.4272,0.56583871,,,114.49232584,27.32027,, ,114.49232584,,Liquid,947.47921251,0.00098652,480.4412283,1.4681313,27.32027,114.53107292,0.39963761,0.04441276,70.0,293.06519282,8.37843247,0.01548747
1948,CRIS0004,CRISTALINA-4,PRODUCTOR,SANTANDER,VALLE MEDIO DEL MAGDALENA,LA PAZ (CG),-73.70035,7.527192,1042003.8372,1323836.39791,67.6656,35.41354839,,,105.5982283,27.75161,, ,105.5982283,,Liquid,954.26075299,0.0621839,442.80151686,1.37001945,27.75161,116.33446023,0.40563488,2.26516312,70.0,293.06519282,7.54683435,0.70269994
1949,CANT0023,CANTAGALLO-23,PRODUCTOR,BOLIVAR,VALLE MEDIO DEL MAGDALENA,LA PAZ (CG),-73.922075,7.367125,1017537.9234,1306118.79045,69.7992,1055.29615385,,,103.19655708,27.68525,, ,103.19655708,,Liquid,956.03190996,1.856471,432.65686035,1.34317688,27.68525,116.05701951,0.40471279,63.8951504,70.0,293.06519282,7.32227809,18.97552859
1950,PAYO0017,PAYOA-17,PRODUCTOR,SANTANDER,VALLE MEDIO DEL MAGDALENA,ESMERALDAS - LA PAZ,-73.484206,7.2878,1065896.30632,1297386.36425,157.8864,0.29541935,,,97.28664647,27.23179,, ,97.28664647,,Liquid,960.27952224,0.00052201,407.72458589,1.27646345,27.23179,114.16114056,0.39840631,0.0156304,70.0,293.06519282,6.76970145,0.00405189
1951,PAYO0022,PAYOA-22,PRODUCTOR,SANTANDER,VALLE MEDIO DEL MAGDALENA,ESMERALDAS - LA PAZ,-73.478203,7.279736,1066560.42349,1296495.38226,184.0992,20.99903226,,,94.17428099,27.1046,, ,94.17428099,,Liquid,962.45222275,0.03718946,394.61092728,1.24094132,27.1046,113.62935862,0.39663568,1.02648713,70.0,293.06519282,6.47869527,0.24466347
1952,SANT0065,SANTOS-65,PRODUCTOR,SANTANDER,VALLE MEDIO DEL MAGDALENA,LA PAZ - ESMERALDAS - MUGROSA (KL1L2MNO),-73.455344,7.362353,1069072.16129,1305636.21885,115.824,1.05903226,,,93.83893171,27.26497,, ,93.83893171,,Liquid,962.68364612,0.00187601,393.19860449,1.23709754,27.26497,114.29986547,0.39886809,0.05104199,70.0,293.06519282,6.44734012,0.01211138
1953,YARI0068D,YARIGUI-68D,PRODUCTOR,SANTANDER,VALLE MEDIO DEL MAGDALENA,LA PAZ - MUGROSA (CCG),-73.899053,7.393744,1020078.63775,1309063.71672,76.8096,481.85580645,,,93.68314955,27.74608,, ,93.68314955,,Liquid,962.79097259,0.85367101,392.54256951,1.23531087,27.74608,116.31134022,0.40555805,22.78133847,70.0,293.06519282,6.43277448,5.46277335
1954,SANT0029,SANTOS-29,PRODUCTOR,SANTANDER,VALLE MEDIO DEL MAGDALENA,MUGROSA (OP),-73.451694,7.335719,1069479.32729,1302691.12452,124.968,0.13225806,,,93.07580906,27.39769,, ,93.07580906,,Liquid,963.20831953,0.00023441,389.98516561,1.22833862,27.39769,114.85476182,0.40071469,0.00621528,70.0,293.06519282,6.37598815,0.00144859
1955,PAYO0025,PAYOA-25,PRODUCTOR,SANTANDER,VALLE MEDIO DEL MAGDALENA,ESMERALDAS - LA PAZ,-73.466539,7.299667,1067845.56846,1298701.43292,134.4168,47.35235484,,,92.3506226,27.35898,, ,92.3506226,,Liquid,963.70438644,0.08397052,386.93204556,1.21999961,27.35898,114.69291759,0.40017619,2.18304889,70.0,293.06519282,6.30818321,0.49721406
1956,LLAN0095,LLANITO-95D,PRODUCTOR,SANTANDER,VALLE MEDIO DEL MAGDALENA,MUGROSA (B),-73.832583,7.169,1027430.86663,1284211.78881,83.2104,300.35032258,,,92.27551631,27.62995,, ,92.27551631,,Liquid,963.75562232,0.53264328,386.61587081,1.21913508,27.62995,115.82581796,0.40394423,13.69919503,70.0,293.06519282,6.30116077,3.13981423
1957,SLUC0002,SANTA LUCIA-2,PRODUCTOR,CESAR,VALLE MEDIO DEL MAGDALENA,LA PAZ,-73.658425,7.799644,1046601.61832,1353973.43282,48.4632,93.87677419,,,91.29439676,27.84009,, ,91.29439676,,Liquid,964.42248441,0.1665969,382.48619237,1.20782674,27.84009,116.70437927,0.406864,4.13495369,70.0,293.06519282,6.2094261,0.92503442
1958,PAYO0029,PAYOA-29,PRODUCTOR,SANTANDER,VALLE MEDIO DEL MAGDALENA,ESMERALDAS - LA PAZ,-73.476608,7.282994,1066736.03586,1296855.98329,158.8008,0.09790323,,,90.75234582,27.2152,, ,90.75234582,,Liquid,964.78896772,0.00017381,380.20504269,1.20156707,27.2152,114.09177798,0.39817541,0.0043318,70.0,293.06519282,6.15874433,0.00093278
1959,SANT0073,SANTOS-73,PRODUCTOR,SANTANDER,VALLE MEDIO DEL MAGDALENA,LA PAZ (L1L3),-73.452911,7.345614,1069343.44032,1303785.26952,121.92,0.00225806,,,90.33930999,27.41981,, ,90.33930999,,Liquid,965.06729054,4.01e-06,378.46703567,1.19679153,27.41981,114.94724403,0.40102238,9.806e-05,70.0,293.06519282,6.12012548,2.096e-05
1960,SANT0055,SANTOS-55,PRODUCTOR,SANTANDER,VALLE MEDIO DEL MAGDALENA,LA PAZ - ESMERALDAS (L3MNP),-73.454178,7.362664,1069200.92738,1305670.80699,149.0472,0.04548387,,,90.26702941,27.26497,, ,90.26702941,,Liquid,965.11591348,8.078e-05,378.16290496,1.1959553,27.26497,114.29986547,0.39886809,0.00198107,70.0,293.06519282,6.11336725,0.00042022
1961,SANT0098,SANTOS-98,PRODUCTOR,SANTANDER,VALLE MEDIO DEL MAGDALENA,LA PAZ - ESMERALDAS (L1L3M),-73.452598,7.344372,1069378.22832,1303647.98577,121.3104,2.13741935,,,89.43842099,27.41981,, ,89.43842099,,Liquid,965.67154412,0.00379805,374.67679016,1.18635802,27.41981,114.94724403,0.40102238,0.09039039,70.0,293.06519282,6.03589236,0.01870915
1962,SANT0004,SANTOS-4,PRODUCTOR,SANTANDER,VALLE MEDIO DEL MAGDALENA,MUGROSA (OP),-73.452211,7.349261,1069420.17018,1304188.75896,123.7488,0.11258065,,,89.38770925,27.40875,, ,89.38770925,,Liquid,965.70544331,0.00020006,374.46345818,1.18577,27.40875,114.90100294,0.40086854,0.00475555,70.0,293.06519282,6.03115082,0.00098212
1963,SUER0038,SUERTE-38,PRODUCTOR,SANTANDER,VALLE MEDIO DEL MAGDALENA,LA PAZ - ESMERALDA - MUGROSA (L1L3MNO),-73.456364,7.387917,1068955.63321,1308463.43523,110.6424,0.09548387,,,88.73505049,27.46405,, ,88.73505049,,Liquid,966.14063064,0.00016975,371.71810564,1.1781954,27.46405,115.13220803,0.40163768,0.0039481,70.0,293.06519282,5.97012722,0.0007971
1964,ABLA0007,AGUAS BLANCAS-7,TAPONADO Y ABANDONADO,SANTANDER,VALLE MEDIO DEL MAGDALENA,,-73.794685,6.839499,4912229.0099,2313825.6277,360.0,,,,88.55181163,27.51935,, ,88.55181163,,Liquid,966.26244709,0.0,370.94740165,1.17606651,27.51935,115.36341223,0.40240667,0.0,70.0,293.06519282,5.95299439,0.0
1965,SANT0093,SANTOS-93,PRODUCTOR,SANTANDER,VALLE MEDIO DEL MAGDALENA,LA PAZ - ESMERALDAS (L1L3M),-73.453936,7.362092,1069227.70428,1305607.55895,149.9616,7.39870968,,,88.51483432,27.2705,, ,88.51483432,,Liquid,966.28700998,0.01315538,370.79187879,1.17563678,27.2705,114.32298626,0.39894505,0.30587952,70.0,293.06519282,5.94953701,0.06083547
1966,PAYO0023,PAYOA-23,PRODUCTOR,SANTANDER,VALLE MEDIO DEL MAGDALENA,ESMERALDAS - LA PAZ,-73.469136,7.314919,1067556.45878,1300387.98641,138.0744,1.45193548,,,88.4419365,27.28156,, ,88.4419365,,Liquid,966.33541461,0.00258176,370.48528165,1.17478949,27.28156,114.3692278,0.39909896,0.0598724,70.0,293.06519282,5.94272106,0.01187834
1967,SUER0041,SUERTE-41,PRODUCTOR,SANTANDER,VALLE MEDIO DEL MAGDALENA,LA PAZ - ESMERALDAS - MUGROSA (L3MNOP),-73.455414,7.383939,1069061.14228,1308023.63641,117.0432,0.0483871,,,87.12449513,27.44193,, ,87.12449513,,Liquid,967.20581148,8.612e-05,364.94519738,1.15944951,27.44193,115.0397261,0.40133004,0.00190617,70.0,293.06519282,5.81954029,0.00036024
1968,SANT0097,SANTOS-97,PRODUCTOR,SANTANDER,VALLE MEDIO DEL MAGDALENA,ESMERALDAS - MUGROSA (MP),-73.452975,7.356806,1069334.64847,1305023.06393,131.064,4.20548387,,,86.88794611,27.39216,, ,86.88794611,,Liquid,967.3612087,0.00748594,363.95063836,1.15668969,27.39216,114.83164124,0.40063777,0.16474242,70.0,293.06519282,5.79742296,0.03076367
1969,SANT0059,SANTOS-59,PRODUCTOR,SANTANDER,VALLE MEDIO DEL MAGDALENA,ESMERALDAS (MNO),-73.453353,7.3495,1069294.06452,1304215.00454,121.6152,0.04258065,,,86.73429268,27.41428,, ,86.73429268,,Liquid,967.46200429,7.58e-05,363.30463779,1.15489611,27.41428,114.92412349,0.40094546,0.0016588,70.0,293.06519282,5.78305637,0.00030791
1970,TESO0029,TESORO-29,PRODUCTOR,SANTANDER,VALLE MEDIO DEL MAGDALENA,MUGROSA (B),-73.560778,7.040472,1057470.97665,1270022.12949,117.0432,221.42709677,,,86.5852301,27.47511,, ,86.5852301,,Liquid,967.55967934,0.39423026,362.67795937,1.15315545,27.47511,115.17844894,0.40179149,8.56794119,70.0,293.06519282,5.76911901,1.5832458
1971,LISA0142,LISAMA-142,PRODUCTOR,SANTANDER,VALLE MEDIO DEL MAGDALENA,MUGROSA (CB),-73.565147,7.103792,1056980.4206,1277024.52587,137.16,0.85516129,,,86.57041593,27.50276,, ,86.57041593,,Liquid,967.56938064,0.00152255,362.61567978,1.15298242,27.50276,115.29405106,0.40217599,0.03304272,70.0,293.06519282,5.76773389,0.00610769
1972,COND0015,CONDE-15,PRODUCTOR,SANTANDER,VALLE MEDIO DEL MAGDALENA,LA PAZ - ESMERALDA - MUGROSA (KL1MNO),-73.458975,7.3174,1068678.17075,1300663.87876,135.3312,0.07290323,,,86.18512575,27.36451,, ,86.18512575,,Liquid,967.82132123,0.00012983,360.99597007,1.14847994,27.36451,114.71603822,0.40025312,0.00279648,70.0,293.06519282,5.73170926,0.00050552
1973,LLAN0093,LLANITO-93D,PRODUCTOR,SANTANDER,VALLE MEDIO DEL MAGDALENA,MUGROSA (CB),-73.833553,7.189994,1027322.52249,1286533.58361,79.8576,685.24518519,,,85.64279982,27.7129,, ,85.64279982,,Liquid,968.17472829,1.22079055,358.71633273,1.14213476,27.7129,116.17261996,0.40509702,25.52301759,70.0,293.06519282,5.68100178,4.55311225
1974,SUER0045,SUERTE-45,PRODUCTOR,SANTANDER,VALLE MEDIO DEL MAGDALENA,LA PAZ - ESMERALDAS - MUGROSA (L1L3MO),-73.459117,7.394908,1068650.61091,1309236.28301,126.492,0.09548387,,,85.61867598,27.34239,, ,85.61867598,,Liquid,968.19041543,0.00017011,358.61493571,1.1418523,27.34239,114.62355564,0.39994538,0.00360045,70.0,293.06519282,5.6787462,0.00063322
1975,SUER0025,SUERTE-25,PRODUCTOR,SANTANDER,VALLE MEDIO DEL MAGDALENA,ESMERALDAS - MUGROSA (MNOP),-73.456008,7.381747,1068995.8524,1307781.1417,126.1872,0.24580645,,,85.28505749,27.39216,, ,85.28505749,,Liquid,968.40706925,0.00043802,357.21272843,1.13794431,27.39216,114.83164124,0.40063777,0.00915458,70.0,293.06519282,5.64755287,0.00158684
1976,LISA0127,LISAMA-127,PRODUCTOR,SANTANDER,VALLE MEDIO DEL MAGDALENA,MUGROSA - COLORADO (BA),-73.578319,7.055497,1055530.94042,1271681.72033,108.8136,34.26741935,,,85.28002882,27.4917,, ,85.28002882,,Liquid,968.41033076,0.06106358,357.19159358,1.13788537,27.4917,115.24781024,0.40202219,1.27152716,70.0,293.06519282,5.64708269,0.22112775
1977,SANT0036,SANTOS-36,PRODUCTOR,SANTANDER,VALLE MEDIO DEL MAGDALENA,ESMERALDAS (MN),-73.454758,7.366261,1069136.27209,1306068.56833,146.9136,0.07096774,,,85.1874996,27.29815,, ,85.1874996,,Liquid,968.47032156,0.00012647,356.80270902,1.13680088,27.29815,114.43859005,0.39932982,0.0026436,70.0,293.06519282,5.63843121,0.00045451
1978,LLAN0086,LLANITO-86,PRODUCTOR,SANTANDER,VALLE MEDIO DEL MAGDALENA,ESMERALDAS - LA PAZ - MUGROSA (DC),-73.835074,7.18036,1027155.04761,1285468.02023,84.7344,2018.268,,,84.89234312,27.66313,, ,84.89234312,,Liquid,968.66140577,3.59742921,355.56226773,1.13333973,27.66313,115.96453899,0.40440539,73.51004213,70.0,293.06519282,5.61083408,12.61477108
1979,SUER0048,SUERTE-48,PRODUCTOR,SANTANDER,VALLE MEDIO DEL MAGDALENA,LA PAZ - ESMERALDAS - MUGROSA (L1L3MO),-73.459869,7.397864,1068567.04883,1309563.05719,131.9784,0.67064516,,,84.36908134,27.4917,, ,84.36908134,,Liquid,968.99911988,0.0011958,353.36336866,1.12719717,27.4917,115.24781024,0.40202219,0.02416288,70.0,293.06519282,5.56190911,0.00401038
1980,YARI0061D,YARIGUI-61D,PRODUCTOR,BOLIVAR,VALLE MEDIO DEL MAGDALENA,LA PAZ - MUGROSA (CCG),-73.911694,7.379808,1018683.52856,1307521.91208,71.628,276.00806452,,,84.26606752,27.72949,, ,84.26606752,,Liquid,969.06544742,0.49217132,352.93050294,1.12598691,27.72949,116.24198013,0.40532754,9.82620022,70.0,293.06519282,5.55227731,1.63592237
1981,YARI0054D,YARIGUI-54D,PRODUCTOR,BOLIVAR,VALLE MEDIO DEL MAGDALENA,LA PAZ (CG),-73.911681,7.379747,1018685.05476,1307515.15534,71.628,77.85225806,,,83.75585201,27.72949,, ,83.75585201,,Liquid,969.39319325,0.13887133,350.78670616,1.11998782,27.72949,116.24198013,0.40532754,2.72539244,70.0,293.06519282,5.50457216,0.44123899
1982,YARI0067D,YARIGUI-67D,PRODUCTOR,SANTANDER,VALLE MEDIO DEL MAGDALENA,LA PAZ - MUGROSA (CCG),-73.89815,7.405353,1020177.78389,1310347.58299,71.9328,1547.54548387,,,83.75047991,27.73502,, ,83.75047991,,Liquid,969.39663731,2.76049113,350.76413518,1.11992461,27.73502,116.26510016,0.40540438,54.15470597,70.0,293.06519282,5.50406987,8.76674042
1983,SUER0046,SUERTE-46,PRODUCTOR,SANTANDER,VALLE MEDIO DEL MAGDALENA,LA PAZ - ESMERALDA - MUGROSA (L1L3MNO),-73.457703,7.391714,1068807.21475,1308883.19968,104.8512,0.67064516,,,83.41611995,27.49723,, ,83.41611995,,Liquid,969.61071707,0.00119655,349.35936333,1.11598882,27.49723,115.27093066,0.40209909,0.02341239,70.0,293.06519282,5.47280722,0.00368642
1984,SUER0024,SUERTE-24,PRODUCTOR,SANTANDER,VALLE MEDIO DEL MAGDALENA,ESMERALDAS - MUGROSA (NOP),-73.458644,7.392681,1068703.10212,1308989.9716,111.5568,0.09548387,,,83.36150081,27.46958,, ,83.36150081,,Liquid,969.64563566,0.00017037,349.129897,1.11534557,27.46958,115.15532849,0.40171458,0.0033307,70.0,293.06519282,5.46770033,0.00052225
1985,TESO0006,TESORO-6,PRODUCTOR,SANTANDER,VALLE MEDIO DEL MAGDALENA,MUGROSA (CB),-73.580672,7.023467,1055274.76862,1268138.9847,136.8552,5.08258065,,,83.10815507,27.42534,, ,83.10815507,,Liquid,969.80741011,0.00907008,348.0655724,1.11236069,27.42534,114.97036456,0.40109929,0.17608893,70.0,293.06519282,5.4440125,0.02715789
1986,YARI0065D,YARIGUI-65D,PRODUCTOR,SANTANDER,VALLE MEDIO DEL MAGDALENA,LA PAZ - MUGROSA (CCG),-73.899486,7.393403,1020030.81469,1309025.91813,69.7992,143.22903226,,,83.04207934,27.75714,, ,83.04207934,,Liquid,969.84955089,0.25560942,347.78799233,1.11158187,27.75714,116.35758023,0.40571171,4.89106611,70.0,293.06519282,5.43783442,0.76062595
1987,SANT0088,SANTOS-88,PRODUCTOR,SANTANDER,VALLE MEDIO DEL MAGDALENA,ESMERALDAS - MUGROSA (MNOP),-73.453656,7.340522,1069262.01859,1303222.01159,128.016,0.1416,,,82.75967901,27.41981,, ,82.75967901,,Liquid,970.02941304,0.00025275,346.60168783,1.10825176,27.41981,114.94724403,0.40102238,0.00484993,70.0,293.06519282,5.41142999,0.00073224
1988,LISA0139,LISAMA-139,PRODUCTOR,SANTANDER,VALLE MEDIO DEL MAGDALENA,COLORADO (A),-73.560014,7.047397,1057554.5295,1270788.10571,112.4712,1.209,,,82.75070891,27.49723,, ,82.75070891,,Liquid,970.03511968,0.00215802,346.56400746,1.10814595,27.49723,115.27093066,0.40209909,0.04127848,70.0,293.06519282,5.41059128,0.00624661
1989,LISA0139,LISAMA-139,PRODUCTOR,SANTANDER,VALLE MEDIO DEL MAGDALENA,MUGROSA (B),-73.560014,7.047397,1057554.5295,1270788.10571,112.4712,2.0135,,,82.75070891,27.49723,, ,82.75070891,,Liquid,970.03511968,0.00359402,346.56400746,1.10814595,27.49723,115.27093066,0.40209909,0.06874625,70.0,293.06519282,5.41059128,0.01040326
1990,LISA0140,LISAMA-140,PRODUCTOR,SANTANDER,VALLE MEDIO DEL MAGDALENA,MUGROSA (C),-73.5721,7.063358,1056217.17733,1272551.87613,135.636,10.78516129,,,82.6490546,27.43087,, ,82.6490546,,Liquid,970.09976288,0.01925238,346.1369964,1.10694659,27.43087,114.99348509,0.40117621,0.36788034,70.0,293.06519282,5.40108661,0.05518607
1991,SANT0051,SANTOS-51,PRODUCTOR,SANTANDER,VALLE MEDIO DEL MAGDALENA,LA PAZ - ESMERALDAS - MUGROSA (KL3MNP),-73.451475,7.344622,1069502.17253,1303675.80979,121.0056,0.23032258,,,82.58380729,27.43087,, ,82.58380729,,Liquid,970.14122751,0.00041116,345.86292191,1.10617661,27.43087,114.99348509,0.40117621,0.00783903,70.0,293.06519282,5.39498598,0.00117117
1992,PAYO0011,PAYOA-11,PRODUCTOR,SANTANDER,VALLE MEDIO DEL MAGDALENA,ESMERALDAS - LA PAZ,-73.487881,7.275861,1065492.18524,1296065.3973,172.212,1.71412903,,,82.1494751,27.16543,, ,82.1494751,,Liquid,970.41670826,0.00306086,344.03857999,1.1010477,27.16543,113.88368973,0.3974826,0.05806132,70.0,293.06519282,5.35437592,0.00835402
1993,NUTR0022,NUTRIA-22,PRODUCTOR,SANTANDER,VALLE MEDIO DEL MAGDALENA,MUGROSA (B),-73.547153,7.025253,1058978.38574,1268340.60846,258.4704,1.86387097,,,81.86337283,26.77833,, ,81.86337283,,Liquid,970.5976613,0.00332887,342.83694017,1.097666,26.77833,112.26519933,0.39209009,0.06343282,70.0,293.06519282,5.32762536,0.008827
1994,NUTR0012,NUTRIA-12,PRODUCTOR,SANTANDER,VALLE MEDIO DEL MAGDALENA,MUGROSA (B),-73.548678,7.01985,1058810.55445,1267742.88429,252.0696,1.81741935,,,81.62177122,26.76174,, ,81.62177122,,Liquid,970.750152,0.00324642,341.82225779,1.0948083,26.76174,112.19583439,0.39185883,0.06138668,70.0,293.06519282,5.30503561,0.00839711
1995,LISA0150,LISAMA-150,PRODUCTOR,SANTANDER,VALLE MEDIO DEL MAGDALENA,MUGROSA (B),-73.562131,7.042886,1057321.20337,1270288.93267,103.0224,0.35354839,,,81.54838536,27.4917,, ,81.54838536,,Liquid,970.79641317,0.00063157,341.51406023,1.09393992,27.4917,115.24781024,0.40202219,0.01158968,70.0,293.06519282,5.29817403,0.00162117
1996,TESO0036R,TESORO-36R,PRODUCTOR,SANTANDER,VALLE MEDIO DEL MAGDALENA,MUGROSA (B),-73.563138,7.024272,1057212.17,1268230.11968,117.0432,0.0283871,,,81.5011389,27.47511,, ,81.5011389,,Liquid,970.82618233,5.071e-05,341.31564227,1.09338076,27.47511,115.17844894,0.40179149,0.00092963,70.0,293.06519282,5.29375649,0.00012953
1997,SUER0012,SUERTE-12,PRODUCTOR,SANTANDER,VALLE MEDIO DEL MAGDALENA,LA PAZ - ESMERALDAS - MUGROSA (KL3NO),-73.45635,7.389719,1068956.88843,1308662.81658,119.7864,0.0483871,,,81.41604376,27.46958,, ,81.41604376,,Liquid,970.87977122,8.644e-05,340.95827832,1.09237349,27.46958,115.15532849,0.40171458,0.00158028,70.0,293.06519282,5.28580009,0.00021884
1998,GALN0071,GALAN-71,PRODUCTOR,SANTANDER,VALLE MEDIO DEL MAGDALENA,MUGROSA - COLORADO (CBA),-73.895353,7.098017,1020500.49599,1276358.2392,73.7616,7.0316129,,,81.17193154,27.66866,, ,81.17193154,,Liquid,971.03330131,0.01256407,339.9331422,1.08948268,27.66866,115.98765913,0.40448224,0.22599403,70.0,293.06519282,5.2629756,0.03099116
1999,LISA0079,LISAMA-79,PRODUCTOR,SANTANDER,VALLE MEDIO DEL MAGDALENA,MUGROSA (CB),-73.568578,7.057328,1056607.07444,1271885.34953,144.1704,27.44516129,,,81.06038294,27.41428,, ,81.06038294,,Liquid,971.10335889,0.04904251,339.4647161,1.08816108,27.41428,114.92412349,0.40094546,0.88723813,70.0,293.06519282,5.25254581,0.11952425
2000,LLAN0104,LLANITO-104,PRODUCTOR,SANTANDER,VALLE MEDIO DEL MAGDALENA,MUGROSA (B),-73.848283,7.147036,1025697.86864,1281781.81184,100.584,247.90290323,,,80.98355168,27.547,, ,80.98355168,,Liquid,971.15157627,0.44300646,339.14208447,1.08725058,27.547,115.47901399,0.40279112,7.95233512,70.0,293.06519282,5.24536208,1.07070222
2001,TESO0026,TESORO-26,PRODUCTOR,SANTANDER,VALLE MEDIO DEL MAGDALENA,MUGROSA (B),-73.568625,7.036661,1056604.36659,1269599.67747,118.872,0.0283871,,,80.73489291,27.47511,, ,80.73489291,,Liquid,971.30742607,5.074e-05,338.09794364,1.08430253,27.47511,115.17844894,0.40179149,0.00090523,70.0,293.06519282,5.22211249,0.00011931
2002,GALA0006,GALA-6,PRODUCTOR,SANTANDER,VALLE MEDIO DEL MAGDALENA,MUGROSA (CB),-73.869192,7.129786,1023389.08868,1279872.96076,76.2,117.46375,,,80.400642,27.74055,, ,80.400642,,Liquid,971.51643423,0.20998846,336.69447257,1.08033667,27.74055,116.28822019,0.40548121,3.66426777,70.0,293.06519282,5.19086003,0.47556819
2003,TESO0009,TESORO-9,PRODUCTOR,SANTANDER,VALLE MEDIO DEL MAGDALENA,MUGROSA - COLORADO (BA),-73.568233,7.024178,1056649.15967,1268219.1155,127.7112,0.06,,,80.02455615,27.43087,, ,80.02455615,,Liquid,971.75093211,0.00010729,335.11545001,1.07587022,27.43087,114.99348509,0.40117621,0.00186927,70.0,293.06519282,5.155696,0.0002326
2004,ABLA0002,AGUAS BLANCAS-2,PRODUCTOR,SANTANDER,VALLE MEDIO DEL MAGDALENA,MUGROSA (C),-73.791586,6.839267,1031981.89524,1247748.10038,103.3272,4.93774194,,,79.68179034,27.547,, ,79.68179034,,Liquid,971.96403505,0.00883121,333.6764222,1.0717956,27.547,115.47901399,0.40279112,0.1512796,70.0,293.06519282,5.1236474,0.01837576
2005,LISA0023,LISAMA-23,PRODUCTOR,SANTANDER,VALLE MEDIO DEL MAGDALENA,MUGROSA - COLORADO (BA),-73.560919,7.065072,1057452.29878,1272742.79183,146.6088,59.72903226,,,79.60641293,27.37557,, ,79.60641293,,Liquid,972.01081904,0.10683117,333.35997904,1.07089905,27.37557,114.76227946,0.40040698,1.83731047,70.0,293.06519282,5.11659961,0.22025628
2006,SUER0028,SUERTE-28,PRODUCTOR,SANTANDER,VALLE MEDIO DEL MAGDALENA,ESMERALDAS - MUGROSA (NOP),-73.456942,7.382589,1068892.66195,1307874.08963,129.54,0.0483871,,,79.53975887,27.36451,, ,79.53975887,,Liquid,972.05216491,8.655e-05,333.08016121,1.07010611,27.36451,114.71603822,0.40025312,0.00148553,70.0,293.06519282,5.11036745,0.00017698
2007,LLAN0018,LLANITO-18,PRODUCTOR,SANTANDER,VALLE MEDIO DEL MAGDALENA,MUGROSA (C),-73.851472,7.148781,1025345.50899,1281974.56566,96.012,415.28967742,,,79.47647247,27.55806,, ,79.47647247,,Liquid,972.09140108,0.74284749,332.8144843,1.06935311,27.55806,115.52525463,0.40294488,12.6245943,70.0,293.06519282,5.10445018,1.50722477
2008,TESO0035,TESORO-35,PRODUCTOR,SANTANDER,VALLE MEDIO DEL MAGDALENA,MUGROSA (B),-73.566772,7.034044,1056809.41032,1269310.50411,114.3,0.67096774,,,79.12461034,27.4917,, ,79.12461034,,Liquid,972.3091792,0.00120046,331.33742094,1.06516419,27.4917,115.24781024,0.40202219,0.02019286,70.0,293.06519282,5.07155107,0.00233009
2009,LLAN0084,LLANITO-84,PRODUCTOR,SANTANDER,VALLE MEDIO DEL MAGDALENA,MUGROSA (B),-73.843469,7.1688,1026228.39583,1284189.03389,81.0768,386.63516129,,,78.78651827,27.65207,, ,78.78651827,,Liquid,972.51784501,0.69189525,329.91825326,1.06113551,27.65207,115.91829868,0.40425167,11.42074896,70.0,293.06519282,5.03993946,1.28510683
2010,TISQ0003,TISQUIRAMA-3,PRODUCTOR,CESAR,VALLE MEDIO DEL MAGDALENA,LISAMA (ND),-73.595492,8.029611,1053513.751,1379415.32201,71.3232,0.01,,,78.08457062,27.7129,, ,78.08457062,,Liquid,972.94922659,1.79e-05,326.97205544,1.05275949,27.7129,116.17261996,0.40509702,0.00028715,70.0,293.06519282,4.97430735,3.02e-05
2011,LLAN0109,LLANITO-109,PRODUCTOR,SANTANDER,VALLE MEDIO DEL MAGDALENA,MUGROSA (CB),-73.843287,7.168865,1026248.59528,1284196.28823,80.772,943.41806452,,,77.49278651,27.6576,, ,77.49278651,,Liquid,973.31095914,1.68965184,324.48852518,1.04568575,27.6576,115.94141884,0.40432853,26.5582576,70.0,293.06519282,4.91897554,2.61170505
2012,LLAN0023,LLANITO-23,PRODUCTOR,SANTANDER,VALLE MEDIO DEL MAGDALENA,ESMERALDAS - LA PAZ (D),-73.825297,7.179731,1028235.03097,1285398.96992,87.4776,223.34290323,,,77.29830005,27.68525,, ,77.29830005,,Liquid,973.42945007,0.40005349,323.6723848,1.04335855,27.68525,116.05701951,0.40471279,6.23443595,70.0,293.06519282,4.90079106,0.60007805
2013,LISA0106,LISAMA-106,PRODUCTOR,SANTANDER,VALLE MEDIO DEL MAGDALENA,MUGROSA - COLORADO (BA),-73.569967,7.052036,1056454.25538,1271299.93716,112.1664,0.16967742,,,77.25541878,27.50276,, ,77.25541878,,Liquid,973.45554947,0.00030394,323.49244219,1.04284528,27.50276,115.29405106,0.40217599,0.00476434,70.0,293.06519282,4.89678166,0.00045285
2014,SROQ0001,SAN ROQUE-1,PRODUCTOR,CESAR,VALLE MEDIO DEL MAGDALENA,LISAMA BC,-73.575156,7.985839,1055761.63079,1374576.76906,68.2752,0.12,,,77.08196653,27.74608,, ,77.08196653,,Liquid,973.56102394,0.00021497,322.76459886,1.0407685,27.74608,116.31134022,0.40555805,0.00331408,70.0,293.06519282,4.88056387,0.0003116
2015,YARI0064D,YARIGUI-64D,PRODUCTOR,SANTANDER,VALLE MEDIO DEL MAGDALENA,LA PAZ - MUGROSA (CCG),-73.898181,7.405211,1020174.41203,1310331.91036,70.104,1077.02064516,,,76.86963598,27.73502,, ,76.86963598,,Liquid,973.68992998,1.92968372,321.87364419,1.03822491,27.73502,116.26510016,0.40540438,29.51885164,70.0,293.06519282,4.86071096,2.70212753
2016,NUTR0029,NUTRIA-29,PRODUCTOR,SANTANDER,VALLE MEDIO DEL MAGDALENA,MUGROSA - COLORADO (BA),-73.547789,6.998458,1058911.46392,1265377.14318,252.3744,0.02483871,,,76.23831593,26.70091,, ,76.23831593,,Liquid,974.07183682,4.452e-05,319.2247749,1.03065346,26.70091,111.94149552,0.39101074,0.00069371,70.0,293.06519282,4.80168254,5.592e-05
2017,LISA0018,LISAMA-18,PRODUCTOR,SANTANDER,VALLE MEDIO DEL MAGDALENA,MUGROSA - COLORADO (BA),-73.562011,7.085347,1057329.17685,1274985.00794,124.968,0.04580645,,,75.58362745,27.44193,, ,75.58362745,,Liquid,974.46570998,8.214e-05,316.47816385,1.0227881,27.44193,115.0397261,0.40133004,0.00120957,70.0,293.06519282,4.74046917,9.116e-05
2018,YARI0039D,YARIGUI-39D,PRODUCTOR,SANTANDER,VALLE MEDIO DEL MAGDALENA,LA PAZ (CG),-73.901347,7.388597,1019825.55421,1308494.36209,64.9224,76.61677419,,,74.73428755,27.74055,, ,74.73428755,,Liquid,974.97338021,0.13745421,312.91538992,1.01256338,27.74055,116.28822019,0.40548121,1.93163631,70.0,293.06519282,4.66105589,0.12717659
2019,CARD0004,CARDALES-4,PRODUCTOR,SANTANDER,VALLE MEDIO DEL MAGDALENA,MUGROSA (CB),-73.87062,7.115507,1023232.03483,1278293.6709,71.628,232.47870968,,,74.18446363,27.70737,, ,74.18446363,,Liquid,975.30002034,0.41721782,310.60928325,1.00593176,27.70737,116.14949989,0.40502018,5.74143526,70.0,293.06519282,4.60964735,0.33741268
2020,YARI0018D,YARIGUI-18D,PRODUCTOR,BOLIVAR,VALLE MEDIO DEL MAGDALENA,LA PAZ - MUGROSA (CCG),-73.916058,7.369972,1018202.11955,1306433.91508,70.7136,15.07354839,,,74.0111229,27.72949,, ,74.0111229,,Liquid,975.40267132,0.02705458,309.88228999,1.00383898,27.72949,116.24198013,0.40532754,0.36930242,70.0,293.06519282,4.59343999,0.02089921
2021,CARD0005,CARDALES-5,PRODUCTOR,SANTANDER,VALLE MEDIO DEL MAGDALENA,MUGROSA (B),-73.870639,7.115666,1023229.88366,1278311.2432,65.8368,26.00923077,,,73.78660592,27.70737,, ,73.78660592,,Liquid,975.53539453,0.04668872,308.94069368,1.00112685,27.70737,116.14949989,0.40502018,0.63204964,70.0,293.06519282,4.57244765,0.03389129
2022,SABA0001,SABANA-1,PRODUCTOR,SANTANDER,VALLE MEDIO DEL MAGDALENA,MUGROSA (MU),-73.430578,7.368089,1071805.93713,1306274.53783,127.7112,0.14419355,,,73.7246621,27.40322,, ,73.7246621,,Liquid,975.5719661,0.00025885,308.6809151,1.00037829,27.40322,114.87788239,0.40079161,0.00354242,70.0,293.06519282,4.56665591,0.00018459
2023,SANT0045,SANTOS-45,PRODUCTOR,SANTANDER,VALLE MEDIO DEL MAGDALENA,MUGROSA (O),-73.456967,7.350764,1068894.81658,1304354.23449,126.7968,0.09548387,,,73.1140776,27.43087,, ,73.1140776,,Liquid,975.93137565,0.00017147,306.12039959,0.99299287,27.43087,114.99348509,0.40117621,0.00228518,70.0,293.06519282,4.50956626,0.00010095
2024,LISA0091,LISAMA-91,PRODUCTOR,SANTANDER,VALLE MEDIO DEL MAGDALENA,MUGROSA (CB),-73.553658,7.112867,1058248.5652,1278029.62357,137.4648,59.77032258,,,72.67138185,27.46958,, ,72.67138185,,Liquid,976.19073202,0.10736475,304.26409102,0.98763044,27.46958,115.15532849,0.40171458,1.40206233,70.0,293.06519282,4.4681742,0.05372385
2025,YARI0029D,YARIGUI-29D,PRODUCTOR,SANTANDER,VALLE MEDIO DEL MAGDALENA,LA PAZ - MUGROSA (CCG),-73.897475,7.405019,1020252.32049,1310310.74146,64.3128,0.80193548,,,72.0398293,27.75714,, ,72.0398293,,Liquid,976.55893649,0.00144105,301.61609529,0.97996907,27.75714,116.35758023,0.40571171,0.01808016,70.0,293.06519282,4.40912404,0.0005433
2026,GALN0123,GALAN-123,PRODUCTOR,SANTANDER,VALLE MEDIO DEL MAGDALENA,MUGROSA (B),-73.886286,7.109486,1021501.6247,1277627.087,78.0288,242.86064516,,,71.80665919,27.71843,, ,71.80665919,,Liquid,976.69434291,0.43647286,300.63851779,0.97713712,27.71843,116.19574002,0.40517386,5.43098188,70.0,293.06519282,4.38732263,0.14502518
2027,LISA0047,LISAMA-47,PRODUCTOR,SANTANDER,VALLE MEDIO DEL MAGDALENA,MUGROSA (B),-73.560061,7.101356,1057542.63279,1276755.72918,128.9304,5.38774194,,,71.67083191,27.4364,, ,71.67083191,,Liquid,976.77308708,0.00968371,300.0690714,0.9754866,27.4364,115.0166056,0.40125313,0.12135463,70.0,293.06519282,4.37462278,0.00296702
2028,LISA0092,LISAMA-92,PRODUCTOR,SANTANDER,VALLE MEDIO DEL MAGDALENA,MUGROSA-COLORADO(BA),-73.557425,7.097892,1057834.3019,1276372.96031,130.4544,6.68225806,,,71.18390446,27.44746,, ,71.18390446,,Liquid,977.05456848,0.01201389,298.02776024,0.96956455,27.44746,115.0628466,0.40140695,0.14733116,70.0,293.06519282,4.32909507,0.00258099
2029,LISA0146,LISAMA-146,PRODUCTOR,SANTANDER,VALLE MEDIO DEL MAGDALENA,MUGROSA (B),-73.550919,7.126208,1058549.46009,1279505.51321,106.68,0.18296296,,,70.5333785,27.37557,, ,70.5333785,,Liquid,977.42864253,0.00032907,295.30084373,0.96164036,27.37557,114.76227946,0.40040698,0.00393496,70.0,293.06519282,4.26827089,3.14e-05
2030,GALA0009,GALA-9,PRODUCTOR,SANTANDER,VALLE MEDIO DEL MAGDALENA,MUGROSA (B),-73.866799,7.131196,1023653.33681,1280028.97515,80.0,359.79451613,,,70.06275824,27.6576,, ,70.06275824,,Liquid,977.69784717,0.64729257,293.32823418,0.95589872,27.6576,115.94141884,0.40432853,7.4782002,70.0,293.06519282,4.2242679,0.00719244
2031,SABA0002,SABANA-2,PRODUCTOR,SANTANDER,VALLE MEDIO DEL MAGDALENA,MUGROSA (MU),-73.464172,7.385003,1068093.94813,1308139.95656,119.1768,0.16096774,,,70.02483003,27.40875,, ,70.02483003,,Liquid,977.71949092,0.0002896,293.16926373,0.95543567,27.40875,114.90100294,0.40086854,0.00338002,70.0,293.06519282,4.22072161,1.27e-06
2032,GALN0080,GALAN-80,PRODUCTOR,SANTANDER,VALLE MEDIO DEL MAGDALENA,MUGROSA (C),-73.888656,7.107161,1021239.96272,1277369.84851,73.152,459.83580645,,,69.93294827,27.71843,, ,69.93294827,,Liquid,977.77189109,0.82733569,292.78415871,0.9543137,27.71843,116.19574002,0.40517386,9.47460528,70.0,293.06519282,4.21213066,0.0
2033,LLAN0091,LLANITO-91,PRODUCTOR,SANTANDER,VALLE MEDIO DEL MAGDALENA,ESMERALDAS - LA PAZ - MUGROSA (DC),-73.853978,7.145897,1025068.88483,1281655.54292,96.012,235.93645161,,,69.83997784,27.54147,, ,69.83997784,,Liquid,977.82486572,0.4245194,292.39449606,0.95317815,27.54147,115.45589365,0.40271423,4.88255296,70.0,293.06519282,4.20343793,0.0
2034,TECA0550,TECA-550,PRODUCTOR,ANTIOQUIA,VALLE MEDIO DEL MAGDALENA,GRUPO CHUSPAS,-74.607358,6.032503,941716.076667,1158547.00219,140.208,420.88225806,,,67.93211476,27.32027,, ,67.93211476,,Liquid,978.90160006,0.75812546,284.39932144,0.92981024,27.32027,114.53107292,0.39963761,8.07150447,70.0,293.06519282,4.02505273,0.0
2035,LISA0044,LISAMA-44,PRODUCTOR,SANTANDER,VALLE MEDIO DEL MAGDALENA,MUGROSA (B),-73.548422,7.125819,1058825.38605,1279462.81926,134.7216,0.23935484,,,67.81083106,27.37004,, ,67.81083106,,Liquid,978.96937631,0.00043117,283.89113819,0.92832052,27.37004,114.73915884,0.40033005,0.00455297,70.0,293.06519282,4.0137127,0.0
2036,LSAL0012,LA SALINA-12,PRODUCTOR,SANTANDER,VALLE MEDIO DEL MAGDALENA,MUGROSA,-73.516439,7.283219,1062337.22133,1296875.18013,144.1704,18.44567742,,,66.70434539,27.31474,, ,66.70434539,,Liquid,979.58396438,0.03324893,279.25531632,0.91470611,27.31474,114.50795222,0.39956067,0.3338723,70.0,293.06519282,3.91025629,0.0
2037,GALN0085,GALAN-85,PRODUCTOR,SANTANDER,VALLE MEDIO DEL MAGDALENA,MUGROSA (B),-73.891142,7.095722,1020965.82935,1276104.67165,76.2,81.56387097,,,66.48287908,27.69631,, ,66.48287908,,Liquid,979.70616243,0.14703986,278.32752745,0.91197605,27.69631,116.10325972,0.40486649,1.43191751,70.0,293.06519282,3.88954919,0.0
2038,SANT0007,SANTOS-7,PRODUCTOR,SANTANDER,VALLE MEDIO DEL MAGDALENA,LA PAZ (L1L3),-73.453583,7.337589,1069270.45601,1302897.59939,140.208,0.03086957,,,65.9874553,27.34792,, ,65.9874553,,Liquid,979.97853399,5.567e-05,276.2521484,0.90586268,27.34792,114.6466763,0.40002232,0.0005387,70.0,293.06519282,3.84322707,0.0
2039,LSAL0010,LA SALINA-10,PRODUCTOR,SANTANDER,VALLE MEDIO DEL MAGDALENA,ESMERALDAS - LA PAZ,-73.522786,7.272136,1061637.76957,1295648.51332,132.8928,67.70619355,,,65.1519934,27.34792,, ,65.1519934,,Liquid,980.43474472,0.12214861,272.75262474,0.89553394,27.34792,114.6466763,0.40002232,1.13354682,70.0,293.06519282,3.76511138,0.0
2040,PALA0022,PALAGUA-22,PRODUCTOR,BOYACA,VALLE MEDIO DEL MAGDALENA,TUNE,-74.514164,6.077978,952038.139175,1163567.04637,143.256,109.55741935,,,64.69125798,27.34239,, ,64.69125798,,Liquid,980.68465657,0.1977027,270.82289167,0.88982743,27.34239,114.62355564,0.39994538,1.79256839,70.0,293.06519282,3.72203262,0.0
2041,LISA0077,LISAMA-77,PRODUCTOR,SANTANDER,VALLE MEDIO DEL MAGDALENA,MUGROSA (B),-73.543494,7.126011,1059369.75729,1279484.65132,139.9032,15.29645161,,,64.47560796,27.3258,, ,64.47560796,,Liquid,980.80121807,0.02760661,269.91970757,0.88715389,27.3258,114.55419362,0.39971455,0.2477667,70.0,293.06519282,3.70186934,0.0
2042,PALA0088,PALAGUA-88,PRODUCTOR,BOYACA,VALLE MEDIO DEL MAGDALENA,TUNE,-74.506842,6.082044,952849.099796,1164016.13218,150.5712,2.81870968,,,64.46863622,27.29262,, ,64.46863622,,Liquid,980.804982,0.00508715,269.89050897,0.88706743,27.29262,114.41546931,0.39925287,0.04572292,70.0,293.06519282,3.70121749,0.0
2043,PALA0011,PALAGUA-11,PRODUCTOR,BOYACA,VALLE MEDIO DEL MAGDALENA,TUNE,-74.510144,6.075992,952482.945115,1163347.0469,147.5232,106.22181818,,,63.96745494,27.31474,, ,63.96745494,,Liquid,981.07484041,0.19175968,267.79156185,0.88084755,27.31474,114.50795222,0.39956067,1.67714274,70.0,293.06519282,3.65435704,0.0
2044,BONA0002,BONANZA-2,PRODUCTOR,SANTANDER,VALLE MEDIO DEL MAGDALENA,ESMERALDA (E),-73.405792,7.477842,1074524.28734,1318417.42907,131.064,35.08387097,,,63.71493829,27.39769,, ,63.71493829,,Liquid,981.21026662,0.06334481,266.73407223,0.87771033,27.39769,114.85476182,0.40071469,0.54419032,70.0,293.06519282,3.63074673,0.0
2045,BONA0002,BONANZA-2,PRODUCTOR,SANTANDER,VALLE MEDIO DEL MAGDALENA,MUGROSA (MU),-73.405792,7.477842,1074524.28734,1318417.42907,131.064,7.10935484,,,63.71493829,27.39769,, ,63.71493829,,Liquid,981.21026662,0.01283612,266.73407223,0.87771033,27.39769,114.85476182,0.40071469,0.11027409,70.0,293.06519282,3.63074673,0.0
2046,PALA0027,PALAGUA-27,PRODUCTOR,BOYACA,VALLE MEDIO DEL MAGDALENA,TUNE,-74.512547,6.088422,952218.038671,1164721.96091,147.828,279.5383871,,,63.41486867,27.30921,, ,63.41486867,,Liquid,981.37072378,0.50479609,265.47748335,0.87397939,27.30921,114.4848315,0.39948372,4.28937008,70.0,293.06519282,3.60269022,0.0
2047,LISA0019,LISAMA-19,PRODUCTOR,SANTANDER,VALLE MEDIO DEL MAGDALENA,COLORADO (A),-73.547533,7.136972,1058922.16117,1280696.4026,137.16,3.38037037,,,63.17884035,27.37004,, ,63.17884035,,Liquid,981.49657491,0.00610512,264.48911018,0.87104246,27.37004,114.73915884,0.40033005,0.05105134,70.0,293.06519282,3.58062157,0.0
2048,LISA0019,LISAMA-19,PRODUCTOR,SANTANDER,VALLE MEDIO DEL MAGDALENA,MUGROSA (CB),-73.547533,7.136972,1058922.16117,1280696.4026,137.16,0.65407407,,,63.17884035,27.37004,, ,63.17884035,,Liquid,981.49657491,0.00118129,264.48911018,0.87104246,27.37004,114.73915884,0.40033005,0.00987802,70.0,293.06519282,3.58062157,0.0
2049,CSBE1030,CASABE-1030,PRODUCTOR,ANTIOQUIA,VALLE MEDIO DEL MAGDALENA,COLORADO (A),-73.923486,7.028681,1017395.00808,1268689.0198,71.0184,552.12741935,,,63.01003158,27.73502,, ,63.01003158,,Liquid,981.58638894,0.99726199,263.78223771,0.86894073,27.73502,116.26510016,0.40540438,8.09330305,70.0,293.06519282,3.56483795,0.0
2050,CSBE1030,CASABE-1030,PRODUCTOR,ANTIOQUIA,VALLE MEDIO DEL MAGDALENA,MUGROSA (B),-73.923486,7.028681,1017395.00808,1268689.0198,71.0184,184.04193548,,,63.01003158,27.73502,, ,63.01003158,,Liquid,981.58638894,0.33241969,263.78223771,0.86894073,27.73502,116.26510016,0.40540438,2.6977598,70.0,293.06519282,3.56483795,0.0
2051,PALA0125,PALAGUA-125,PRODUCTOR,BOYACA,VALLE MEDIO DEL MAGDALENA,TUNE,-74.520544,6.090594,951332.917996,1164962.90113,139.2936,296.93967742,,,62.62433652,27.33686,, ,62.62433652,,Liquid,981.79098346,0.53644932,262.16722659,0.86413488,27.33686,114.60043498,0.39986844,4.36158232,70.0,293.06519282,3.52877546,0.0
2052,PALA0184,PALAGUA-184,PRODUCTOR,BOYACA,VALLE MEDIO DEL MAGDALENA,GUADUAS,-74.520381,6.090133,951351.009631,1164911.89275,138.9888,59.72709677,,,62.42729623,27.33133,, ,62.42729623,,Liquid,981.89517496,0.10791404,261.34219376,0.86167767,27.33133,114.5773143,0.3997915,0.86827548,70.0,293.06519282,3.5103522,0.0
2053,PALA0184,PALAGUA-184,PRODUCTOR,BOYACA,VALLE MEDIO DEL MAGDALENA,TUNE,-74.520381,6.090133,951351.009631,1164911.89275,138.9888,16.89580645,,,62.42729623,27.33133,, ,62.42729623,,Liquid,981.89517496,0.03052709,261.34219376,0.86167767,27.33133,114.5773143,0.3997915,0.24562075,70.0,293.06519282,3.5103522,0.0
2054,PALA0175,PALAGUA-175,PRODUCTOR,BOYACA,VALLE MEDIO DEL MAGDALENA,TUNE,-74.518936,6.081436,951510.140496,1163949.92912,139.9032,245.25548387,,,62.41718154,27.34239,, ,62.41718154,,Liquid,981.9005174,0.44312642,261.29984279,0.86155149,27.34239,114.62355564,0.39994538,3.56114249,70.0,293.06519282,3.50940647,0.0
2055,CSBE1007,CASABE-1007,PRODUCTOR,ANTIOQUIA,VALLE MEDIO DEL MAGDALENA,COLORADO (A),-73.923633,7.037678,1017378.40903,1269684.03811,76.2,90.81387097,,,62.07309635,27.72949,, ,62.07309635,,Liquid,982.08190724,0.16411237,259.85916244,0.85725707,27.72949,116.24198013,0.40532754,1.26508393,70.0,293.06519282,3.47723451,0.0
2056,PALA0174,PALAGUA-174,PRODUCTOR,BOYACA,VALLE MEDIO DEL MAGDALENA,TUNE,-74.520672,6.089917,951318.709137,1164887.96497,139.2936,88.59387097,,,61.97673843,27.3258,, ,61.97673843,,Liquid,982.13258129,0.16010881,259.4557236,0.8560537,27.3258,114.55419362,0.39971455,1.25703205,70.0,293.06519282,3.46822504,0.0
2057,LSAL0015,LA SALINA-15,PRODUCTOR,SANTANDER,VALLE MEDIO DEL MAGDALENA,MUGROSA,-73.52195,7.269986,1061730.40161,1295410.84056,139.9032,1.91254839,,,60.83429115,27.31474,, ,60.83429115,,Liquid,982.72928192,0.0034585,254.67278152,0.84176067,27.31474,114.50795222,0.39956067,0.0254741,70.0,293.06519282,3.36140622,0.0
2058,LSAL0015,LA SALINA-15,PRODUCTOR,SANTANDER,VALLE MEDIO DEL MAGDALENA,ESMERALDAS-LA PAZ,-73.52195,7.269986,1061730.40161,1295410.84056,139.9032,0.63083871,,,60.83429115,27.31474,, ,60.83429115,,Liquid,982.72928192,0.00114076,254.67278152,0.84176067,27.31474,114.50795222,0.39956067,0.00840243,70.0,293.06519282,3.36140622,0.0
2059,LSAL0041,LA SALINA-41,PRODUCTOR,SANTANDER,VALLE MEDIO DEL MAGDALENA,LISAMA,-73.512442,7.285219,1062778.3814,1297096.93087,156.3624,5.13216129,,,60.65645743,27.25944,, ,60.65645743,,Liquid,982.82148041,0.00928146,253.92832358,0.83953157,27.25944,114.27674467,0.39879113,0.06789484,70.0,293.06519282,3.34477877,0.0
2060,PALA0104,PALAGUA-104,PRODUCTOR,BOYACA,VALLE MEDIO DEL MAGDALENA,TUNE,-74.513872,6.097156,952072.131551,1165687.91502,156.972,65.03322581,,,60.61098486,27.28709,, ,60.61098486,,Liquid,982.8450261,0.11761474,253.73796607,0.8389614,27.28709,114.39234856,0.39917592,0.8566723,70.0,293.06519282,3.34052708,0.0
2061,CSBE1031,CASABE-1031,PRODUCTOR,ANTIOQUIA,VALLE MEDIO DEL MAGDALENA,COLORADO (A),-73.931689,7.022317,1016488.87848,1267984.92321,76.2,222.6016129,,,60.33296571,27.72949,, ,60.33296571,,Liquid,982.98872078,0.40264125,252.57414192,0.83547374,27.72949,116.24198013,0.40532754,2.80822683,70.0,293.06519282,3.31453229,0.0
2062,CSBE1031,CASABE-1031,PRODUCTOR,ANTIOQUIA,VALLE MEDIO DEL MAGDALENA,MUGROSA (B),-73.931689,7.022317,1016488.87848,1267984.92321,76.2,0.35741935,,,60.33296571,27.72949,, ,60.33296571,,Liquid,982.98872078,0.0006465,252.57414192,0.83547374,27.72949,116.24198013,0.40532754,0.00450902,70.0,293.06519282,3.31453229,0.0
2063,LSAL0028,LA SALINA-28,PRODUCTOR,SANTANDER,VALLE MEDIO DEL MAGDALENA,LISAMA,-73.522197,7.270175,1061703.07506,1295431.69891,139.9032,23.04216129,,,60.26673232,27.31474,, ,60.26673232,,Liquid,983.02288672,0.04168005,252.29688572,0.83464246,27.31474,114.50795222,0.39956067,0.29707287,70.0,293.06519282,3.30833947,0.0
2064,CSBE1006,CASABE-1006,PRODUCTOR,ANTIOQUIA,VALLE MEDIO DEL MAGDALENA,MUGROSA (B),-73.925428,7.043478,1017179.91936,1270325.40906,76.2,265.74451613,,,60.04024171,27.72949,, ,60.04024171,,Liquid,983.13952506,0.48075177,251.34880044,0.83179859,27.72949,116.24198013,0.40532754,3.29526511,70.0,293.06519282,3.2871626,0.0
2065,CSBE1006,CASABE-1006,PRODUCTOR,ANTIOQUIA,VALLE MEDIO DEL MAGDALENA,COLORADO (A),-73.925428,7.043478,1017179.91936,1270325.40906,76.2,108.54258065,,,60.04024171,27.72949,, ,60.04024171,,Liquid,983.13952506,0.19636167,251.34880044,0.83179859,27.72949,116.24198013,0.40532754,1.34594152,70.0,293.06519282,3.2871626,0.0
2066,PALA0012,PALAGUA-12,PRODUCTOR,BOYACA,VALLE MEDIO DEL MAGDALENA,TUNE,-74.518011,6.085569,951612.911938,1164406.95275,145.3896,301.96322581,,,59.75660514,27.35345,, ,59.75660514,,Liquid,983.2851663,0.54635506,250.16153679,0.82823454,27.35345,114.66979695,0.40009925,3.76975564,70.0,293.06519282,3.26064258,0.0
2067,PALA0185,PALAGUA-185,PRODUCTOR,BOYACA,VALLE MEDIO DEL MAGDALENA,TUNE,-74.511564,6.093111,952327.306686,1165240.42467,147.2184,264.31967742,,,59.72187969,27.26497,, ,59.72187969,,Liquid,983.30296445,0.47825362,250.01618338,0.827798,27.26497,114.29986547,0.39886809,3.31128111,70.0,293.06519282,3.25739575,0.0
2068,PALA0020,PALAGUA-20,PRODUCTOR,BOYACA,VALLE MEDIO DEL MAGDALENA,TUNE,-74.519639,6.088236,951432.947603,1164702.01234,145.6944,299.35774194,,,59.67474469,27.33686,, ,59.67474469,,Liquid,983.32711159,0.54166395,249.81888705,0.82720538,27.33686,114.60043498,0.39986844,3.7230821,70.0,293.06519282,3.25298863,0.0
2069,PALA0183,PALAGUA-183,PRODUCTOR,BOYACA,VALLE MEDIO DEL MAGDALENA,GUADUAS,-74.511689,6.075411,952311.909012,1163282.97357,145.9992,69.21387097,,,58.90304117,27.33686,, ,58.90304117,,Liquid,983.72058135,0.12528709,246.58885664,0.81749133,27.33686,114.60043498,0.39986844,0.82199271,70.0,293.06519282,3.18083435,0.0
2070,PALA0183,PALAGUA-183,PRODUCTOR,BOYACA,VALLE MEDIO DEL MAGDALENA,TUNE,-74.511689,6.075411,952311.909012,1163282.97357,145.9992,196.99709677,,,58.90304117,27.33686,, ,58.90304117,,Liquid,983.72058135,0.35659316,246.58885664,0.81749133,27.33686,114.60043498,0.39986844,2.33956252,70.0,293.06519282,3.18083435,0.0
2071,PALA0018,PALAGUA-18,PRODUCTOR,BOYACA,VALLE MEDIO DEL MAGDALENA,TUNE,-74.514203,6.06975,952033.104633,1162657.12856,146.304,181.05645161,,,58.6707698,27.3811,, ,58.6707698,,Liquid,983.83831681,0.32777752,245.6167174,0.81456327,27.3811,114.78540006,0.40048391,2.1140681,70.0,293.06519282,3.15911698,0.0
2072,PALA0029,PALAGUA-29,PRODUCTOR,BOYACA,VALLE MEDIO DEL MAGDALENA,TUNE,-74.519328,6.094567,951467.955888,1165402.09316,143.256,2.42483871,,,58.47263115,27.33133,, ,58.47263115,,Liquid,983.93849634,0.00439028,244.78745473,0.81206392,27.33133,114.5773143,0.3997915,0.02806185,70.0,293.06519282,3.14059101,0.0
2073,CSBE1042,CASABE-1042,PRODUCTOR,ANTIOQUIA,VALLE MEDIO DEL MAGDALENA,MUGROSA (B),-73.910692,7.066281,1018807.18751,1272847.80152,76.2,182.81935484,,,58.19485908,27.71843,, ,58.19485908,,Liquid,984.07854337,0.33104982,243.62493412,0.80855764,27.71843,116.19574002,0.40517386,2.02743465,70.0,293.06519282,3.11461932,0.0
2074,PALA0169,PALAGUA-169,PRODUCTOR,BOYACA,VALLE MEDIO DEL MAGDALENA,TUNE,-74.518622,6.08265,951544.999375,1164084.14761,142.0368,446.32903226,,,58.17068565,27.33133,, ,58.17068565,,Liquid,984.09070925,0.80822391,243.52376604,0.80825237,27.33133,114.5773143,0.3997915,5.06987197,70.0,293.06519282,3.11235911,0.0
2075,PALA0032,PALAGUA-32,PRODUCTOR,BOYACA,VALLE MEDIO DEL MAGDALENA,TUNE,-74.521544,6.100442,951223.104435,1166052.01677,159.7152,267.25032258,,,58.02757001,27.33133,, ,58.02757001,,Liquid,984.16266395,0.48397903,242.92481873,0.80644459,27.33133,114.5773143,0.3997915,3.00881969,70.0,293.06519282,3.0989778,0.0
2076,LSAL0049,LA SALINA-49,PRODUCTOR,SANTANDER,VALLE MEDIO DEL MAGDALENA,ESMERALDAS - LA PAZ,-73.522489,7.27465,1061670.24909,1295926.58731,138.0744,0.74787097,,,58.0106358,27.32027,, ,58.0106358,,Liquid,984.17116988,0.00135437,242.85394867,0.80623064,27.32027,114.53107292,0.39963761,0.0084171,70.0,293.06519282,3.09739445,0.0
2077,LSAL0049,LA SALINA-49,PRODUCTOR,SANTANDER,VALLE MEDIO DEL MAGDALENA,LISAMA,-73.522489,7.27465,1061670.24909,1295926.58731,138.0744,74.03058065,,,58.0106358,27.32027,, ,58.0106358,,Liquid,984.17116988,0.13406741,242.85394867,0.80623064,27.32027,114.53107292,0.39963761,0.83319515,70.0,293.06519282,3.09739445,0.0
2078,PALA0177,PALAGUA-177,PRODUCTOR,BOYACA,VALLE MEDIO DEL MAGDALENA,TUNE,-74.512447,6.075111,952227.934305,1163249.86311,139.5984,63.67387097,,,57.80842975,27.33686,, ,57.80842975,,Liquid,984.27260329,0.11532357,242.00772111,0.80367505,27.33686,114.60043498,0.39986844,0.70685011,70.0,293.06519282,3.07848818,0.0
2079,LSAL0011,LA SALINA-11,PRODUCTOR,SANTANDER,VALLE MEDIO DEL MAGDALENA,ESMERALDAS - LA PAZ,-73.520222,7.275194,1061920.50624,1295987.10673,136.2456,42.71974194,,,57.59702109,27.33133,, ,57.59702109,,Liquid,984.37838982,0.0773806,241.12299957,0.80100153,27.33133,114.5773143,0.3997915,0.46813274,70.0,293.06519282,3.05872147,0.0
2080,PALA0028,PALAGUA-28,PRODUCTOR,BOYACA,VALLE MEDIO DEL MAGDALENA,TUNE,-74.513861,6.091994,952072.902416,1165117.13097,147.5232,83.7683871,,,57.41155945,27.34792,, ,57.41155945,,Liquid,984.47097074,0.15174853,240.34687905,0.79865478,27.34792,114.6466763,0.40002232,0.90620753,70.0,293.06519282,3.04138081,0.0
2081,PALA0019,PALAGUA-19,PRODUCTOR,BOYACA,VALLE MEDIO DEL MAGDALENA,TUNE,-74.515703,6.081547,951868.091924,1163961.92696,143.256,102.54,,,56.9227737,27.35345,, ,56.9227737,,Liquid,984.71397153,0.18579963,238.30147597,0.79246378,27.35345,114.66979695,0.40009925,1.07459816,70.0,293.06519282,2.99567934,0.0
2082,PALA0019,PALAGUA-19,PRODUCTOR,BOYACA,VALLE MEDIO DEL MAGDALENA,GUADUAS,-74.515703,6.081547,951868.091924,1163961.92696,143.256,74.25419355,,,56.9227737,27.35345,, ,56.9227737,,Liquid,984.71397153,0.13454653,238.30147597,0.79246378,27.35345,114.66979695,0.40009925,0.77816871,70.0,293.06519282,2.99567934,0.0
2083,LSAL0052,LA SALINA-52,PRODUCTOR,SANTANDER,VALLE MEDIO DEL MAGDALENA,ESMERALDAS - LA PAZ,-73.526867,7.273947,1061186.86528,1295848.26439,145.9992,8.7316129,,,56.92248823,27.30368,, ,56.92248823,,Liquid,984.71411303,0.01582144,238.30028142,0.79246016,27.30368,114.46171078,0.39940677,0.09181486,70.0,293.06519282,2.99565265,0.0
2084,CIRA1866,LA CIRA-1866,PRODUCTOR,SANTANDER,VALLE MEDIO DEL MAGDALENA,MUGROSA - COLORADO (BA),-73.789247,7.032217,1032227.31582,1269087.20307,113.6904,8.52,,,56.92022288,27.66866,, ,56.92022288,,Liquid,984.71523587,0.01543802,238.29080192,0.79243145,27.66866,115.98765913,0.40448224,0.08736339,70.0,293.06519282,2.99544084,0.0
2085,10066,AMBROSIA-1,PRODUCTOR,TOLIMA,VALLE MEDIO DEL MAGDALENA,DOIMA,-74.868934,4.624767,912555.857909,1002892.66318,280.1112,0.00032258,,,56.87763882,26.5516,, ,56.87763882,,Liquid,984.73633734,5.8e-07,238.11260679,0.79189165,26.5516,111.31720407,0.38892831,3.56e-06,70.0,293.06519282,2.99145923,0.0
2086,PALA0023,PALAGUA-23,PRODUCTOR,BOYACA,VALLE MEDIO DEL MAGDALENA,TUNE,-74.510872,6.084853,952403.15244,1164327.06924,144.78,103.4492,,,55.99273057,27.33686,, ,55.99273057,,Liquid,985.17233035,0.18753432,234.40983191,0.78065917,27.33686,114.60043498,0.39986844,1.02091883,70.0,293.06519282,2.90872031,0.0
2087,BONA0017,BONANZA-17,PRODUCTOR,SANTANDER,VALLE MEDIO DEL MAGDALENA,ESMERALDA (E),-73.40675,7.479717,1074418.18221,1318624.64536,114.3,0.16903226,,,55.91358524,27.4364,, ,55.91358524,,Liquid,985.21109182,0.00030644,234.07867476,0.77965312,27.4364,115.0166056,0.40125313,0.00164769,70.0,293.06519282,2.90132022,0.0
2088,BONA0017,BONANZA-17,PRODUCTOR,SANTANDER,VALLE MEDIO DEL MAGDALENA,MUGROSA (MU),-73.40675,7.479717,1074418.18221,1318624.64536,114.3,7.25516129,,,55.91358524,27.4364,, ,55.91358524,,Liquid,985.21109182,0.01315279,234.07867476,0.77965312,27.4364,115.0166056,0.40125313,0.0707217,70.0,293.06519282,2.90132022,0.0
2089,CSBE1039,CASABE-1039,PRODUCTOR,ANTIOQUIA,VALLE MEDIO DEL MAGDALENA,COLORADO (A),-73.933361,7.017075,1016304.29169,1267405.17204,76.2,175.79925926,,,55.70356565,27.68525,, ,55.70356565,,Liquid,985.31376255,0.31873739,233.1999301,0.77698233,27.68525,116.05701951,0.40471279,1.65965001,70.0,293.06519282,2.88168339,0.0
2090,PALA0153,PALAGUA-153,PRODUCTOR,BOYACA,VALLE MEDIO DEL MAGDALENA,TUNE,-74.516472,6.083447,951783.085005,1164172.11867,140.8176,109.65,,,55.66674982,27.495912,, ,55.66674982,,Liquid,985.3317325,0.19880739,233.04589051,0.77651398,27.495912,115.26542022,0.40208076,1.04668495,70.0,293.06519282,2.87824111,0.0
2091,LSAL0013,LA SALINA-13,PRODUCTOR,SANTANDER,VALLE MEDIO DEL MAGDALENA,ESMERALDAS - LA PAZ,-73.527892,7.261458,1061075.352,1294466.87424,139.9032,14.64145161,,,55.62959826,27.32027,, ,55.62959826,,Liquid,985.34985787,0.02654703,232.89044673,0.77604131,27.32027,114.53107292,0.39963761,0.14116954,70.0,293.06519282,2.87476744,0.0
2092,LSAL0013,LA SALINA-13,PRODUCTOR,SANTANDER,VALLE MEDIO DEL MAGDALENA,LISAMA,-73.527892,7.261458,1061075.352,1294466.87424,139.9032,6.89009677,,,55.62959826,27.32027,, ,55.62959826,,Liquid,985.34985787,0.01249273,232.89044673,0.77604131,27.32027,114.53107292,0.39963761,0.06643274,70.0,293.06519282,2.87476744,0.0
2093,PALA0117,PALAGUA-117,PRODUCTOR,BOYACA,VALLE MEDIO DEL MAGDALENA,TUNE,-74.512247,6.075229,952250.085845,1163262.83991,139.2936,268.88645161,,,55.54235512,27.33686,, ,55.54235512,,Liquid,985.39238832,0.48755044,232.52541966,0.77493112,27.33686,114.60043498,0.39986844,2.57418651,70.0,293.06519282,2.8666102,0.0
2094,CIRA1775,LA CIRA-1775,PRODUCTOR,SANTANDER,VALLE MEDIO DEL MAGDALENA,MUGROSA (C),-73.781072,7.029667,1033130.78034,1268805.76007,98.4504,173.82,,,55.44618963,27.58018,, ,55.44618963,,Liquid,985.43921402,0.31518897,232.12306478,0.77370706,27.58018,115.61773581,0.4032524,1.62448414,70.0,293.06519282,2.85761873,0.0
2095,LSAL0030,LA SALINA-30,PRODUCTOR,SANTANDER,VALLE MEDIO DEL MAGDALENA,LISAMA,-73.524831,7.264942,1061412.95324,1294852.54624,143.256,11.15674194,,,55.44487221,27.33133,, ,55.44487221,,Liquid,985.43985511,0.02023061,232.11755274,0.77369029,27.33133,114.5773143,0.3997915,0.10614426,70.0,293.06519282,2.85749555,0.0
2096,INFA1487,INFANTAS-1487,PRODUCTOR,SANTANDER,VALLE MEDIO DEL MAGDALENA,ESMERALDAS - LA PAZ - MUGROSA (DC),-73.775611,6.908947,1033742.83186,1255455.36635,114.3,90.5516129,,,55.02567597,27.48064,, ,55.02567597,,Liquid,985.64330317,0.16423185,230.36368464,0.76835039,27.48064,115.20156938,0.40186839,0.82795339,70.0,293.06519282,2.8183007,0.0
2097,PALA0111,PALAGUA-111,PRODUCTOR,BOYACA,VALLE MEDIO DEL MAGDALENA,TUNE,-74.512853,6.074794,952183.004032,1163214.87473,143.5608,263.69451613,,,54.88979762,27.33686,, ,54.88979762,,Liquid,985.70901546,0.47828995,229.79520005,0.76661809,27.33686,114.60043498,0.39986844,2.41360658,70.0,293.06519282,2.80559608,0.0
2098,PALA0151,PALAGUA-151,PRODUCTOR,BOYACA,VALLE MEDIO DEL MAGDALENA,TUNE,-74.511853,6.07675,952293.882204,1163431.05837,138.684,116.01689655,,,54.01336979,27.50658,, ,54.01336979,,Liquid,986.13010618,0.21052171,226.12858994,0.75542781,27.50658,115.31002211,0.40222911,0.98524897,70.0,293.06519282,2.72365008,0.0
2099,PALA0156,PALAGUA-156,PRODUCTOR,BOYACA,VALLE MEDIO DEL MAGDALENA,TUNE,-74.527547,6.124211,950560.770812,1168681.25544,136.2456,16.8216129,,,53.71120699,27.518772,, ,53.71120699,,Liquid,986.27417118,0.03052859,224.86453238,0.75156301,27.518772,115.36099567,0.40239864,0.13960995,70.0,293.06519282,2.69539785,0.0
2100,PALA0156,PALAGUA-156,PRODUCTOR,BOYACA,VALLE MEDIO DEL MAGDALENA,GUADUAS,-74.527547,6.124211,950560.770812,1168681.25544,136.2456,18.97,,,53.71120699,27.518772,, ,53.71120699,,Liquid,986.27417118,0.03442757,224.86453238,0.75156301,27.518772,115.36099567,0.40239864,0.15744036,70.0,293.06519282,2.69539785,0.0
2101,PALA0176,PALAGUA-176,PRODUCTOR,BOYACA,VALLE MEDIO DEL MAGDALENA,GUADUAS,-74.516531,6.077678,951776.106016,1163534.07938,138.3792,141.89258065,,,53.66249937,27.32027,, ,53.66249937,,Liquid,986.29734032,0.25751882,224.6607737,0.75093969,27.32027,114.53107292,0.39963761,1.19142782,70.0,293.06519282,2.69084369,0.0
2102,PALA0176,PALAGUA-176,PRODUCTOR,BOYACA,VALLE MEDIO DEL MAGDALENA,TUNE,-74.516531,6.077678,951776.106016,1163534.07938,138.3792,141.89451613,,,53.66249937,27.32027,, ,53.66249937,,Liquid,986.29734032,0.25752233,224.6607737,0.75093969,27.32027,114.53107292,0.39963761,1.19144407,70.0,293.06519282,2.69084369,0.0
2103,CSBE0638,CASABE-638,PRODUCTOR,ANTIOQUIA,VALLE MEDIO DEL MAGDALENA,COLORADO (A),-73.896797,7.067964,1020342.24007,1273034.54654,76.2,330.74967742,,,53.48123611,27.70737,, ,53.48123611,,Liquid,986.38343219,0.60032527,223.90250227,0.74861924,27.70737,116.14949989,0.40502018,2.65958018,70.0,293.06519282,2.67389558,0.0
2104,INFA1636,INFANTAS-1636,PRODUCTOR,SANTANDER,VALLE MEDIO DEL MAGDALENA,MUGROSA (C),-73.768194,6.9497,1034559.57589,1259962.88561,103.632,701.33322581,,,53.43179892,27.53041,, ,53.43179892,,Liquid,986.40687672,1.27298103,223.69569566,0.74798615,27.53041,115.40965296,0.40256046,5.69673801,70.0,293.06519282,2.6692732,0.0
2105,PALA0030,PALAGUA-30,PRODUCTOR,BOYACA,VALLE MEDIO DEL MAGDALENA,TUNE,-74.516436,6.094975,951788.1094,1165446.98834,143.256,209.97516129,,,53.11434401,27.34792,, ,53.11434401,,Liquid,986.55705552,0.38118127,222.36773307,0.74391862,27.34792,114.6466763,0.40002232,1.68959237,70.0,293.06519282,2.63959116,0.0
2106,CIRA1799,LA CIRA-1799,PRODUCTOR,SANTANDER,VALLE MEDIO DEL MAGDALENA,MUGROSA (CB),-73.785025,7.027792,1032694.15045,1268598.11915,118.2624,8.04354839,,,53.06065892,27.4917,, ,53.06065892,,Liquid,986.58238945,0.01460234,222.14316364,0.74323038,27.4917,115.24781024,0.40202219,0.06374107,70.0,293.06519282,2.63457161,0.0
2107,CIRA1813,LA CIRA-1813,PRODUCTOR,SANTANDER,VALLE MEDIO DEL MAGDALENA,COLORADO (A),-73.808189,6.979061,1030137.79764,1263207.28828,85.9536,1.34032258,,,52.99211162,27.58571,, ,52.99211162,,Liquid,986.61471032,0.00243332,221.85642578,0.74235144,27.58571,115.64085609,0.40332928,0.01048845,70.0,293.06519282,2.62816244,0.0
2108,LSAL0027,LA SALINA-27,PRODUCTOR,SANTANDER,VALLE MEDIO DEL MAGDALENA,ESMERALDAS - LA PAZ,-73.521539,7.265344,1061776.43755,1294897.53176,155.7528,1.9616129,,,52.87118996,27.29262,, ,52.87118996,,Liquid,986.67165378,0.00356145,221.35060651,0.74080049,27.29262,114.41546931,0.39925287,0.01556679,70.0,293.06519282,2.61685626,0.0
2109,CIRA1708,LA CIRA-1708,PRODUCTOR,SANTANDER,VALLE MEDIO DEL MAGDALENA,MUGROSA (C),-73.779239,7.0037,1033335.19627,1265934.13893,88.0872,0.09354839,,,52.53626309,27.759564,, ,52.53626309,,Liquid,986.82889037,0.00016987,219.94962304,0.73650178,27.759564,116.36771457,0.40574539,0.00069711,70.0,293.06519282,2.5855406,0.0
2110,PALA0119,PALAGUA-119,PRODUCTOR,BOYACA,VALLE MEDIO DEL MAGDALENA,TUNE,-74.518686,6.089144,951538.507161,1164802.37676,142.3416,367.532,,,52.21419526,27.33686,, ,52.21419526,,Liquid,986.97941671,0.66748987,218.60246478,0.73236405,27.33686,114.60043498,0.39986844,2.76430429,70.0,293.06519282,2.55542726,0.0
2111,CIRA1858,LA CIRA-1858,PRODUCTOR,SANTANDER,VALLE MEDIO DEL MAGDALENA,MUGROSA (CB),-73.785047,7.033058,1032691.32933,1269180.56998,103.9368,0.1383871,,,52.13844657,27.547,, ,52.13844657,,Liquid,987.01472357,0.00025134,218.28562523,0.73139029,27.547,115.47901399,0.40279112,0.0010172,70.0,293.06519282,2.54834475,0.0
2112,CIRA1717,LA CIRA-1717,PRODUCTOR,SANTANDER,VALLE MEDIO DEL MAGDALENA,COLORADO (A),-73.792319,6.997933,1031890.19049,1265295.47203,92.3544,0.03354839,,,51.81644219,27.738228,, ,51.81644219,,Liquid,987.1644017,6.094e-05,216.93877567,0.72724843,27.738228,116.27851229,0.40544895,0.00023662,70.0,293.06519282,2.51823735,0.0
2113,CIRA1727,LA CIRA-1727,PRODUCTOR,SANTANDER,VALLE MEDIO DEL MAGDALENA,MUGROSA - COLORADO (CA),-73.808636,6.976239,1030088.55966,1262895.14372,85.344,96.20870968,,,51.67988608,27.547,, ,51.67988608,,Liquid,987.22767668,0.17477252,216.36761205,0.72549074,27.547,115.47901399,0.40279112,0.68199658,70.0,293.06519282,2.50546935,0.0
2114,PALA0189,PALAGUA-189,PRODUCTOR,BOYACA,VALLE MEDIO DEL MAGDALENA,GUADUAS,-74.522961,6.106378,951066.813002,1166708.6263,142.6464,111.13451613,,,51.43372655,27.27603,, ,51.43372655,,Liquid,987.34143494,0.20190996,215.33803347,0.72232044,27.27603,114.34610703,0.39902201,0.79010518,70.0,293.06519282,2.48245343,0.0
2115,PALA0189,PALAGUA-189,PRODUCTOR,BOYACA,VALLE MEDIO DEL MAGDALENA,TUNE,-74.522961,6.106378,951066.813002,1166708.6263,142.6464,120.39483871,,,51.43372655,27.27603,, ,51.43372655,,Liquid,987.34143494,0.21873418,215.33803347,0.72232044,27.27603,114.34610703,0.39902201,0.85594098,70.0,293.06519282,2.48245343,0.0
2116,INFA0659,INFANTAS-659,PRODUCTOR,SANTANDER,VALLE MEDIO DEL MAGDALENA,LA PAZ (C),-73.775883,6.919111,1033712.02726,1256579.405,124.0536,4.17387097,,,51.4062618,27.40322,, ,51.4062618,,Liquid,987.35410309,0.00758322,215.22316156,0.72196658,27.40322,114.87788239,0.40079161,0.02929613,70.0,293.06519282,2.47988548,0.0
2117,CIRA1679,LA CIRA-1679,PRODUCTOR,SANTANDER,VALLE MEDIO DEL MAGDALENA,LA PAZ (C),-73.78465,7.017117,1032736.33223,1267417.55876,86.5632,191.92133333,,,51.21930202,27.767184,, ,51.21930202,,Liquid,987.44020925,0.3487189,214.44120476,0.71955695,27.767184,116.39957249,0.40585125,1.28651207,70.0,293.06519282,2.46240474,0.0
2118,CIRA1859,LA CIRA-1859,PRODUCTOR,SANTANDER,VALLE MEDIO DEL MAGDALENA,MUGROSA (C),-73.783644,7.031197,1032846.46,1268974.84238,105.7656,1.19533333,,,51.13374048,27.49723,, ,51.13374048,,Liquid,987.47954017,0.00217199,214.0833485,0.71845374,27.49723,115.27093066,0.40209909,0.0081422,70.0,293.06519282,2.45440474,0.0
2119,PALA0190,PALAGUA-190,PRODUCTOR,BOYACA,VALLE MEDIO DEL MAGDALENA,GUADUAS,-74.522572,6.126611,951111.701967,1168946.21937,138.0744,53.49071429,,,51.10775722,27.3258,, ,51.10775722,,Liquid,987.49147479,0.09719707,213.97467546,0.71811866,27.3258,114.55419362,0.39971455,0.36891275,70.0,293.06519282,2.4519753,0.0
2120,PALA0190,PALAGUA-190,PRODUCTOR,BOYACA,VALLE MEDIO DEL MAGDALENA,TUNE,-74.522572,6.126611,951111.701967,1168946.21937,138.0744,24.03321429,,,51.10775722,27.3258,, ,51.10775722,,Liquid,987.49147479,0.04367035,213.97467546,0.71811866,27.3258,114.55419362,0.39971455,0.16575137,70.0,293.06519282,2.4519753,0.0
2121,PALA0106,PALAGUA-106,PRODUCTOR,BOYACA,VALLE MEDIO DEL MAGDALENA,TUNE,-74.511075,6.076661,952379.981196,1163421.15833,144.1704,368.47129032,,,50.9515688,27.30368,, ,50.9515688,,Liquid,987.56312309,0.66959152,213.32143367,0.71610392,27.30368,114.46171078,0.39940677,2.51391784,70.0,293.06519282,2.43737168,0.0
2122,PALA0093,PALAGUA-93,PRODUCTOR,BOYACA,VALLE MEDIO DEL MAGDALENA,GUADUAS,-74.523547,6.104631,951001.773144,1166515.4544,157.2768,39.49354839,,,50.83982516,27.27603,, ,50.83982516,,Liquid,987.61428626,0.07177198,212.85408228,0.7146619,27.27603,114.34610703,0.39902201,0.26762929,70.0,293.06519282,2.42692365,0.0
2123,PALA0093,PALAGUA-93,PRODUCTOR,BOYACA,VALLE MEDIO DEL MAGDALENA,TUNE,-74.523547,6.104631,951001.773144,1166515.4544,157.2768,11.08225806,,,50.83982516,27.27603,, ,50.83982516,,Liquid,987.61428626,0.02013989,212.85408228,0.7146619,27.27603,114.34610703,0.39902201,0.07509927,70.0,293.06519282,2.42692365,0.0
2124,CIRA1861,LA CIRA-1861,PRODUCTOR,SANTANDER,VALLE MEDIO DEL MAGDALENA,MUGROSA (B),-73.7879,7.030894,1032376.26409,1268941.05813,116.7384,4.06322581,,,50.58409501,27.48064,, ,50.58409501,,Liquid,987.73107036,0.00738501,211.78454327,0.71135995,27.48064,115.20156938,0.40186839,0.0264882,70.0,293.06519282,2.40301288,0.0
2125,CSBE0707D,CASABE-707D,PRODUCTOR,ANTIOQUIA,VALLE MEDIO DEL MAGDALENA,COLORADO (A),-73.901431,7.077419,1019829.91981,1274080.05797,76.8096,179.84583333,,,50.53531554,27.71843,, ,50.53531554,,Liquid,987.75329816,0.32688146,211.58053544,0.71072983,27.71843,116.19574002,0.40517386,1.14359013,70.0,293.06519282,2.398452,0.0
2126,PAYO0018,PAYOA-18,PRODUCTOR,SANTANDER,VALLE MEDIO DEL MAGDALENA,ESMERALDAS - LA PAZ,-73.484258,7.270275,1065893.0438,1295448.10515,168.8592,42.19335484,,,50.52406256,27.15437,, ,50.52406256,,Liquid,987.75842371,0.07668956,211.53347277,0.71058445,27.15437,113.8374478,0.39732863,0.28152126,70.0,293.06519282,2.39739985,0.0
2127,PALA0192,PALAGUA-192,PRODUCTOR,BOYACA,VALLE MEDIO DEL MAGDALENA,GUADUAS,-74.520017,6.10715,951392.826714,1166793.75829,155.448,26.94354839,,,50.48425323,27.26497,, ,50.48425323,,Liquid,987.7765496,0.0489728,211.36698098,0.71007012,27.26497,114.29986547,0.39886809,0.17747987,70.0,293.06519282,2.39367768,0.0
2128,PALA0192,PALAGUA-192,PRODUCTOR,BOYACA,VALLE MEDIO DEL MAGDALENA,TUNE,-74.520017,6.10715,951392.826714,1166793.75829,155.448,8.9816129,,,50.48425323,27.26497,, ,50.48425323,,Liquid,987.7765496,0.01632505,211.36698098,0.71007012,27.26497,114.29986547,0.39886809,0.05916279,70.0,293.06519282,2.39367768,0.0
2129,LSAL0031,LA SALINA-31,PRODUCTOR,SANTANDER,VALLE MEDIO DEL MAGDALENA,LISAMA,-73.525264,7.260592,1061365.68894,1294371.38462,141.4272,52.08258065,,,50.45988522,27.32027,, ,50.45988522,,Liquid,987.7876397,0.09466676,211.26506858,0.70975525,27.32027,114.53107292,0.39963761,0.34074184,70.0,293.06519282,2.39139927,0.0
2130,CIRA1175,LA CIRA-1175,TAPONADO Y ABANDONADO,SANTANDER,VALLE MEDIO DEL MAGDALENA,,-73.794474,6.943598,4912271.3965,2325329.8099,426.0,,,,50.35854524,27.55992,, ,50.35854524,,Liquid,987.83371887,0.0,210.84124442,0.70844557,27.55992,115.53303109,0.40297074,0.0,70.0,293.06519282,2.38192398,0.0
2131,PALA0040,PALAGUA-40,PRODUCTOR,BOYACA,VALLE MEDIO DEL MAGDALENA,GUADUAS,-74.519622,6.108497,951436.619041,1166942.71128,164.592,8.81064516,,,50.34492423,27.18755,, ,50.34492423,,Liquid,987.83990723,0.01601532,210.78427886,0.7082695,27.18755,113.97617349,0.39779053,0.05775417,70.0,293.06519282,2.38065042,0.0
2132,PALA0040,PALAGUA-40,PRODUCTOR,BOYACA,VALLE MEDIO DEL MAGDALENA,TUNE,-74.519622,6.108497,951436.619041,1166942.71128,164.592,9.67129032,,,50.34492423,27.18755,, ,50.34492423,,Liquid,987.83990723,0.01757974,210.78427886,0.7082695,27.18755,113.97617349,0.39779053,0.06339574,70.0,293.06519282,2.38065042,0.0
2133,CIRA1655,LA CIRA-1655,PRODUCTOR,SANTANDER,VALLE MEDIO DEL MAGDALENA,MUGROSA - COLORADO (BA),-73.789336,7.003758,1032219.44992,1265939.88219,112.4712,0.02677419,,,50.27336397,27.637644,, ,50.27336397,,Liquid,987.87239889,4.867e-05,210.48500164,0.7073444,27.637644,115.85798555,0.40405117,0.0001677,70.0,293.06519282,2.37395953,0.0
2134,TOQU0034,TOQUI TOQUI-34,PRODUCTOR,TOLIMA,VALLE MEDIO DEL MAGDALENA,CHICORAL,-74.841906,4.581008,915550.158017,998050.02726,280.416,0.15451613,,,50.20303886,26.40782,, ,50.20303886,,Liquid,987.90429715,0.00028089,210.19089157,0.70643508,26.40782,110.7160275,0.38692201,0.00107022,70.0,293.06519282,2.36738413,0.0
2135,CIRA1868,LA CIRA-1868,PRODUCTOR,SANTANDER,VALLE MEDIO DEL MAGDALENA,MUGROSA (B),-73.775744,7.003981,1033721.3192,1265965.42084,90.8304,0.23387097,,,50.08070614,27.61336,, ,50.08070614,,Liquid,987.95970813,0.00042516,209.67928157,0.70485281,27.61336,115.75645732,0.40371364,0.00144401,70.0,293.06519282,2.35594602,0.0
2136,PALA0107,PALAGUA-107,PRODUCTOR,BOYACA,VALLE MEDIO DEL MAGDALENA,TUNE,-74.517586,6.083206,951659.749907,1164145.49932,138.0744,143.19032258,,,49.88729194,27.32027,, ,49.88729194,,Liquid,988.04711578,0.26033511,208.87040954,0.70234997,27.32027,114.53107292,0.39963761,0.89260549,70.0,293.06519282,2.3378618,0.0
2137,PALA0162,PALAGUA-162,PRODUCTOR,BOYACA,VALLE MEDIO DEL MAGDALENA,TUNE,-74.523575,6.109078,950999.099919,1167007.27876,163.3728,109.4416129,,,49.84125484,27.383136,, ,49.84125484,,Liquid,988.06788471,0.19898058,208.67788074,0.70175402,27.383136,114.79391245,0.40051224,0.67574123,70.0,293.06519282,2.33355733,0.0
2138,PALA0162,PALAGUA-162,PRODUCTOR,BOYACA,VALLE MEDIO DEL MAGDALENA,GUADUAS,-74.523575,6.109078,950999.099919,1167007.27876,163.3728,61.56258065,,,49.84125484,27.383136,, ,49.84125484,,Liquid,988.06788471,0.11192962,208.67788074,0.70175402,27.383136,114.79391245,0.40051224,0.38011477,70.0,293.06519282,2.33355733,0.0
2139,CIRA1726,LA CIRA-1726,PRODUCTOR,SANTANDER,VALLE MEDIO DEL MAGDALENA,MUGROSA (B),-73.788994,7.024403,1032255.7873,1268223.05334,108.204,100.25096774,,,49.82744974,27.49723,, ,49.82744974,,Liquid,988.07410996,0.18227182,208.62014746,0.7015753,27.49723,115.27093066,0.40209909,0.61196788,70.0,293.06519282,2.33226655,0.0
2140,PALA0046,PALAGUA-46,PRODUCTOR,BOYACA,VALLE MEDIO DEL MAGDALENA,TUNE,-74.51785,6.111094,951633.033276,1167229.77942,151.7904,18.56451613,,,49.61808882,27.28156,, ,49.61808882,,Liquid,988.16836533,0.03375639,207.74460145,0.69886396,27.28156,114.3692278,0.39909896,0.11347122,70.0,293.06519282,2.3126913,0.0
2141,PALA0046,PALAGUA-46,PRODUCTOR,BOYACA,VALLE MEDIO DEL MAGDALENA,GUADUAS,-74.51785,6.111094,951633.033276,1167229.77942,151.7904,24.60870968,,,49.61808882,27.28156,, ,49.61808882,,Liquid,988.16836533,0.04474672,207.74460145,0.69886396,27.28156,114.3692278,0.39909896,0.15041492,70.0,293.06519282,2.3126913,0.0
2142,BONA0010,BONANZA-10,PRODUCTOR,SANTANDER,VALLE MEDIO DEL MAGDALENA,ESMERALDA (E),-73.410619,7.478847,1073991.18445,1318527.82474,133.5024,18.55225806,,,49.43178708,27.4364,, ,49.43178708,,Liquid,988.25199683,0.03373696,206.96549967,0.6964498,27.4364,115.0166056,0.40125313,0.11001851,70.0,293.06519282,2.29527209,0.0
2143,CIRA1838,LA CIRA-1838,PRODUCTOR,SANTANDER,VALLE MEDIO DEL MAGDALENA,MUGROSA (B),-73.791408,6.989003,1031991.47599,1264307.87965,96.9264,32.18677419,,,49.41126193,27.60783,, ,49.41126193,,Liquid,988.26119665,0.05853163,206.87966546,0.69618374,27.60783,115.73333709,0.40363677,0.1875597,70.0,293.06519282,2.29335299,0.0
2144,PALA0061,PALAGUA-61,PRODUCTOR,BOYACA,VALLE MEDIO DEL MAGDALENA,TUNE,-74.508517,6.074728,952663.030396,1163207.12832,148.7424,311.42193548,,,49.05570566,27.34792,, ,49.05570566,,Liquid,988.42012313,0.56641168,205.39278233,0.69157225,27.34792,114.6466763,0.40002232,1.80101339,70.0,293.06519282,2.26010848,0.0
2145,CSBE0203D,CASABE-203D,PRODUCTOR,ANTIOQUIA,VALLE MEDIO DEL MAGDALENA,COLORADO (A),-73.902517,7.082439,1019709.71247,1274635.13307,74.9808,60.05064516,,,49.04806668,27.69631,, ,49.04806668,,Liquid,988.42352843,0.10922,205.36083767,0.69147312,27.69631,116.10325972,0.40486649,0.33596316,70.0,293.06519282,2.25939424,0.0
2146,CIRA1766,LA CIRA-1766,PRODUCTOR,SANTANDER,VALLE MEDIO DEL MAGDALENA,MUGROSA (B),-73.775553,7.010658,1033742.01086,1266703.94554,89.6112,0.22709677,,,49.0052846,27.59124,, ,49.0052846,,Liquid,988.44259261,0.00041305,205.18193194,0.69091789,27.59124,115.66397635,0.40340615,0.00127816,70.0,293.06519282,2.25539411,0.0
2147,CIRA1816,LA CIRA-1816,PRODUCTOR,SANTANDER,VALLE MEDIO DEL MAGDALENA,MUGROSA (C),-73.769472,6.987228,1034415.62531,1264113.12288,89.6112,472.09225806,,,48.98229119,27.61336,, ,48.98229119,,Liquid,988.45283373,0.85866598,205.0857785,0.69061946,27.61336,115.75645732,0.40371364,2.64606341,70.0,293.06519282,2.25324423,0.0
2148,CSBE1032,CASABE-1032,PRODUCTOR,ANTIOQUIA,VALLE MEDIO DEL MAGDALENA,MUGROSA - COLORADO (BA),-73.928061,7.024106,1016889.66667,1268182.89139,76.2,832.59290323,,,48.69207883,27.72396,, ,48.69207883,,Liquid,988.58179079,1.51456089,203.87218659,0.68685092,27.72396,116.21886008,0.4052507,4.4973284,70.0,293.06519282,2.22610937,0.0
2149,NARE0047,NARE-47,PRODUCTOR,ANTIOQUIA,VALLE MEDIO DEL MAGDALENA,GRUPO CHUSPAS,-74.600556,6.085031,942474.805869,1164355.45394,142.0368,3.34806452,,,48.65305757,27.29262,, ,48.65305757,,Liquid,988.59908735,0.00609054,203.70901175,0.68634396,27.29262,114.41546931,0.39925287,0.0187723,70.0,293.06519282,2.22246088,0.0
2150,CIRA1769,LA CIRA-1769,PRODUCTOR,SANTANDER,VALLE MEDIO DEL MAGDALENA,MUGROSA (B),-73.771592,7.002792,1034180.27999,1265834.23613,102.108,0.20225806,,,48.50944807,27.56912,, ,48.50944807,,Liquid,988.66265637,0.00036796,203.10848476,0.68447767,27.56912,115.57149524,0.40309865,0.00109031,70.0,293.06519282,2.20903339,0.0
2151,LSAL0048,LA SALINA-48,PRODUCTOR,SANTANDER,VALLE MEDIO DEL MAGDALENA,LISAMA,-73.530753,7.255478,1060760.16904,1293805.05689,145.6944,0.00035484,,,48.49808525,27.30921,, ,48.49808525,,Liquid,988.66768028,6.5e-07,203.06096949,0.68432997,27.30921,114.4848315,0.39948372,1.96e-06,70.0,293.06519282,2.20797097,0.0
2152,BONA0018,BONANZA-18,PRODUCTOR,SANTANDER,VALLE MEDIO DEL MAGDALENA,ESMERALDA (E),-73.408064,7.485386,1074272.18138,1319251.46929,154.2288,3.93548387,,,48.46893302,27.41428,, ,48.46893302,,Liquid,988.68056558,0.00715971,202.93906541,0.683951,27.41428,114.92412349,0.40094546,0.02145074,70.0,293.06519282,2.20524524,0.0
2153,BONA0018,BONANZA-18,PRODUCTOR,SANTANDER,VALLE MEDIO DEL MAGDALENA,MUGROSA (MU),-73.408064,7.485386,1074272.18138,1319251.46929,154.2288,5.91612903,,,48.46893302,27.41428,, ,48.46893302,,Liquid,988.68056558,0.01076304,202.93906541,0.683951,27.41428,114.92412349,0.40094546,0.03224644,70.0,293.06519282,2.20524524,0.0
2154,CIRA1814,LA CIRA-1814,PRODUCTOR,SANTANDER,VALLE MEDIO DEL MAGDALENA,COLORADO (A),-73.806542,6.97715,1030319.94566,1262996.03926,92.3544,0.05833333,,,48.30423711,27.58018,, ,48.30423711,,Liquid,988.7532547,0.00010613,202.25037095,0.68180942,27.58018,115.61773581,0.4032524,0.0003082,70.0,293.06519282,2.18984617,0.0
2155,TECA0347,TECA-347,PRODUCTOR,ANTIOQUIA,VALLE MEDIO DEL MAGDALENA,GRUPO CHUSPAS (A),-74.590894,6.061667,943541.917764,1161770.56842,149.0,1141.29225806,,,48.23425133,27.18755,, ,48.23425133,,Liquid,988.7840883,2.07653744,201.95771978,0.68089904,27.18755,113.97617349,0.39779053,6.22108632,70.0,293.06519282,2.1833025,0.0
2156,NARE0030,NARE-30,PRODUCTOR,ANTIOQUIA,VALLE MEDIO DEL MAGDALENA,GRUPO CHUSPAS,-74.589031,6.081403,943750.306237,1163953.03421,135.9408,10.27419355,,,48.00993513,27.36451,, ,48.00993513,,Liquid,988.88269422,0.01869536,201.01973244,0.67797984,27.36451,114.71603822,0.40025312,0.05392574,70.0,293.06519282,2.16232893,0.0
2157,BONA0015,BONANZA-15,PRODUCTOR,SANTANDER,VALLE MEDIO DEL MAGDALENA,ESMERALDA (E),-73.411364,7.481753,1073908.50983,1318849.06403,136.2456,30.99580645,,,47.91810388,27.46958,, ,47.91810388,,Liquid,988.9229645,0.0564036,200.63574019,0.67678419,27.46958,115.15532849,0.40171458,0.15964265,70.0,293.06519282,2.15374271,0.0
2158,NARE0048,NARE-48,PRODUCTOR,ANTIOQUIA,VALLE MEDIO DEL MAGDALENA,GRUPO CHUSPAS,-74.598,6.085017,942757.722804,1164353.64537,142.9512,1.27903226,,,47.90350056,27.33133,, ,47.90350056,,Liquid,988.92936319,0.00232749,200.57467665,0.67659402,27.33133,114.5773143,0.3997915,0.00666801,70.0,293.06519282,2.1523773,0.0
2159,CIRA1719,LA CIRA-1719,PRODUCTOR,SANTANDER,VALLE MEDIO DEL MAGDALENA,MUGROSA (B),-73.794061,7.000794,1031697.53707,1265611.77303,108.8136,0.09774194,,,47.74011876,27.655932,, ,47.74011876,,Liquid,989.00085407,0.00017788,199.89150201,0.67446585,27.655932,115.93444517,0.40430535,0.00048591,70.0,293.06519282,2.1371011,0.0
2160,TECA0216,TECA-216,PRODUCTOR,ANTIOQUIA,VALLE MEDIO DEL MAGDALENA,GRUPO CHUSPAS,-74.601103,6.039228,942409.371048,1159290.07057,139.2936,90.28129032,,,47.62819957,27.32027,, ,47.62819957,,Liquid,989.04972282,0.16430747,199.42352035,0.67300741,27.32027,114.53107292,0.39963761,0.45906789,70.0,293.06519282,2.12663666,0.0
2161,CIRA1839,LA CIRA-1839,PRODUCTOR,SANTANDER,VALLE MEDIO DEL MAGDALENA,MUGROSA (C),-73.795183,6.974242,1031575.3147,1262675.14611,115.824,252.73967742,,,47.56144298,27.46958,, ,47.56144298,,Liquid,989.07883145,0.45998721,199.14438425,0.67213725,27.46958,115.15532849,0.40171458,1.25818966,70.0,293.06519282,2.12039492,0.0
2162,LSAL0050,LA SALINA-50,PRODUCTOR,SANTANDER,VALLE MEDIO DEL MAGDALENA,LISAMA,-73.52825,7.266053,1061035.1609,1294974.96996,145.3896,40.81651613,,,47.0160302,27.29815,, ,47.0160302,,Liquid,989.31552577,0.074304,196.86383709,0.66502123,27.29815,114.43859005,0.39932982,0.19605908,70.0,293.06519282,2.06939882,0.0
2163,TECA0348A,TECA-348A,PRODUCTOR,ANTIOQUIA,VALLE MEDIO DEL MAGDALENA,GRUPO CHUSPAS (A),-74.593992,6.062133,943199.064692,1161822.49406,149.0,626.67741935,,,47.00421049,27.25944,, ,47.00421049,,Liquid,989.3206329,1.14083422,196.81441587,0.66486689,27.25944,114.27674467,0.39879113,3.01854905,70.0,293.06519282,2.06829368,0.0
2164,CIRA1808,LA CIRA-1808,PRODUCTOR,SANTANDER,VALLE MEDIO DEL MAGDALENA,MUGROSA - COLORADO (CA),-73.805536,6.987389,1030430.40911,1264128.45679,82.6008,0.03741935,,,46.77599827,27.64101,, ,46.77599827,,Liquid,989.41905386,6.813e-05,195.86020961,0.66188576,27.64101,115.87205834,0.40409796,0.0001694,70.0,293.06519282,2.04695584,0.0
2165,TECA0232,TECA-232,PRODUCTOR,ANTIOQUIA,VALLE MEDIO DEL MAGDALENA,GRUPO CHUSPAS,-74.607361,6.032417,941715.757467,1158537.48049,140.5128,368.25,,,46.60566098,27.30921,, ,46.60566098,,Liquid,989.49228403,0.67049662,195.14799964,0.65965928,27.30921,114.4848315,0.39948372,1.69639113,70.0,293.06519282,2.0310293,0.0
2166,NARE0041,NARE-41,PRODUCTOR,ANTIOQUIA,VALLE MEDIO DEL MAGDALENA,GRUPO CHUSPAS,-74.595444,6.082536,943040.379999,1164079.03988,139.5984,69.39032258,,,46.5650694,27.34239,, ,46.5650694,,Liquid,989.50970567,0.12634568,194.97828017,0.65912853,27.34239,114.62355564,0.39994538,0.31725855,70.0,293.06519282,2.02723399,0.0
2167,PALA0147,PALAGUA-147,PRODUCTOR,BOYACA,VALLE MEDIO DEL MAGDALENA,TUNE,-74.522258,6.125003,951146.303084,1168768.32664,145.6944,31.08967742,,,46.3457758,27.28709,, ,46.3457758,,Liquid,989.60363032,0.05661336,194.06138774,0.65626007,27.28709,114.39234856,0.39917592,0.13983425,70.0,293.06519282,2.00673004,0.0
2168,CIRA1710,LA CIRA-1710,PRODUCTOR,SANTANDER,VALLE MEDIO DEL MAGDALENA,MUGROSA (C),-73.788042,6.995739,1032363.03375,1265053.07802,88.392,251.49741935,,,46.17511109,27.75804,, ,46.17511109,,Liquid,989.67649918,0.45800289,193.34782627,0.65402636,27.75804,116.36134298,0.40572421,1.05689547,70.0,293.06519282,1.99077289,0.0
2169,PALA0113,PALAGUA-113,PRODUCTOR,BOYACA,VALLE MEDIO DEL MAGDALENA,TUNE,-74.524172,6.125039,950934.445578,1168772.4935,145.9992,13.75709677,,,46.17277669,27.29815,, ,46.17277669,,Liquid,989.67749451,0.02505313,193.33806604,0.6539958,27.29815,114.43859005,0.39932982,0.06072264,70.0,293.06519282,1.99055462,0.0
2170,PALA0113,PALAGUA-113,PRODUCTOR,BOYACA,VALLE MEDIO DEL MAGDALENA,GUADUAS,-74.524172,6.125039,950934.445578,1168772.4935,145.9992,33.68064516,,,46.17277669,27.29815,, ,46.17277669,,Liquid,989.67749451,0.06133601,193.33806604,0.6539958,27.29815,114.43859005,0.39932982,0.14866346,70.0,293.06519282,1.99055462,0.0
2171,PALA0148,PALAGUA-148,PRODUCTOR,BOYACA,VALLE MEDIO DEL MAGDALENA,GUADUAS,-74.525819,6.123706,950751.985175,1168625.19271,141.4272,102.59258065,,,46.10113529,27.3258,, ,46.10113529,,Liquid,989.70802262,0.18683768,193.03853027,0.65305777,27.3258,114.55419362,0.39971455,0.44819214,70.0,293.06519282,1.98385615,0.0
2172,PALA0148,PALAGUA-148,PRODUCTOR,BOYACA,VALLE MEDIO DEL MAGDALENA,TUNE,-74.525819,6.123706,950751.985175,1168625.19271,141.4272,52.85,,,46.10113529,27.3258,, ,46.10113529,,Liquid,989.70802262,0.0962484,193.03853027,0.65305777,27.3258,114.55419362,0.39971455,0.2308837,70.0,293.06519282,1.98385615,0.0
2173,LSAL0033,LA SALINA-33,PRODUCTOR,SANTANDER,VALLE MEDIO DEL MAGDALENA,LISAMA,-73.529125,7.255469,1060939.94992,1293804.34621,146.9136,222.80083871,,,46.09879891,27.3258,, ,46.09879891,,Liquid,989.70901762,0.40575677,193.02876178,0.65302718,27.3258,114.55419362,0.39971455,0.97310675,70.0,293.06519282,1.9836377,0.0
2174,JAZM0006AP,JAZMIN AP-06,PRODUCTOR,BOYACA,VALLE MEDIO DEL MAGDALENA,GRUPO CHUSPAS,-74.591894,6.102436,943435.501571,1166279.45528,137.16,22.22,,,45.79238221,27.37004,, ,45.79238221,,Liquid,989.839186,0.04047158,191.74763383,0.64901281,27.37004,114.73915884,0.40033005,0.09355516,70.0,293.06519282,1.95498774,0.0
2175,NARE0007,NARE-7,PRODUCTOR,ANTIOQUIA,VALLE MEDIO DEL MAGDALENA,GRUPO CHUSPAS,-74.587631,6.077525,943904.892715,1163524.03419,136.2456,22.46258065,,,45.60664786,27.35345,, ,45.60664786,,Liquid,989.91777257,0.04091666,190.97108902,0.64657765,27.35345,114.66979695,0.40009925,0.09290765,70.0,293.06519282,1.93762157,0.0
2176,PALA0096,PALAGUA-96,PRODUCTOR,BOYACA,VALLE MEDIO DEL MAGDALENA,TUNE,-74.516669,6.10325,951763.022139,1166362.15148,147.5232,114.22115385,,,45.59441453,27.20967,, ,45.59441453,,Liquid,989.92294029,0.20806037,190.91994243,0.64641721,27.20967,114.0686571,0.39809843,0.47928535,70.0,293.06519282,1.93647776,0.0
2177,PALA0039,PALAGUA-39,PRODUCTOR,BOYACA,VALLE MEDIO DEL MAGDALENA,TUNE,-74.518128,6.085353,951599.973417,1164383.00915,147.828,211.26193548,,,45.41074277,27.34239,, ,45.41074277,,Liquid,990.00040416,0.38485581,190.15202928,0.64400763,27.34239,114.62355564,0.39994538,0.85677941,70.0,293.06519282,1.91930445,0.0
2178,NARE0010,NARE-10,PRODUCTOR,ANTIOQUIA,VALLE MEDIO DEL MAGDALENA,GRUPO CHUSPAS,-74.588928,6.078797,943761.416174,1163664.86431,136.8552,19.40322581,,,45.35618977,27.34239,, ,45.35618977,,Liquid,990.023367,0.03534767,189.92395005,0.64329168,27.34239,114.62355564,0.39994538,0.07823088,70.0,293.06519282,1.91420374,0.0
2179,CIRA1882,LA CIRA-1882,PRODUCTOR,SANTANDER,VALLE MEDIO DEL MAGDALENA,MUGROSA (B),-73.789864,6.955506,1032164.42209,1260603.41882,98.1456,62.87074074,,,45.27938423,27.54147,, ,45.27938423,,Liquid,990.05566155,0.114538,189.60283691,0.6422835,27.54147,115.45589365,0.40271423,0.24584937,70.0,293.06519282,1.90702243,0.0
2180,TECA0240,TECA-240,PRODUCTOR,ANTIOQUIA,VALLE MEDIO DEL MAGDALENA,GRUPO CHUSPAS,-74.607203,6.030831,941733.114524,1158362.05299,140.8176,248.51193548,,,45.24542832,27.3258,, ,45.24542832,,Liquid,990.06992599,0.45274592,189.46087247,0.6418377,27.3258,114.55419362,0.39971455,0.99189896,70.0,293.06519282,1.90384755,0.0
2181,CIRA1880,LA CIRA-1880,PRODUCTOR,SANTANDER,VALLE MEDIO DEL MAGDALENA,LA PAZ (C),-73.777269,6.994183,1033553.50615,1264881.79345,96.012,986.793125,,,45.21413259,27.58571,, ,45.21413259,,Liquid,990.08306585,1.79779088,189.33003001,0.64142679,27.58571,115.64085609,0.40332928,3.81215281,70.0,293.06519282,1.9009214,0.0
2182,CIRA0837,LA CIRA-837,TAPONADO Y ABANDONADO,SANTANDER,VALLE MEDIO DEL MAGDALENA,,-73.793922,6.995898,4912342.0457,2331109.5171,299.6,,,,44.98998966,27.59124,, ,44.98998966,,Liquid,990.17697571,0.0,188.39293036,0.63848262,27.59124,115.66397635,0.40340615,0.0,70.0,293.06519282,1.87996403,0.0
2183,CIRA0838,LA CIRA-838,PRODUCTOR,SANTANDER,VALLE MEDIO DEL MAGDALENA,LA PAZ (C),-73.801361,6.995494,1030891.2302,1265025.14247,95.4024,293.18290323,,,44.79407819,27.58571,, ,44.79407819,,Liquid,990.2587708,0.5342306,187.57386983,0.6359076,27.58571,115.64085609,0.40332928,1.08090493,70.0,293.06519282,1.86164631,0.0
2184,BONA0019,BONANZA-19,PRODUCTOR,SANTANDER,VALLE MEDIO DEL MAGDALENA,ESMERALDA-REAL (ER),-73.408511,7.467947,1074225.761,1317322.62061,123.444,0.75086957,,,44.79260041,27.46405,, ,44.79260041,,Liquid,990.25938677,0.00136822,187.56769159,0.63588817,27.46405,115.13220803,0.40163768,0.00280708,70.0,293.06519282,1.86150814,0.0
2185,CIRA1725,LA CIRA-1725,PRODUCTOR,SANTANDER,VALLE MEDIO DEL MAGDALENA,MUGROSA (C),-73.792117,7.001614,1031912.33909,1265702.5359,103.0224,11.03,,,44.76814877,27.684888,, ,44.76814877,,Liquid,990.26957654,0.02009881,187.46546551,0.63556668,27.684888,116.05550604,0.40470776,0.04008052,70.0,293.06519282,1.85922191,0.0
2186,PALA0007,PALAGUA-7,PRODUCTOR,BOYACA,VALLE MEDIO DEL MAGDALENA,GUADUAS,-74.506703,6.064058,952862.91276,1162027.01991,138.3792,3.73225806,,,44.54284225,27.3811,, ,44.54284225,,Liquid,990.36327213,0.00680155,186.52352205,0.63260312,27.3811,114.78540006,0.40048391,0.01369762,70.0,293.06519282,1.83815575,0.0
2187,NARE0022,NARE-22,PRODUCTOR,ANTIOQUIA,VALLE MEDIO DEL MAGDALENA,GRUPO CHUSPAS,-74.590311,6.080108,943608.412559,1163810.00584,138.0744,8.94290323,,,44.48678971,27.33686,, ,44.48678971,,Liquid,990.38652685,0.01629764,186.28918367,0.63186552,27.33686,114.60043498,0.39986844,0.03278227,70.0,293.06519282,1.83291484,0.0
2188,CIRA1792,LA CIRA-1792,PRODUCTOR,SANTANDER,VALLE MEDIO DEL MAGDALENA,MUGROSA (B),-73.776503,6.999253,1033637.8545,1265442.50219,107.8992,0.54935484,,,43.9901639,27.55806,, ,43.9901639,,Liquid,990.59159985,0.00100136,184.21297156,0.62532472,27.55806,115.52525463,0.40294488,0.00185217,70.0,293.06519282,1.78648032,0.0
2189,NARE0016,NARE-16,PRODUCTOR,ANTIOQUIA,VALLE MEDIO DEL MAGDALENA,GRUPO CHUSPAS,-74.594136,6.078617,943184.804995,1163645.44655,137.7696,62.3316129,,,43.98316631,27.35898,, ,43.98316631,,Liquid,990.59447698,0.11361762,184.18371751,0.62523249,27.35898,114.69291759,0.40017619,0.21509162,70.0,293.06519282,1.78582605,0.0
2190,CIRA0779,LA CIRA-779,PRODUCTOR,SANTANDER,VALLE MEDIO DEL MAGDALENA,MUGROSA (B),-73.787128,6.996722,1032463.95362,1265161.88753,87.1728,0.00193548,,,43.82220671,27.62442,, ,43.82220671,,Liquid,990.66056163,3.53e-06,183.51081431,0.62311036,27.62442,115.80269775,0.40386737,6.34e-06,70.0,293.06519282,1.77077633,0.0
2191,AMBS0004,AMBROSIA-4,PRODUCTOR,TOLIMA,VALLE MEDIO DEL MAGDALENA,DOIMA,-74.86508,4.620316,912982.998527,1002399.99583,279.8064,0.00129032,,,43.75589162,26.55713,, ,43.75589162,,Liquid,990.68773514,2.35e-06,183.23358071,0.62223574,26.55713,111.3403261,0.38900546,4.77e-06,70.0,293.06519282,1.76457587,0.0
2192,TECA0345,TECA-345,PRODUCTOR,ANTIOQUIA,VALLE MEDIO DEL MAGDALENA,GRUPO CHUSPAS (A),-74.592697,6.063381,943342.508734,1161960.30042,143.0,928.38677419,,,43.70980024,27.29815,, ,43.70980024,,Liquid,990.70660337,1.69244837,183.04089385,0.62162773,27.29815,114.43859005,0.39932982,3.12536265,70.0,293.06519282,1.76026632,0.0
2193,TECA0231,TECA-231,PRODUCTOR,ANTIOQUIA,VALLE MEDIO DEL MAGDALENA,GRUPO CHUSPAS,-74.607806,6.034306,941666.746061,1158746.42602,142.9512,320.58870968,,,43.63974497,27.32027,, ,43.63974497,,Liquid,990.73525278,0.58444987,182.74802575,0.62070345,27.32027,114.53107292,0.39963761,1.06743882,70.0,293.06519282,1.75371616,0.0
2194,CIRA0750,LA CIRA-750,PRODUCTOR,SANTANDER,VALLE MEDIO DEL MAGDALENA,MUGROSA (C),-73.799375,6.963203,1031112.83048,1261454.04042,141.732,623.26806452,,,43.59216529,27.34792,, ,43.59216529,,Liquid,990.75469087,1.13627235,182.54911799,0.62007559,27.34792,114.6466763,0.40002232,2.05653701,70.0,293.06519282,1.74926745,0.0
2195,CIRA1712,LA CIRA-1712,PRODUCTOR,SANTANDER,VALLE MEDIO DEL MAGDALENA,MUGROSA (B),-73.789514,6.994333,1032200.44899,1264897.52689,93.2688,34.32612903,,,43.52029317,27.733656,, ,43.52029317,,Liquid,990.78402288,0.0625814,182.24865604,0.61912699,27.733656,116.2593975,0.40538543,0.10701275,70.0,293.06519282,1.74254741,0.0
2196,LSAL0023,LA SALINA-23,PRODUCTOR,SANTANDER,VALLE MEDIO DEL MAGDALENA,ESMERALDAS - LA PAZ,-73.529314,7.268258,1060917.36584,1295218.75133,142.3416,0.34,,,43.36127056,27.34239,, ,43.36127056,,Liquid,990.84879183,0.00061991,181.58386407,0.61702738,27.34239,114.62355564,0.39994538,0.0010919,70.0,293.06519282,1.7276788,0.0
2197,NARE0050,NARE-50,PRODUCTOR,ANTIOQUIA,VALLE MEDIO DEL MAGDALENA,GRUPO CHUSPAS,-74.596808,6.086364,942889.792472,1164502.50941,138.3792,57.2755,,,43.24986788,27.34792,, ,43.24986788,,Liquid,990.89405833,0.10443295,181.11814932,0.61555588,27.34792,114.6466763,0.40002232,0.18133899,70.0,293.06519282,1.71726265,0.0
2198,CIRA1716,LA CIRA-1716,PRODUCTOR,SANTANDER,VALLE MEDIO DEL MAGDALENA,MUGROSA (B),-73.792178,6.994583,1031906.06491,1264924.99376,88.392,0.93225806,,,43.18300981,27.75804,, ,43.18300981,,Liquid,990.92118247,0.00169987,180.83865272,0.61467252,27.75804,116.36134298,0.40572421,0.00277832,70.0,293.06519282,1.71101142,0.0
2199,CIRA1171,LA CIRA-1171,TAPONADO Y ABANDONADO,SANTANDER,VALLE MEDIO DEL MAGDALENA,,-73.794125,6.947122,4912310.6299,2325719.1922,450.6,,,,43.15824278,27.523344,, ,43.15824278,,Liquid,990.9312223,0.0,180.73511562,0.61434524,27.523344,115.38011074,0.40246221,0.0,70.0,293.06519282,1.7086957,0.0
2200,CIRA1678,LA CIRA-1678,PRODUCTOR,SANTANDER,VALLE MEDIO DEL MAGDALENA,MUGROSA (B),-73.782542,7.004875,1032970.15367,1266063.8533,106.0704,10.49322581,,,43.01901618,27.669648,, ,43.01901618,,Liquid,990.9875792,0.01913457,180.1530893,0.61250497,27.669648,115.99178982,0.40449597,0.03098473,70.0,293.06519282,1.69567801,0.0
2201,INFA1651,INFANTAS-1651,PRODUCTOR,SANTANDER,VALLE MEDIO DEL MAGDALENA,MUGROSA (C),-73.768739,6.940722,1034500.05572,1258969.96058,102.4128,282.26290323,,,43.01350382,27.51382,, ,43.01350382,,Liquid,990.98980767,0.51471215,180.13004537,0.61243209,27.51382,115.34029185,0.40232978,0.84984353,70.0,293.06519282,1.69516261,0.0
2202,NARE0028,NARE-28,PRODUCTOR,ANTIOQUIA,VALLE MEDIO DEL MAGDALENA,GRUPO CHUSPAS,-74.583875,6.081469,944321.067915,1163959.86612,137.16,73.84,,,42.83366936,27.35345,, ,42.83366936,,Liquid,991.06238989,0.1346586,179.37826594,0.61005386,27.35345,114.66979695,0.40009925,0.22190104,70.0,293.06519282,1.67834809,0.0
2203,NARE0122,NARE-122,PRODUCTOR,ANTIOQUIA,VALLE MEDIO DEL MAGDALENA,GRUPO CHUSPAS,-74.588978,6.080061,943756.012125,1163804.64707,137.16,3.11741935,,,42.63777551,27.34792,, ,42.63777551,,Liquid,991.14119008,0.00568555,178.55935807,0.60746172,27.34792,114.6466763,0.40002232,0.00914627,70.0,293.06519282,1.66003201,0.0
2204,NARE0049,NARE-49,PRODUCTOR,ANTIOQUIA,VALLE MEDIO DEL MAGDALENA,GRUPO CHUSPAS,-74.595467,6.085097,943038.180853,1164362.28041,138.9888,23.35516129,,,42.61426549,27.3258,, ,42.61426549,,Liquid,991.1506287,0.04259552,178.46107799,0.60715052,27.3258,114.55419362,0.39971455,0.06851544,70.0,293.06519282,1.65783382,0.0
2205,NARE0012,NARE-12,PRODUCTOR,ANTIOQUIA,VALLE MEDIO DEL MAGDALENA,GRUPO CHUSPAS,-74.596522,6.078714,942920.658409,1163656.44728,147.2184,37.72193548,,,42.47739915,27.29262,, ,42.47739915,,Liquid,991.20549784,0.06880169,177.88893092,0.60533838,27.29262,114.41546931,0.39925287,0.10922306,70.0,293.06519282,1.64503682,0.0
2206,NARE0042,NARE-42,PRODUCTOR,ANTIOQUIA,VALLE MEDIO DEL MAGDALENA,GRUPO CHUSPAS,-74.596706,6.083767,942900.887766,1164215.26793,141.4272,6.85709677,,,42.4002719,27.3258,, ,42.4002719,,Liquid,991.23635843,0.01250717,177.56651454,0.60431685,27.3258,114.55419362,0.39971455,0.01957338,70.0,293.06519282,1.63782542,0.0
2207,NARE0033,NARE-33,PRODUCTOR,ANTIOQUIA,VALLE MEDIO DEL MAGDALENA,GRUPO CHUSPAS,-74.596711,6.081175,942900.005474,1163928.64616,140.8176,32.45875,,,42.39842163,27.30921,, ,42.39842163,,Liquid,991.23709825,0.05920396,177.55877982,0.60429234,27.30921,114.4848315,0.39948372,0.09283377,70.0,293.06519282,1.63765242,0.0
2208,CIRA1663,LA CIRA-1663,PRODUCTOR,SANTANDER,VALLE MEDIO DEL MAGDALENA,COLORADO (A),-73.792206,7.002919,1031902.4269,1265846.90957,102.4128,1.00677419,,,42.25221717,27.687936,, ,42.25221717,,Liquid,991.29547878,0.00183644,176.94760139,0.60235522,27.687936,116.06824928,0.40475012,0.00268466,70.0,293.06519282,1.62398231,0.0
2209,JAZM0007AP,JAZMIN AP-07,PRODUCTOR,BOYACA,VALLE MEDIO DEL MAGDALENA,GRUPO CHUSPAS,-74.591874,6.102396,943437.744578,1166274.98521,137.16,85.03612903,,,41.97920718,27.36451,, ,41.97920718,,Liquid,991.40408027,0.15512993,175.80634664,0.59873562,27.36451,114.71603822,0.40025312,0.2285389,70.0,293.06519282,1.59845587,0.0
2210,NARE0009,NARE-9,PRODUCTOR,ANTIOQUIA,VALLE MEDIO DEL MAGDALENA,GRUPO CHUSPAS,-74.586356,6.078847,944046.180222,1163670.12722,137.16,58.84258065,,,41.83192327,27.30921,, ,41.83192327,,Liquid,991.4624446,0.10735182,175.19066516,0.59678162,27.30921,114.4848315,0.39948372,0.15624585,70.0,293.06519282,1.58468483,0.0
2211,NARE0036,NARE-36,PRODUCTOR,ANTIOQUIA,VALLE MEDIO DEL MAGDALENA,GRUPO CHUSPAS,-74.5852,6.08265,944174.504548,1164090.56789,137.16,2.65645161,,,41.82543163,27.35345,, ,41.82543163,,Liquid,991.46501343,0.00484642,175.16352866,0.59669548,27.35345,114.66979695,0.40009925,0.0070049,70.0,293.06519282,1.58407786,0.0
2212,CIRA1118,LA CIRA-1118,PRODUCTOR,SANTANDER,VALLE MEDIO DEL MAGDALENA,MUGROSA (C),-73.765883,6.972067,1034813.33418,1262436.66633,93.5736,334.81258065,,,41.2821012,27.732132,, ,41.2821012,,Liquid,991.67892887,0.61096211,172.89230663,0.5894792,27.732132,116.2530259,0.40536425,0.7759221,70.0,293.06519282,1.53327646,0.0
2213,COCO0020,COCORNA-20,PRODUCTOR,ANTIOQUIA,VALLE MEDIO DEL MAGDALENA,GRUPO CHUSPAS,-74.596681,6.050503,942900.155247,1160536.53256,138.0744,65.64967742,,,41.18664521,27.33686,, ,41.18664521,,Liquid,991.71628837,0.11980128,172.49328702,0.58821012,27.33686,114.60043498,0.39986844,0.1589648,70.0,293.06519282,1.52435133,0.0
2214,JAZM0008AP,JAZMIN AP-08,PRODUCTOR,BOYACA,VALLE MEDIO DEL MAGDALENA,GRUPO CHUSPAS,-74.591853,6.102355,943439.987584,1166270.51515,137.16,63.33516129,,,41.05510332,27.35898,, ,41.05510332,,Liquid,991.76766175,0.11558361,171.94342524,0.58646065,27.35898,114.69291759,0.40017619,0.15006185,70.0,293.06519282,1.51205216,0.0
2215,COCO0031,COCORNA-31,PRODUCTOR,ANTIOQUIA,VALLE MEDIO DEL MAGDALENA,GRUPO CHUSPAS,-74.599425,6.047911,942596.043055,1160250.19951,138.684,174.16,,,40.98301431,27.33133,, ,40.98301431,,Liquid,991.79576209,0.31784259,171.64208497,0.58550158,27.33133,114.5773143,0.3997915,0.4100854,70.0,293.06519282,1.50531184,0.0
2216,TECA0363,TECA-363,PRODUCTOR,ANTIOQUIA,VALLE MEDIO DEL MAGDALENA,GRUPO CHUSPAS,-74.600861,6.058197,942438.136903,1161387.9154,144.0,358.73419355,,,40.80918465,27.28709,, ,40.80918465,,Liquid,991.86336387,0.65473574,170.91545992,0.58318805,27.28709,114.39234856,0.39917592,0.82931639,70.0,293.06519282,1.48905877,0.0
2217,JAZM0003AP,JAZMIN AP-03,PRODUCTOR,BOYACA,VALLE MEDIO DEL MAGDALENA,GRUPO CHUSPAS,-74.591955,6.102557,943428.772544,1166292.85441,137.16,32.19903226,,,40.36825921,27.37004,, ,40.36825921,,Liquid,992.03383895,0.05877745,169.07236462,0.57731401,27.37004,114.73915884,0.40033005,0.06891823,70.0,293.06519282,1.44783224,0.0
2218,COCO0027,COCORNA-27,PRODUCTOR,ANTIOQUIA,VALLE MEDIO DEL MAGDALENA,GRUPO CHUSPAS,-74.592747,5.933822,943323.596894,1147632.18275,138.3792,351.77419355,,,39.60754307,27.25391,, ,39.60754307,,Liquid,992.32456274,0.64233139,165.8925753,0.56716037,27.25391,114.25362387,0.39871417,0.68236338,70.0,293.06519282,1.37670528,0.0
2219,JAZM0004AP,JAZMIN AP-04,PRODUCTOR,BOYACA,VALLE MEDIO DEL MAGDALENA,GRUPO CHUSPAS,-74.591935,6.102517,943431.004489,1166288.39541,137.16,25.92612903,,,39.35473924,27.37004,, ,39.35473924,,Liquid,992.42021978,0.04734506,164.83586937,0.56378064,27.37004,114.73915884,0.40033005,0.04739482,70.0,293.06519282,1.35306812,0.0
2220,JAZM0002AS,JAZMIN AS-02,PRODUCTOR,BOYACA,VALLE MEDIO DEL MAGDALENA,GRUPO CHUSPAS,-74.58528,6.099722,944167.378524,1165978.6292,154.0,48.90545455,,,39.23678334,27.20967,, ,39.23678334,,Liquid,992.46468819,0.08931282,164.34282228,0.56220276,27.20967,114.0686571,0.39809843,0.09006831,70.0,293.06519282,1.34203924,0.0
2221,CIRA0935,LA CIRA-935,PRODUCTOR,SANTANDER,VALLE MEDIO DEL MAGDALENA,MUGROSA (B),-73.785358,6.993192,1032659.73184,1264771.55984,110.3376,11.92032258,,,38.35530241,27.547,, ,38.35530241,,Liquid,992.79367014,0.02177652,160.6583314,0.5503925,27.547,115.47901399,0.40279112,0.01781675,70.0,293.06519282,1.25962078,0.0
2222,JAZM0008D,JAZMIN D-08,PRODUCTOR,BOYACA,VALLE MEDIO DEL MAGDALENA,GRUPO CHUSPAS,-74.578862,6.118582,944879.815065,1168063.68274,150.0,61.88967742,,,37.30686885,27.2705,, ,37.30686885,,Liquid,993.17723899,0.1131062,156.27606168,0.53630194,27.2705,114.32298626,0.39894505,0.08017566,70.0,293.06519282,1.16159224,0.0
2223,JAZM0002AP,JAZMIN AP-02,PRODUCTOR,BOYACA,VALLE MEDIO DEL MAGDALENA,GRUPO CHUSPAS,-74.591975,6.102598,943426.518469,1166297.32449,137.16,38.60645161,,,37.17590455,27.37004,, ,37.17590455,,Liquid,993.22455675,0.07055841,155.72865725,0.5345385,27.37004,114.73915884,0.40033005,0.04778939,70.0,293.06519282,1.14934708,0.0
2224,TECA0014,TECA-14,PRODUCTOR,ANTIOQUIA,VALLE MEDIO DEL MAGDALENA,GRUPO CHUSPAS,-74.592547,6.059425,943358.702673,1161522.82604,138.0,401.42483871,,,37.12666633,27.30368,, ,37.12666633,,Liquid,993.24231223,0.7336702,155.52285159,0.53387531,27.30368,114.46171078,0.39940677,0.49870836,70.0,293.06519282,1.1447433,0.0
2225,JAZM0001AP,JAZMIN AP-01,PRODUCTOR,BOYACA,VALLE MEDIO DEL MAGDALENA,GRUPO CHUSPAS,-74.591996,6.102638,943424.275464,1166301.79455,137.16,57.19677419,,,36.890659,27.37004,, ,36.890659,,Liquid,993.32715571,0.10454548,154.53639029,0.53069506,27.37004,114.73915884,0.40033005,0.06685555,70.0,293.06519282,1.12267662,0.0
2226,JAZM0003AS,JAZMIN AS-03,PRODUCTOR,BOYACA,VALLE MEDIO DEL MAGDALENA,GRUPO CHUSPAS,-74.585315,6.099694,944163.501004,1165975.48094,154.0,27.68166667,,,36.4285623,27.20967,, ,36.4285623,,Liquid,993.4920187,0.05060554,152.60492681,0.52446121,27.20967,114.0686571,0.39809843,0.03041095,70.0,293.06519282,1.07947057,0.0
2227,CIRA1112,LA CIRA-1112,PRODUCTOR,SANTANDER,VALLE MEDIO DEL MAGDALENA,LA PAZ (C),-73.769797,6.974439,1034380.64487,1262698.72937,90.8304,855.53774194,,,36.08867133,27.745848,, ,36.08867133,,Liquid,993.61221316,1.56421887,151.18425885,0.51987002,27.745848,116.31037026,0.40555482,0.77283127,70.0,293.06519282,1.04769077,0.0
2228,JAZM0004AS,JAZMIN AS-04,PRODUCTOR,BOYACA,VALLE MEDIO DEL MAGDALENA,GRUPO CHUSPAS,-74.58535,6.099665,944159.623485,1165972.33269,160.0,50.07129032,,,36.03826495,27.20967,, ,36.03826495,,Liquid,993.62996071,0.09154927,150.97357156,0.51918871,27.20967,114.0686571,0.39809843,0.05057577,70.0,293.06519282,1.04297777,0.0
2229,JAZM0005AG,JAZMIN AG-05,PRODUCTOR,BOYACA,VALLE MEDIO DEL MAGDALENA,GRUPO CHUSPAS,-74.581535,6.122372,944584.287453,1168483.09139,150.0,31.15096774,,,34.77671589,27.2705,, ,34.77671589,,Liquid,994.06756469,0.05698084,145.70057583,0.50210081,27.2705,114.32298626,0.39894505,0.02296101,70.0,293.06519282,0.92502294,0.0
2230,JAZM0006AQ,JAZMIN AQ-06,PRODUCTOR,BOYACA,VALLE MEDIO DEL MAGDALENA,GRUPO CHUSPAS,-74.588802,6.101045,943777.712237,1166125.27559,135.0,17.99774194,,,34.45091941,27.35898,, ,34.45091941,,Liquid,994.17850489,0.03292485,144.33881281,0.49767643,27.35898,114.69291759,0.40017619,0.01188001,70.0,293.06519282,0.89456096,0.0
2231,JAZM0004AE,JAZMIN AE-04,PRODUCTOR,BOYACA,VALLE MEDIO DEL MAGDALENA,GRUPO CHUSPAS,-74.58945,6.115805,943707.519178,1167757.69797,131.0,99.57774194,,,33.60993995,27.37557,, ,33.60993995,,Liquid,994.46089455,0.18221806,140.82366691,0.48623398,27.37557,114.76227946,0.40040698,0.05121326,70.0,293.06519282,0.81592939,0.0
2232,MACO0001,MACONDO-1,PRODUCTOR,TOLIMA,VALLE MEDIO DEL MAGDALENA,HONDA,-74.927031,4.640089,906110.616712,1004594.60939,345.948,1.27903226,,,32.44359075,26.20321,, ,32.44359075,,Liquid,994.8429226,0.00234141,135.94845027,0.47031216,26.20321,109.86049485,0.38406519,0.00066165,70.0,293.06519282,0.70687573,0.0
2233,OPON0003ST1,OPON-3ST1,PRODUCTOR,SANTANDER,VALLE MEDIO DEL MAGDALENA,LA PAZ,-73.865478,6.421998,1023450.1875,1201909.625,708.83,217.3,"2553,33",80,,,,"176,04558805",26.66666667,,Subcooled liquid,1004.32627992,0.40158361,127.90534473,0.38557727,25.0,104.82922231,0.36722497,7.07073691,70.0,293.06519282,0.16673333,0.0
2234,TNTN0004,TENAY-4,TAPONADO Y ABANDONADO,HUILA,VALLE SUPERIOR DEL MAGDALENA,,-75.312233,3.094903,863113.141497,833750.313259,429.0,,,,122.04654368,25.70551,, ,122.04654368,,Liquid,941.44847629,0.0,512.50898415,1.54993724,25.70551,107.77940767,0.37710779,0.0,70.0,293.06519282,9.08475183,0.0
2235,TNTN0002,TENAY-2,PRODUCTOR,HUILA,VALLE SUPERIOR DEL MAGDALENA,CABALLOS,-75.310506,3.081845,863303.515744,832305.84295,442.0,8.9683871,,,113.2905321,25.63915,, ,113.2905321,,Liquid,948.4158311,0.01565145,475.34830394,1.45499023,25.63915,107.50192253,0.37617924,0.71482022,70.0,293.06519282,8.26606475,0.23583041
2236,TNTN0001,TENAY-1,TAPONADO Y ABANDONADO,HUILA,VALLE SUPERIOR DEL MAGDALENA,,-75.309675,3.085885,863396.441043,832752.61035,457.2,,,,109.67090361,25.64468,, ,109.67090361,,Liquid,951.19864059,0.0,460.02258804,1.41519442,25.64468,107.52504636,0.37625663,0.0,70.0,293.06519282,7.92762949,0.0
2237,ROSI0001,ROSITA-1,TAPONADO Y ABANDONADO,TOLIMA,VALLE SUPERIOR DEL MAGDALENA,,-75.027738,4.035354,894850.981707,937726.909422,340.0,,,,106.34908834,26.2198,, ,106.34908834,,Liquid,953.70173495,0.0,445.97473979,1.37838041,26.2198,109.9298629,0.3842969,0.0,70.0,293.06519282,7.61703976,0.0
2238,BALC0010,BALCON-10,PRODUCTOR,HUILA,VALLE SUPERIOR DEL MAGDALENA,CABALLOS,-75.338236,3.198025,860235.660976,845159.584936,521.0,1414.33741935,,,101.68937359,25.17463,, ,101.68937359,,Liquid,957.13019575,2.49095266,426.2943642,1.3262533,25.17463,105.55947944,0.36967343,88.44634605,70.0,293.06519282,7.18135643,23.83259232
2239,TELL0011,TELLO-11,TAPONADO Y ABANDONADO,HUILA,VALLE SUPERIOR DEL MAGDALENA,,-75.241025,2.960164,871014.628092,818839.0956,579.0,,,,96.89919525,24.86495,, ,96.89919525,,Liquid,960.55243264,0.0,406.09150032,1.27205621,24.86495,104.26446992,0.36533043,0.0,70.0,293.06519282,6.73347476,0.0
2240,TORC0001A,TORCAZA-1A,TAPONADO Y ABANDONADO,HUILA,VALLE SUPERIOR DEL MAGDALENA,,-75.253967,2.925644,869571.505027,815022.695991,156.0576,,,,92.20348707,25.21887,, ,92.20348707,,Liquid,963.80473421,0.0,386.31265508,1.21830583,25.21887,105.74447765,0.37029348,0.0,70.0,293.06519282,6.29442604,0.0
2241,TRIU0001,TRIUNFO-1,TAPONADO Y ABANDONADO,TOLIMA,VALLE SUPERIOR DEL MAGDALENA,,-75.156567,4.020961,880540.299035,936152.866523,391.9728,,,,91.59211378,25.93224,, ,91.59211378,,Liquid,964.22060653,0.0,383.7392227,1.21126117,25.93224,108.72746959,0.38027875,0.0,70.0,293.06519282,6.23726264,0.0
2242,TELL0005,TELLO-5,PRODUCTOR,HUILA,VALLE SUPERIOR DEL MAGDALENA,MONSERRATE,-75.259989,2.975094,868907.610965,820492.660846,471.0,1744.62032258,,,91.33373312,25.46772,, ,91.33373312,,Liquid,964.39583491,3.09597666,382.6517459,1.20828066,25.46772,106.78507823,0.3737795,82.95671705,70.0,293.06519282,6.21310405,17.23253353
2243,YAGA0001,YAGUARA-1,TAPONADO Y ABANDONADO,HUILA,VALLE SUPERIOR DEL MAGDALENA,,-75.522222,2.614758,839697.306577,780669.348784,619.9632,,,,89.68785313,24.62163,, ,89.68785313,,Liquid,965.50462851,0.0,375.72612752,1.18924917,24.62163,103.24693467,0.36191482,0.0,70.0,293.06519282,6.05921427,0.0
2244,SSSS0002,S-2 (STRAT XA-2),TAPONADO Y ABANDONADO,TOLIMA,VALLE SUPERIOR DEL MAGDALENA,,-74.876572,4.109522,911647.965406,945911.376339,307.2384,,,,88.95125096,26.40782,, ,88.95125096,,Liquid,965.99669512,0.0,372.62748819,1.18070597,26.40782,110.7160275,0.38692201,0.0,70.0,293.06519282,5.99034196,0.0
2245,TELL0002,TELLO-2,TAPONADO Y ABANDONADO,HUILA,VALLE SUPERIOR DEL MAGDALENA,,-75.245853,2.935892,870474.97282,816155.120823,562.0,,,,87.14774554,24.98661,, ,87.14774554,,Liquid,967.19052292,0.0,365.04295542,1.15972069,24.98661,104.77322831,0.36703717,0.0,70.0,293.06519282,5.82171421,0.0
2246,PJPJ0002,PIJAO-2,TAPONADO Y ABANDONADO,HUILA,VALLE SUPERIOR DEL MAGDALENA,,-75.268333,3.007219,867983.568549,824046.754292,446.0,,,,86.48389517,25.65574,, ,86.48389517,,Liquid,967.62601895,0.0,362.25194588,1.15197173,25.65574,107.57129397,0.3764114,0.0,70.0,293.06519282,5.7596442,0.0
2247,DTDT0001,DINA T-1,PRODUCTOR,HUILA,VALLE SUPERIOR DEL MAGDALENA,HONDA-DOIMA-CHICORAL,-75.311919,3.101172,863148.848794,834443.695262,450.0,903.96032258,,,86.27802297,25.60597,, ,86.27802297,,Liquid,967.76064164,1.60975117,361.38648537,1.14956594,25.60597,107.36317934,0.37571488,36.93857344,70.0,293.06519282,5.74039515,6.31330269
2248,TELO0001,TELLO NORTE-1,TAPONADO Y ABANDONADO,HUILA,VALLE SUPERIOR DEL MAGDALENA,,-75.259372,2.983056,868977.12838,821373.111572,460.0,,,,84.61006268,25.5562,, ,84.61006268,,Liquid,968.84375631,0.0,354.37601264,1.13002708,25.5562,107.15506378,0.37501825,0.0,70.0,293.06519282,5.58444086,0.0
2249,TOLD0005,TOLDADO-5,TAPONADO Y ABANDONADO,TOLIMA,VALLE SUPERIOR DEL MAGDALENA,,-75.279867,3.887908,866823.694659,921455.635991,443.0,,,,82.66046994,25.65021,, ,82.66046994,,Liquid,970.09250628,0.0,346.18494746,1.10708129,25.65021,107.54817017,0.37633401,0.0,70.0,293.06519282,5.40215394,0.0
2250,YAVI0001,YAVI-1,TAPONADO Y ABANDONADO,TOLIMA,VALLE SUPERIOR DEL MAGDALENA,,-75.049956,3.679194,892338.592527,898339.920335,306.0192,,,,80.09338736,26.31381,, ,80.09338736,,Liquid,971.70806742,0.0,335.40443419,1.076688,26.31381,110.32294672,0.38560967,0.0,70.0,293.06519282,5.16213172,0.0
2251,CTAY0030,COSTAYACO-30,PRODUCTOR,BOYACA,VALLE SUPERIOR DEL MAGDALENA,CABALLOS,-76.585189,1.002437,720798.969989,602718.349945,1272.57,275.73,3400,175,95.2412042,25.93224,,"234,42132407",79.44444444,,Subcooled liquid,982.29275294,0.49838663,351.33532291,1.05398219,25.93224,108.72746959,0.38027875,20.54159095,70.0,293.06519282,5.10145556,1.48151646
2252,TIMA0001,TIMANCO-1,TAPONADO Y ABANDONADO,HUILA,VALLE SUPERIOR DEL MAGDALENA,,-75.212122,3.085203,874242.97808,832665.098667,468.0,,,,78.75402297,25.49537,, ,78.75402297,,Liquid,972.53787017,0.0,329.78185643,1.0607481,25.49537,106.90069904,0.37416665,0.0,70.0,293.06519282,5.03690115,0.0
2253,DKDK0002,DINA K-2,PRODUCTOR,HUILA,VALLE SUPERIOR DEL MAGDALENA,MONSERRATE,-75.299967,3.087008,864476.038758,832875.576889,453.5424,1718.98419355,,,77.85351779,25.56173,, ,77.85351779,,Liquid,973.09067191,3.07798584,326.00236846,1.049999,25.56173,107.17818778,0.37509566,53.32263469,70.0,293.06519282,4.95270391,5.02105917
2254,TATA0001,TATAMACAL-1,TAPONADO Y ABANDONADO,HUILA,VALLE SUPERIOR DEL MAGDALENA,,-75.262636,3.1562,868635.343848,840523.656204,419.7096,,,,77.56366372,25.76081,, ,77.56366372,,Liquid,973.2677291,0.0,324.78596042,1.04653356,25.76081,108.01064403,0.37788142,0.0,70.0,293.06519282,4.92560256,0.0
2255,VENA0002,VENADO-2,TAPONADO Y ABANDONADO,HUILA,VALLE SUPERIOR DEL MAGDALENA,,-75.266536,2.986892,868180.976217,821798.248097,438.912,,,,77.47887741,25.65021,, ,77.47887741,,Liquid,973.31943968,0.0,324.43015628,1.04551936,25.65021,107.54817017,0.37633401,0.0,70.0,293.06519282,4.91767504,0.0
2256,PAEZ0001,PAEZ-1,TAPONADO Y ABANDONADO,HUILA,VALLE SUPERIOR DEL MAGDALENA,,-75.255111,3.014725,869454.708015,824875.297386,460.0,,,,77.06088301,25.56726,, ,77.06088301,,Liquid,973.5738341,0.0,322.67612934,1.040516,25.56726,107.20131177,0.37517307,0.0,70.0,293.06519282,4.87859256,0.0
2257,PJPJ0003,PIJAO-3,PRODUCTOR,HUILA,VALLE SUPERIOR DEL MAGDALENA,MONSERRATE,-75.2698,3.011283,867820.967748,824496.408796,428.0,2079.61709677,,,76.84537076,25.74975,, ,76.84537076,,Liquid,973.70464668,3.7260789,321.77182766,1.03793413,25.74975,107.96439685,0.37772671,61.74346483,70.0,293.06519282,4.85844217,5.19674455
2258,PGPG0028,PALOGRANDE-28,PRODUCTOR,HUILA,VALLE SUPERIOR DEL MAGDALENA,MONSERRATE,-75.285878,3.049197,866037.85172,828691.765143,463.296,312.52806452,,,76.7903786,25.62256,, ,76.7903786,,Liquid,973.73798791,0.55998006,321.54108291,1.03727508,25.62256,107.43255099,0.37594707,9.30746645,70.0,293.06519282,4.8533004,0.77390391
2259,PGPG0032,PALOGRANDE-32,TAPONADO Y ABANDONADO,HUILA,VALLE SUPERIOR DEL MAGDALENA,,-75.289122,3.057378,865678.116821,829596.970322,476.7072,,,,76.75789586,25.52302,, ,76.75789586,,Liquid,973.75767459,0.0,321.40478776,1.03688575,25.52302,107.01631955,0.37455376,0.0,70.0,293.06519282,4.85026326,0.0
2260,MARR0001,MARGARITA-1,TAPONADO Y ABANDONADO,HUILA,VALLE SUPERIOR DEL MAGDALENA,,-75.550842,2.678383,836521.876855,787710.877314,319.0,,,,76.4395802,23.98568,, ,76.4395802,,Liquid,973.95030791,0.0,320.06920031,1.03306864,23.98568,100.58734655,0.35297402,0.0,70.0,293.06519282,4.82050075,0.0
2261,PGPG0029,PALOGRANDE-29,TAPONADO Y ABANDONADO,HUILA,VALLE SUPERIOR DEL MAGDALENA,,-75.284608,3.056922,866179.966008,829546.016032,463.296,,,,74.3882305,25.53961,, ,74.3882305,,Liquid,975.17915032,0.0,311.46391071,1.00839063,25.53961,107.08569172,0.37478601,0.0,70.0,293.06519282,4.62869955,0.0
2262,LAGU0001,LA LAGUNA-1,TAPONADO Y ABANDONADO,HUILA,VALLE SUPERIOR DEL MAGDALENA,,-76.084953,1.975331,776988.983168,710005.653962,1178.9664,,,,74.21603976,21.62437,, ,74.21603976,,Liquid,975.28130429,0.0,310.74171616,1.00631288,21.62437,90.71044437,0.3196022,0.0,70.0,293.06519282,4.61259972,0.0
2263,CBCB0004,CEBU-4,PRODUCTOR,HUILA,VALLE SUPERIOR DEL MAGDALENA,MONSERRATE,-75.276444,3.030442,867084.47219,826616.186898,439.5216,424.75806452,,,73.8645264,25.64468,, ,73.8645264,,Liquid,975.48936178,0.76243987,309.26747856,1.00206831,25.64468,107.52504636,0.37625663,11.32002344,70.0,293.06519282,4.57973322,0.56574674
2264,DTDT0008,DINA T-8,PRODUCTOR,HUILA,VALLE SUPERIOR DEL MAGDALENA,HONDA-DOIMA-CHICORAL,-75.307986,3.100239,863586.063146,834339.960839,446.532,137.36935484,,,73.43796336,25.60597,, ,73.43796336,,Liquid,975.74097033,0.24664131,307.4785986,0.99691202,25.60597,107.36317934,0.37571488,3.60645002,70.0,293.06519282,4.53984957,0.16138899
2265,PJPJ0005,PIJAO-5,PRODUCTOR,HUILA,VALLE SUPERIOR DEL MAGDALENA,MONSERRATE,-75.268633,3.013744,867950.995695,824768.470873,427.0,275.205,,,73.33443531,25.77187,, ,73.33443531,,Liquid,975.80189224,0.49415068,307.0444511,0.99565967,25.77187,108.05689117,0.37803613,7.14493552,70.0,293.06519282,4.5301697,0.31293778
2266,TUMB0001,TUMBURAGUA-1,TAPONADO Y ABANDONADO,HUILA,VALLE SUPERIOR DEL MAGDALENA,,-75.312317,3.051808,863098.375259,828983.889098,516.636,,,,73.06947778,25.2244,, ,73.06947778,,Liquid,975.95755162,0.0,305.93337801,0.99245292,25.2244,105.76760237,0.37037098,0.0,70.0,293.06519282,4.50539617,0.0
2267,PGPG0029A,PALOGRANDE-29A,PRODUCTOR,HUILA,VALLE SUPERIOR DEL MAGDALENA,HONDA,-75.284844,3.056692,866153.68522,829520.551439,454.7616,17.61258065,,,72.99579556,25.53961,, ,72.99579556,,Liquid,976.00077328,0.03163112,305.62440734,0.99156074,25.53961,107.08569172,0.37478601,0.45571046,70.0,293.06519282,4.49850688,0.01787086
2268,DKDK0015,DINA K-15,PRODUCTOR,HUILA,VALLE SUPERIOR DEL MAGDALENA,MONSERRATE,-75.298881,3.077467,864595.594242,831820.102162,452.3232,1734.60645161,,,72.89305164,25.57279,, ,72.89305164,,Liquid,976.06099459,3.11543963,305.19357873,0.99031637,25.57279,107.22443574,0.37525048,44.63553556,70.0,293.06519282,4.48890033,1.6961424
2269,TARQ0001,TARQUI-1,TAPONADO Y ABANDONADO,HUILA,VALLE SUPERIOR DEL MAGDALENA,,-75.760989,2.124611,813068.704,726479.780612,889.0,,,,71.84571124,23.16724,, ,71.84571124,,Liquid,976.67168479,0.0,300.80224299,0.97761155,23.16724,97.1642971,0.34143845,0.0,70.0,293.06519282,4.390974,0.0
2270,DKDK0023,DINA K-23,PRODUCTOR,HUILA,VALLE SUPERIOR DEL MAGDALENA,MONSERRATE,-75.298433,3.079078,864645.532693,831998.239006,451.104,2084.94225806,,,71.79056744,25.56173,, ,71.79056744,,Liquid,976.70367703,3.74712585,300.5710536,0.97694161,25.56173,107.17818778,0.37509566,51.35322865,70.0,293.06519282,4.38581806,1.23352909
2271,PGPG0031,PALOGRANDE-31,PRODUCTOR,HUILA,VALLE SUPERIOR DEL MAGDALENA,HONDA,-75.289625,3.049578,865621.240265,828734.327653,470.0016,12.85258065,,,71.76581134,25.48984,, ,71.76581134,,Liquid,976.71803427,0.02309941,300.46726477,0.97664082,25.48984,106.8775749,0.37408922,0.31725108,70.0,293.06519282,4.38350336,0.00749507
2272,MIRF0001N,MIRAFLOR-1N,TAPONADO Y ABANDONADO,CAUCA,VALLE SUPERIOR DEL MAGDALENA,,-76.359111,1.119275,746363.43433,615310.24667,348.996,,,,71.71837452,26.14791,, ,71.71837452,,Liquid,976.74553602,0.0,300.26838912,0.97606439,26.14791,109.62926732,0.38329273,0.0,70.0,293.06519282,4.37906802,0.0
2273,COST0047,COSTAYACO-47,PRODUCTOR,PUTUMAYO,VALLE SUPERIOR DEL MAGDALENA,CABALLOS,-76.589468,0.989004,720321.06,601231.96,1248.0,598.28,2376,"160,8",,,,"163,81913705",71.55555556,,Subcooled liquid,983.93360283,1.08320761,312.89080897,0.96430805,25.0,104.82922231,0.36722497,32.63794145,70.0,293.06519282,4.36384444,0.93714687
2274,PGPG0038,PALOGRANDE-38,TAPONADO Y ABANDONADO,HUILA,VALLE SUPERIOR DEL MAGDALENA,,-75.280961,3.050661,866584.72907,828853.066331,472.44,,,,71.47942538,25.45113,, ,71.47942538,,Liquid,976.88388571,0.0,299.26663319,0.97315965,25.45113,106.71570561,0.37354719,0.0,70.0,293.06519282,4.35672627,0.0
2275,MANI0002,MANILA-2,TAPONADO Y ABANDONADO,HUILA,VALLE SUPERIOR DEL MAGDALENA,,-75.089292,3.117894,887903.087317,836266.929739,541.3248,,,,70.42651507,25.09168,, ,70.42651507,,Liquid,977.4898753,0.0,294.8529124,0.96033727,25.09168,105.2126057,0.36851058,0.0,70.0,293.06519282,4.25827916,0.0
2276,BALC0023,BALCON-23,PRODUCTOR,HUILA,VALLE SUPERIOR DEL MAGDALENA,CABALLOS,-75.332434,3.171852,860877.214997,842263.912842,442.2648,446.15903226,,,70.29026673,25.62809,, ,70.29026673,,Liquid,977.56785651,0.80256096,294.28182098,0.9586753,25.62809,107.45567485,0.37602446,10.29704951,70.0,293.06519282,4.24553994,0.04145423
2277,DKDK0025,DINA K-25,PRODUCTOR,HUILA,VALLE SUPERIOR DEL MAGDALENA,MONSERRATE,-75.298142,3.084783,864678.676399,832629.251312,456.2856,1246.79322581,,,70.06189606,25.55067,, ,70.06189606,,Liquid,977.69833926,2.2430592,293.32462045,0.9558882,25.55067,107.13193977,0.37494084,28.60003125,70.0,293.06519282,4.22418728,0.02458103
2278,DKDK0005,DINA K-5,PRODUCTOR,HUILA,VALLE SUPERIOR DEL MAGDALENA,MONSERRATE,-75.298275,3.080347,864663.29426,832138.619231,458.1144,1618.62741935,,,69.71841837,25.53961,, ,69.71841837,,Liquid,977.89405991,2.91259518,291.88501759,0.95169297,25.53961,107.08569172,0.37478601,36.6105853,70.0,293.06519282,4.19207212,0.0
2279,ORTE0004,ORTEGA-4,TAPONADO Y ABANDONADO,TOLIMA,VALLE SUPERIOR DEL MAGDALENA,,-75.187272,3.963709,877121.271377,929825.278285,408.0,,,,69.69238875,25.8327,, ,69.69238875,,Liquid,977.90886612,0.0,291.7759238,0.95137488,25.8327,108.31124961,0.37888692,0.0,70.0,293.06519282,4.18963835,0.0
2280,CBCB0003,CEBU-3,PRODUCTOR,HUILA,VALLE SUPERIOR DEL MAGDALENA,MONSERRATE,-75.275008,3.025103,867243.506971,826025.514419,445.3128,2773.10967742,,,69.61782263,25.65021,, ,69.61782263,,Liquid,977.95126065,4.99028883,291.46340897,0.95046354,25.65021,107.54817017,0.37633401,62.13575589,70.0,293.06519282,4.18266642,0.0
2281,PACA0001,PACANDE-1,PRODUCTOR,TOLIMA,VALLE SUPERIOR DEL MAGDALENA,CABALLOS,-75.166653,4.003831,879417.509531,934259.702524,114.348768,1.62741935,,,69.32404216,26.01519,, ,69.32404216,,Liquid,978.11799622,0.00292909,290.23217582,0.94687113,26.01519,109.07431684,0.38143824,0.03539752,70.0,293.06519282,4.15519794,0.0
2282,DTDT0022,DINA T-22,PRODUCTOR,HUILA,VALLE SUPERIOR DEL MAGDALENA,HONDA-DOIMA-CHICORAL,-75.315128,3.086756,862790.26003,832849.570978,453.5424,342.55344828,,,69.13719861,25.56726,, ,69.13719861,,Liquid,978.22379593,0.61660635,289.44914247,0.94458483,25.56726,107.20131177,0.37517307,7.54733566,70.0,293.06519282,4.13772807,0.0
2283,PGPG0006,PALOGRANDE-6,PRODUCTOR,HUILA,VALLE SUPERIOR DEL MAGDALENA,HONDA,-75.287661,3.059692,865840.86592,829852.712448,466.9536,38.73032258,,,68.82419583,25.46772,, ,68.82419583,,Liquid,978.40060761,0.06972833,288.13744213,0.94075213,25.46772,106.78507823,0.3737795,0.84575819,70.0,293.06519282,4.10846231,0.0
2284,DKDK0024,DINA K-24,PRODUCTOR,HUILA,VALLE SUPERIOR DEL MAGDALENA,MONSERRATE,-75.299633,3.073614,864511.415468,831394.06366,459.9432,1394.65354839,,,68.40347839,25.63362,, ,68.40347839,,Liquid,978.63742469,2.51147917,286.37443507,0.93559519,25.63362,107.4787987,0.37610185,29.66587858,70.0,293.06519282,4.06912523,0.0
2285,ORTE0008A,ORTEGA-8A,TAPONADO Y ABANDONADO,TOLIMA,VALLE SUPERIOR DEL MAGDALENA,,-75.210114,3.984222,874587.104259,932097.4843,441.6552,,,,68.29032496,25.63362,, ,68.29032496,,Liquid,978.70095244,0.0,285.90028616,0.93420718,25.63362,107.4787987,0.37610185,0.0,70.0,293.06519282,4.05854538,0.0
2286,PGPG0024,PALOGRANDE-24,PRODUCTOR,HUILA,VALLE SUPERIOR DEL MAGDALENA,MONSERRATE,-75.285456,3.043644,866084.110665,828077.555763,537.6672,874.64548387,,,68.26019609,25.18016,, ,68.26019609,,Liquid,978.71785589,1.57518292,285.7740379,0.93383753,25.18016,105.58260426,0.36975094,18.88960344,70.0,293.06519282,4.05572833,0.0
2287,MUCH0001,MUCHUBI-1,TAPONADO Y ABANDONADO,HUILA,VALLE SUPERIOR DEL MAGDALENA,,-75.267175,3.240831,868141.524086,849884.600419,405.0,,,,67.87671445,25.83823,, ,67.87671445,,Liquid,978.93256911,0.0,284.16719097,0.92912982,25.83823,108.33437304,0.37896426,0.0,70.0,293.06519282,4.0198728,0.0
2288,ORTE0013,ORTEGA-13,PRODUCTOR,TOLIMA,VALLE SUPERIOR DEL MAGDALENA,CABALLOS,-75.195456,3.967419,876212.809985,930236.850585,383.0,5.85354839,,,67.16974474,25.98201,, ,67.16974474,,Liquid,979.326286,0.01054844,281.20510507,0.92043763,25.98201,108.93557824,0.38097448,0.11581918,70.0,293.06519282,3.95377113,0.0
2289,PJPJ0010,PIJAO-10,TAPONADO Y ABANDONADO,HUILA,VALLE SUPERIOR DEL MAGDALENA,,-75.275208,3.0171,867220.295654,825140.408154,413.6136,,,,67.0134012,25.80505,, ,67.0134012,,Liquid,979.41298267,0.0,280.55009061,0.91851305,25.80505,108.19563231,0.37850022,0.0,70.0,293.06519282,3.93915301,0.0
2290,PGPG0040,PALOGRANDE-40,PRODUCTOR,HUILA,VALLE SUPERIOR DEL MAGDALENA,HONDA,-75.288044,3.061994,865798.532993,830107.44643,465.4296,95.07290323,,,66.96179771,25.49537,, ,66.96179771,,Liquid,979.44156851,0.17134708,280.33389649,0.91787763,25.49537,106.90069904,0.37416665,1.90846143,70.0,293.06519282,3.93432809,0.0
2291,DKDK0019,DINA K-19,PRODUCTOR,HUILA,VALLE SUPERIOR DEL MAGDALENA,MONSERRATE,-75.298247,3.074867,864665.69377,831532.452238,457.8096,2145.73806452,,,66.43558597,25.56726,, ,66.43558597,,Liquid,979.73222197,3.86834787,278.12940597,0.91139284,25.56726,107.20131177,0.37517307,41.89586032,70.0,293.06519282,3.88512729,0.0
2292,PGPG0041,PALOGRANDE-41,PRODUCTOR,HUILA,VALLE SUPERIOR DEL MAGDALENA,HONDA,-75.288956,3.053506,865696.15989,829168.671562,475.7928,55.71258065,,,66.36709902,25.46772,, ,66.36709902,,Liquid,979.76993773,0.1004428,277.84250103,0.91054813,25.46772,106.78507823,0.3737795,1.08973548,70.0,293.06519282,3.87872376,0.0
2293,PGPG0022,PALOGRANDE-22,PRODUCTOR,HUILA,VALLE SUPERIOR DEL MAGDALENA,MONSERRATE,-75.277833,3.037164,866930.857675,827359.851263,477.9264,1554.63548387,,,65.55583046,25.42348,, ,65.55583046,,Liquid,980.21471431,2.80408529,274.44414089,0.90052959,25.42348,106.60008433,0.37315998,29.34358017,70.0,293.06519282,3.80287015,0.0
2294,CBCB0014,CEBU-14,PRODUCTOR,HUILA,VALLE SUPERIOR DEL MAGDALENA,MONSERRATE,-75.276469,3.03035,867081.681163,826606.047697,439.5216,2367.48290323,,,65.46284331,25.64468,, ,65.46284331,,Liquid,980.26545937,4.27043363,274.054646,0.8993798,25.64468,107.52504636,0.37625663,43.99249541,70.0,293.06519282,3.79417585,0.0
2295,PGPG0026,PALOGRANDE-26,TAPONADO Y ABANDONADO,HUILA,VALLE SUPERIOR DEL MAGDALENA,,-75.288081,3.062075,865794.517924,830116.365581,465.4296,,,,65.30709106,25.49537,, ,65.30709106,,Liquid,980.35034808,0.0,273.40225787,0.89745324,25.49537,106.90069904,0.37416665,0.0,70.0,293.06519282,3.77961301,0.0
2296,PGPG0016,PALOGRANDE-16,PRODUCTOR,HUILA,VALLE SUPERIOR DEL MAGDALENA,MONSERRATE,-75.278647,3.040808,866840.80459,827763.032339,487.68,764.3983871,,,64.90647526,25.40689,, ,64.90647526,,Liquid,980.56806733,1.37923711,271.72428823,0.89249396,25.40689,106.53071143,0.37292764,14.00119455,70.0,293.06519282,3.74215544,0.0
2297,DKDK0022,DINA K-22,PRODUCTOR,HUILA,VALLE SUPERIOR DEL MAGDALENA,MONSERRATE,-75.298717,3.082417,864614.443533,832367.569692,452.628,958.49645161,,,63.89378,25.5562,, ,63.89378,,Liquid,981.11439018,1.73042022,267.48302238,0.87993246,25.5562,107.15506378,0.37501825,16.58208434,70.0,293.06519282,3.64746843,0.0
2298,PGPG0008,PALOGRANDE-8,PRODUCTOR,HUILA,VALLE SUPERIOR DEL MAGDALENA,MONSERRATE,-75.287186,3.049061,865892.362418,828676.874902,452.628,1357.93806452,,,63.86517498,25.56726,, ,63.86517498,,Liquid,981.12973745,2.45158992,267.36322968,0.87957711,25.56726,107.20131177,0.37517307,23.44549759,70.0,293.06519282,3.64479386,0.0
2299,PGPG0007,PALOGRANDE-7,PRODUCTOR,HUILA,VALLE SUPERIOR DEL MAGDALENA,HONDA,-75.283425,3.044953,866310.059369,828222.016876,481.8888,130.31387097,,,63.22699355,25.43454,, ,63.22699355,,Liquid,981.47092531,0.23534746,264.69075032,0.87164179,25.43454,106.64633288,0.37331487,2.19495656,70.0,293.06519282,3.5851239,0.0
2300,RIOA0002,RIO AIPE-2,TAPONADO Y ABANDONADO,HUILA,VALLE SUPERIOR DEL MAGDALENA,,-75.285519,3.217831,866099.141204,847343.126449,417.576,,,,63.07686364,25.75528,, ,63.07686364,,Liquid,981.55085072,0.0,264.06208956,0.86977293,25.75528,107.98752045,0.37780407,0.0,70.0,293.06519282,3.57108675,0.0
2301,DTDT0031,DINA T-31,PRODUCTOR,HUILA,VALLE SUPERIOR DEL MAGDALENA,HONDA-DOIMA-CHICORAL,-75.307631,3.097581,863625.24996,834045.896155,431.292,149.76366667,,,62.99371901,25.69445,, ,62.99371901,,Liquid,981.59505933,0.27050809,263.71393097,0.86873758,25.69445,107.73316026,0.37695305,2.45823153,70.0,293.06519282,3.56331273,0.0
2302,PGPG0003,PALOGRANDE-3,PRODUCTOR,HUILA,VALLE SUPERIOR DEL MAGDALENA,MONSERRATE,-75.286683,3.051753,865948.6032,828974.522803,454.0,298.54193548,,,62.90771985,25.57279,, ,62.90771985,,Liquid,981.64074405,0.53926141,263.35382303,0.86766642,25.57279,107.22443574,0.37525048,4.91126109,70.0,293.06519282,3.55527181,0.0
2303,SSSS0003,S-3 (STRAT XB-3),TAPONADO Y ABANDONADO,TOLIMA,VALLE SUPERIOR DEL MAGDALENA,,-75.029814,4.100475,894628.917683,944929.357543,388.62,,,,62.88610464,25.95989,, ,62.88610464,,Liquid,981.65221987,0.0,263.26331336,0.86739715,25.95989,108.84308562,0.38066528,0.0,70.0,293.06519282,3.55325078,0.0
2304,REVA0002,REVANCHA-2,TAPONADO Y ABANDONADO,TOLIMA,VALLE SUPERIOR DEL MAGDALENA,,-74.874986,3.835375,911794.991182,915592.872638,849.7824,,,,62.78199588,23.38844,, ,62.78199588,,Liquid,981.70745517,0.0,262.82738053,0.8661,23.38844,98.08947759,0.34455942,0.0,70.0,293.06519282,3.54351662,0.0
2305,OLIN0001,OLINI-1,TAPONADO Y ABANDONADO,TOLIMA,VALLE SUPERIOR DEL MAGDALENA,,-75.371094,3.72627,856662.057443,903592.048696,634.0,,,,62.72406428,24.57186,, ,62.72406428,,Liquid,981.73816406,0.0,262.58480686,0.86537802,24.57186,103.03879938,0.36121581,0.0,70.0,293.06519282,3.53810001,0.0
2306,ORTE0002,ORTEGA-2,TAPONADO Y ABANDONADO,TOLIMA,VALLE SUPERIOR DEL MAGDALENA,,-75.199017,3.975097,875818.391169,931086.562581,398.0,,,,62.71671542,25.84929,, ,62.71671542,,Liquid,981.74205823,0.0,262.55403556,0.86528643,25.84929,108.38061986,0.37911893,0.0,70.0,293.06519282,3.53741289,0.0
2307,PGPG0011,PALOGRANDE-11,PRODUCTOR,HUILA,VALLE SUPERIOR DEL MAGDALENA,MONSERRATE,-75.283736,3.050983,866276.212091,828889.047012,447.4464,931.64258065,,,62.56527953,25.5562,, ,62.56527953,,Liquid,981.82223522,1.68315309,261.91994539,0.86339855,25.5562,107.15506378,0.37501825,15.07417567,70.0,293.06519282,3.52325364,0.0
2308,PGPG0019,PALOGRANDE-19,PRODUCTOR,HUILA,VALLE SUPERIOR DEL MAGDALENA,MONSERRATE,-75.286328,3.057914,865988.895971,829655.915564,452.9328,2780.7483871,,,61.0865548,25.56726,, ,61.0865548,,Liquid,982.59817796,5.02781251,255.72884815,0.84492076,25.56726,107.20131177,0.37517307,41.6114541,70.0,293.06519282,3.38499287,0.0
2309,SSSS0006,S-6 (STRAT XI-6),TAPONADO Y ABANDONADO,TOLIMA,VALLE SUPERIOR DEL MAGDALENA,,-74.997469,4.164717,898229.142797,952030.010263,368.1984,,,,60.64195177,26.08708,, ,60.64195177,,Liquid,982.82899276,0.0,253.86759979,0.83934969,26.08708,109.37491579,0.38244286,0.0,70.0,293.06519282,3.34342249,0.0
2310,GURY0001,GURIYACO-01,PRODUCTOR,PUTUMAYO,VALLE SUPERIOR DEL MAGDALENA,CABALLOS,-76.585335,1.002466,720782.71,602721.59,1272.5,67.52,3200,141,,,,"220,63183442",60.55555556,,Subcooled liquid,992.28269538,0.12328473,271.94091899,0.82662648,25.0,104.82922231,0.36722497,3.7244371,70.0,293.06519282,3.33534444,0.0
2311,PGPG0023,PALOGRANDE-23,PRODUCTOR,HUILA,VALLE SUPERIOR DEL MAGDALENA,MONSERRATE,-75.277061,3.034447,867016.388513,827059.281796,452.628,1941.33064516,,,60.21733946,25.57279,, ,60.21733946,,Liquid,983.04834882,3.51168711,252.09012613,0.83402243,25.57279,107.22443574,0.37525048,27.70323978,70.0,293.06519282,3.30372124,0.0
2312,VENG0006H,VENGANZA-6H,PRODUCTOR,TOLIMA,VALLE SUPERIOR DEL MAGDALENA,GUADALUPE,-74.862403,3.879297,913197.285607,920448.977643,506.8824,10276.90709677,,,60.01485947,25.29629,, ,60.01485947,,Liquid,983.15257761,18.59194295,251.24255235,0.83147976,25.29629,106.06822264,0.37137834,147.39286718,70.0,293.06519282,3.28478936,0.0
2313,CTAY0036,COSTAYACO-36,PRODUCTOR,PUTUMAYO,VALLE SUPERIOR DEL MAGDALENA,CABALLOS,-76.585292,1.002417,720787.519948,602716.179956,1272.57,34.16,3000,140,,,,"206,84234476",60.0,,Subcooled liquid,991.99180101,0.06235444,268.48955598,0.82044377,25.0,104.82922231,0.36722497,1.78340733,70.0,293.06519282,3.2834,0.0
2314,RCEI0081,RIO CEIBAS-81,PRODUCTOR,HUILA,VALLE SUPERIOR DEL MAGDALENA,HONDA,-75.195656,2.952069,876058.728545,817938.675998,650.0,4.46387097,,,59.97632005,24.48338,, ,59.97632005,,Liquid,983.17238885,0.00807575,251.08122991,0.83099563,24.48338,102.66877845,0.35997284,0.06695602,70.0,293.06519282,3.28118592,0.0
2315,PGPG0013,PALOGRANDE-13,PRODUCTOR,HUILA,VALLE SUPERIOR DEL MAGDALENA,MONSERRATE,-75.280931,3.045072,866587.431935,828234.913924,485.5464,1495.0416129,,,59.39971852,25.39583,, ,59.39971852,,Liquid,983.4677447,2.70554541,248.66771087,0.82374591,25.39583,106.48446276,0.37277273,20.60200894,70.0,293.06519282,3.22727368,0.0
2316,RCEI0036,RIO CEIBAS-36,PRODUCTOR,HUILA,VALLE SUPERIOR DEL MAGDALENA,HONDA,-75.194111,2.946867,876229.898805,817363.088852,588.0,38.55612903,,,59.12624286,24.82624,, ,59.12624286,,Liquid,983.60714049,0.06978411,247.52305861,0.82030319,24.82624,104.10259097,0.36478723,0.54123592,70.0,293.06519282,3.20170371,0.0
2317,VENT0001,VENTANAS-1,TAPONADO Y ABANDONADO,HUILA,VALLE SUPERIOR DEL MAGDALENA,,-75.348033,3.208775,859147.891072,846349.938526,702.8688,,,,59.1106202,24.20135,, ,59.1106202,,Liquid,983.61509025,0.0,247.45766984,0.82010644,24.20135,101.48931396,0.35600833,0.0,70.0,293.06519282,3.20024299,0.0
2318,RCEI0062,RIO CEIBAS-62,TAPONADO Y ABANDONADO,HUILA,VALLE SUPERIOR DEL MAGDALENA,,-75.197225,2.949122,875883.887086,817612.892296,587.0,,,,59.01251114,24.86495,, ,59.01251114,,Liquid,983.66498095,0.0,247.04703616,0.81887065,24.86495,104.26446992,0.36533043,0.0,70.0,293.06519282,3.19106979,0.0
2319,MATR0001,MATADOR-1,TAPONADO Y ABANDONADO,HUILA,VALLE SUPERIOR DEL MAGDALENA,,-75.166561,3.142342,879315.168002,838979.308111,442.8744,,,,58.49722757,25.60044,, ,58.49722757,,Liquid,983.92607306,0.0,244.89039633,0.81237427,25.60044,107.34005544,0.37563749,0.0,70.0,293.06519282,3.14289078,0.0
2320,PGPG0001,PALOGRANDE-1,TAPONADO Y ABANDONADO,HUILA,VALLE SUPERIOR DEL MAGDALENA,,-75.284778,3.041594,866159.224017,827850.735374,530.0,,,,58.15861867,25.15804,, ,58.15861867,,Liquid,984.09678095,0.0,243.47326467,0.80809997,25.15804,105.49010491,0.36944089,0.0,70.0,293.06519282,3.11123085,0.0
2321,RSAL0001,RIO SALDANA-1,TAPONADO Y ABANDONADO,TOLIMA,VALLE SUPERIOR DEL MAGDALENA,,-75.370997,3.699864,856668.509614,900671.270121,498.0,,,,58.03766657,25.335,, ,58.03766657,,Liquid,984.15759171,0.0,242.96707312,0.80657215,25.335,106.23009426,0.37192066,0.0,70.0,293.06519282,3.09992182,0.0
2322,PAUT0001,PAUTA-1,TAPONADO Y ABANDONADO,TOLIMA,VALLE SUPERIOR DEL MAGDALENA,,-75.391397,3.798114,854417.876533,911541.936772,515.112,,,,57.93889835,25.32947,, ,57.93889835,,Liquid,984.20718396,0.0,242.55372711,0.80532415,25.32947,106.20696978,0.37184319,0.0,70.0,293.06519282,3.090687,0.0
2323,TOLD0001,TOLDADO-1,PRODUCTOR,TOLIMA,VALLE SUPERIOR DEL MAGDALENA,CABALLOS,-75.285403,3.873592,866206.415178,919873.023731,415.0,6513.78548387,,,57.8714182,25.81058,, ,57.8714182,,Liquid,984.24103252,11.79712942,242.27132438,0.80447129,25.81058,108.21875579,0.37857757,80.11451,70.0,293.06519282,3.0843776,0.0
2324,QUIM0002,QUIMBAYA-2,TAPONADO Y ABANDONADO,TOLIMA,VALLE SUPERIOR DEL MAGDALENA,,-75.312411,3.829583,863198.864163,915009.740416,386.0,,,,57.16492054,25.91565,, ,57.16492054,,Liquid,984.5937687,0.0,239.31476611,0.79553194,25.91565,108.65809985,0.38004681,0.0,70.0,293.06519282,3.01832007,0.0
2325,9451,POTRERILLO-1,TAPONADO Y ABANDONADO,HUILA,VALLE SUPERIOR DEL MAGDALENA,,-75.343798,3.096158,859603.671864,833893.248305,431.9016,,,,56.96364027,25.67786,, ,56.96364027,,Liquid,984.69371013,0.0,238.47248493,0.79298174,25.67786,107.66378906,0.37672092,0.0,70.0,293.06519282,2.99950037,0.0
2326,10033,PURIFICACION-7,TAPONADO Y ABANDONADO,TOLIMA,VALLE SUPERIOR DEL MAGDALENA,,-74.927278,3.860369,905988.806485,918362.541066,298.0944,,,,56.72673909,26.41335,, ,56.72673909,,Liquid,984.81102318,0.0,237.48116538,0.78997829,26.41335,110.7391498,0.3869992,0.0,70.0,293.06519282,2.97735011,0.0
2327,BRBR0009,BRISAS-9,PRODUCTOR,HUILA,VALLE SUPERIOR DEL MAGDALENA,MONSERRATE,-75.27415,3.128622,867351.745345,837474.93443,396.8496,1049.48032258,,,56.13749868,25.888,, ,56.13749868,,Liquid,985.10133072,1.9023772,235.01557212,0.78249877,25.888,108.54248338,0.37966022,11.54643886,70.0,293.06519282,2.92225613,0.0
2328,DNDN0008,DINA-8,PRODUCTOR,HUILA,VALLE SUPERIOR DEL MAGDALENA,HONDA-DOIMA-CHICORAL,-75.320031,3.080081,862244.261844,832111.919006,459.0288,19.56709677,,,55.99431218,25.53408,, ,55.99431218,,Liquid,985.17155537,0.03547151,234.41644964,0.78067927,25.53408,107.06256767,0.3747086,0.21842647,70.0,293.06519282,2.90886819,0.0
2329,RCEI0030,RIO CEIBAS-30,PRODUCTOR,HUILA,VALLE SUPERIOR DEL MAGDALENA,HONDA,-75.190046,2.951329,876682.401539,817856.16486,693.42,46.085,,,55.80460619,24.229,, ,55.80460619,,Liquid,985.26440144,0.08355141,233.62269246,0.77826746,24.229,101.60494929,0.35639718,0.55358335,70.0,293.06519282,2.89113068,0.0
2330,PORV0001,PORVENIR-1,TAPONADO Y ABANDONADO,TOLIMA,VALLE SUPERIOR DEL MAGDALENA,,-75.204189,3.929978,875237.123608,926097.047136,359.3592,,,,55.49439595,26.10367,, ,55.49439595,,Liquid,985.41574813,0.0,232.32475881,0.77432071,26.10367,109.44428452,0.38267466,0.0,70.0,293.06519282,2.86212602,0.0
2331,ORTE0005,ORTEGA-5,TAPONADO Y ABANDONADO,TOLIMA,VALLE SUPERIOR DEL MAGDALENA,,-75.185447,3.978313,877326.148954,931440.218462,445.0,,,,55.337591,25.83823,, ,55.337591,,Liquid,985.49202518,0.0,231.6686942,0.77232433,25.83823,108.33437304,0.37896426,0.0,70.0,293.06519282,2.84746476,0.0
2332,BRBR0002,BRISAS-2,PRODUCTOR,HUILA,VALLE SUPERIOR DEL MAGDALENA,MONSERRATE,-75.275067,3.129172,867249.892911,837535.8819,393.192,1175.02870968,,,55.19079723,25.90459,, ,55.19079723,,Liquid,985.56329474,2.13095571,231.05452457,0.77045457,25.90459,108.61185329,0.37989218,12.15024124,70.0,293.06519282,2.83373954,0.0
2333,DTDT0036,DINA T-36,PRODUCTOR,HUILA,VALLE SUPERIOR DEL MAGDALENA,HONDA-DOIMA-CHICORAL,-75.303981,3.111192,864032.825819,835550.868932,421.5384,3.24096774,,,55.09348532,25.74422,, ,55.09348532,,Liquid,985.61046702,0.00587789,230.64738642,0.76921463,25.74422,107.94127324,0.37764935,0.03367002,70.0,293.06519282,2.82464088,0.0
2334,DTDT0054,DINA T-54,PRODUCTOR,HUILA,VALLE SUPERIOR DEL MAGDALENA,HONDA-DOIMA-CHICORAL,-75.307725,3.080133,863612.527006,832116.165523,444.3984,43.41354839,,,54.59408015,25.6115,, ,54.59408015,,Liquid,985.85163157,0.07875502,228.55800868,0.76284561,25.6115,107.38630324,0.37579228,0.44048712,70.0,293.06519282,2.77794649,0.0
2335,DTDT0006,DINA T-6,PRODUCTOR,HUILA,VALLE SUPERIOR DEL MAGDALENA,HONDA-DOIMA-CHICORAL,-75.315667,3.096861,862731.639506,833967.353552,439.5216,116.71064516,,,54.07477493,25.68339,, ,54.07477493,,Liquid,986.1007595,0.21177427,226.38547422,0.75621278,25.68339,107.68691281,0.3767983,1.13802354,70.0,293.06519282,2.72939146,0.0
2336,DTDT0059,DINA T-59,PRODUCTOR,HUILA,VALLE SUPERIOR DEL MAGDALENA,HONDA-DOIMA-CHICORAL,-75.315289,3.0958,862773.509822,833849.942294,434.0352,338.45612903,,,54.02813421,25.68339,, ,54.02813421,,Liquid,986.12305214,0.61415066,226.19035579,0.75561656,25.68339,107.68691281,0.3767983,3.2898331,70.0,293.06519282,2.72503055,0.0
2337,DTDT0052,DINA T-52,PRODUCTOR,HUILA,VALLE SUPERIOR DEL MAGDALENA,HONDA-DOIMA-CHICORAL,-75.307908,3.089847,863593.384378,833190.586067,444.7032,158.0716129,,,53.98218256,25.63915,, ,53.98218256,,Liquid,986.1450021,0.28683761,225.99812083,0.75502907,25.63915,107.50192253,0.37617924,1.53653382,70.0,293.06519282,2.72073407,0.0
2338,LIBA0001,LIBANO-1,TAPONADO Y ABANDONADO,HUILA,VALLE SUPERIOR DEL MAGDALENA,,-75.693339,2.388533,820630.101462,755667.141003,1077.468,,,,53.89247041,22.12207,, ,53.89247041,,Liquid,986.18781724,0.0,225.6228196,0.75388187,22.12207,92.79247602,0.32665911,0.0,70.0,293.06519282,2.71234598,0.0
2339,MOQU0027,MOQUETA-27,PRODUCTOR,PUTUMAYO,VALLE SUPERIOR DEL MAGDALENA,VILLETA ARENA T,-76.571216,1.040536,722359.0,606934.0,1569.0,796.73,2414,129,,,,"166,43914009",53.88888889,,Subcooled liquid,993.31509482,1.45626238,239.76154827,0.74574182,25.0,104.82922231,0.36722497,32.23335565,70.0,293.06519282,2.71201111,0.0
2340,DTDT0011,DINA T-11,PRODUCTOR,HUILA,VALLE SUPERIOR DEL MAGDALENA,HONDA-DOIMA-CHICORAL,-75.307253,3.095414,863666.979599,833806.201678,432.5112,142.4716129,,,53.65460839,25.68339,, ,53.65460839,,Liquid,986.30109249,0.25857068,224.62776343,0.7508387,25.68339,107.68691281,0.3767983,1.35004816,70.0,293.06519282,2.69010588,0.0
2341,MOQU0024,MOQUETA-24,PRODUCTOR,PUTUMAYO,VALLE SUPERIOR DEL MAGDALENA,CABALLOS,-76.558464,1.041526,723779.7,607042.36,1241.0,154.165,3400,"128,5",,,,"234,42132407",53.61111111,,Subcooled liquid,996.28625686,0.28262551,244.37684702,0.73895555,25.0,104.82922231,0.36722497,8.13167597,70.0,293.06519282,2.68603889,0.0
2342,MOQU0025,MOQUETA-25,PRODUCTOR,PUTUMAYO,VALLE SUPERIOR DEL MAGDALENA,VILLETA ARENA T,-76.55842,1.041571,723784.64,607047.33,1241.0,345.43,3400,128,,,,"234,42132407",53.33333333,,Subcooled liquid,996.4180013,0.63334893,243.22883163,0.73544074,25.0,104.82922231,0.36722497,18.15894334,70.0,293.06519282,2.66006667,0.0
2343,MOQU0028,MOQUETA-28,PRODUCTOR,PUTUMAYO,VALLE SUPERIOR DEL MAGDALENA,VILLETA ARENA T,-76.571296,1.040573,722350.0,606938.0,1569.0,1710.95,3600,128,,,,"248,21081372",53.33333333,,Subcooled liquid,996.9888462,3.13883902,244.39774632,0.73478344,25.0,104.82922231,0.36722497,94.27847462,70.0,293.06519282,2.66006667,0.0
2344,RSAL0003,RIO SALDANA-3,TAPONADO Y ABANDONADO,TOLIMA,VALLE SUPERIOR DEL MAGDALENA,,-75.367894,3.697664,857012.944601,900427.432127,455.0,,,,53.10186799,25.53408,, ,53.10186799,,Liquid,986.56294456,0.0,222.31554472,0.74375869,25.53408,107.06256767,0.3747086,0.0,70.0,293.06519282,2.63842466,0.0
2345,DTDT0026,DINA T-26,PRODUCTOR,HUILA,VALLE SUPERIOR DEL MAGDALENA,HONDA-MONSERRATE,-75.305242,3.087064,863889.525378,832882.400056,430.6824,4.90032258,,,53.0027519,25.69445,, ,53.0027519,,Liquid,986.60969525,0.00889634,221.90093466,0.74248788,25.69445,107.73316026,0.37695305,0.04434425,70.0,293.06519282,2.6291573,0.0
2346,DTDT0051,DINA T-51,PRODUCTOR,HUILA,VALLE SUPERIOR DEL MAGDALENA,HONDA-DOIMA-CHICORAL,-75.312589,3.100017,863074.260046,834315.978534,446.532,137.32548387,,,52.9633531,25.61703,, ,52.9633531,,Liquid,986.62826145,0.24931368,221.73612748,0.74198263,25.61703,107.40942712,0.37586967,1.24635338,70.0,293.06519282,2.62547351,0.0
2347,PIBL0001,PIEDRAS BLANCAS-1,TAPONADO Y ABANDONADO,HUILA,VALLE SUPERIOR DEL MAGDALENA,,-75.103792,3.145156,886293.95182,839283.475899,560.5272,,,,52.83830071,24.98661,, ,52.83830071,,Liquid,986.68712568,0.0,221.21303061,0.74037856,24.98661,104.77322831,0.36703717,0.0,70.0,293.06519282,2.61378112,0.0
2348,MOQU0026ST2,MOQUETA-26-ST2,PRODUCTOR,PUTUMAYO,VALLE SUPERIOR DEL MAGDALENA,CABALLOS,-76.558372,1.041613,723790.0,607052.0,1241.0,265.34,3700,127,,,,"255,10555854",52.77777778,,Subcooled liquid,997.53588095,0.48704902,242.68835267,0.72742379,25.0,104.82922231,0.36722497,14.8646785,70.0,293.06519282,2.60812222,0.0
2349,DNDN0001A,DINA-1A,PRODUCTOR,HUILA,VALLE SUPERIOR DEL MAGDALENA,HONDA-DOIMA-CHICORAL,-75.307014,3.085847,863692.321415,832748.055055,432.816,43.60451613,,,52.42693692,25.67233,, ,52.42693692,,Liquid,986.88006079,0.07918397,219.4923252,0.73509767,25.67233,107.64066531,0.37664354,0.37939649,70.0,293.06519282,2.5753186,0.0
2350,DTDT0020,DINA T-20,PRODUCTOR,HUILA,VALLE SUPERIOR DEL MAGDALENA,HONDA-DOIMA-CHICORAL,-75.307578,3.104894,863632.057773,834854.825708,448.056,16.77548387,,,52.26158763,25.6115,, ,52.26158763,,Liquid,986.95730824,0.03046596,218.80069725,0.73297317,25.6115,107.38630324,0.37579228,0.14489835,70.0,293.06519282,2.55985844,0.0
2351,SCSC0010S,SANTA CLARA SUR-10,PRODUCTOR,HUILA,VALLE SUPERIOR DEL MAGDALENA,CABALLOS,-75.352723,2.941907,858591.366031,816833.359838,557.4792,456.73290323,,,52.23390073,25.13039,, ,52.23390073,,Liquid,986.97022588,0.82948355,218.68488857,0.73261733,25.13039,105.37448045,0.36905329,4.08182208,70.0,293.06519282,2.55726972,0.0
2352,MOQU0021D,MOQUETA-21D,PRODUCTOR,PUTUMAYO,VALLE SUPERIOR DEL MAGDALENA,VILLETA ARENA T,-76.558656,1.041268,723758.35,607013.85,1210.0,491.49,3500,126,,,,"241,31606889",52.22222222,,Subcooled liquid,997.22632398,0.90188226,239.2232271,0.72102871,25.0,104.82922231,0.36722497,26.11895154,70.0,293.06519282,2.55617778,0.0
2353,DTDT0003,DINA T-3,PRODUCTOR,HUILA,VALLE SUPERIOR DEL MAGDALENA,HONDA-DOIMA-CHICORAL,-75.310342,3.097044,863323.739741,833986.939361,430.6824,391.21935484,,,52.05613273,25.69998,, ,52.05613273,,Liquid,987.05304889,0.71056245,217.94132734,0.73033189,25.69998,107.75628397,0.37703042,3.30688735,70.0,293.06519282,2.54064841,0.0
2354,BRIS0010,BRISAS-10,PRODUCTOR,HUILA,VALLE SUPERIOR DEL MAGDALENA,MONSERRATE,-75.276194,3.122977,867123.787631,836850.861855,420.624,227.13354839,,,51.95144241,25.8327,, ,51.95144241,,Liquid,987.10173006,0.41255763,217.50343763,0.72898539,25.8327,108.31124961,0.37888692,1.88593189,70.0,293.06519282,2.53085987,0.0
2355,DTDT0021,DINA T-21,PRODUCTOR,HUILA,VALLE SUPERIOR DEL MAGDALENA,HONDA-DOIMA-CHICORAL,-75.312019,3.08275,863135.368173,832406.134088,439.2168,20.70580645,,,51.91078184,25.66127,, ,51.91078184,,Liquid,987.12061836,0.03761004,217.33336703,0.72846231,25.66127,107.59441776,0.37648878,0.17368643,70.0,293.06519282,2.5270581,0.0
2356,DTDT0050,DINA T-50,PRODUCTOR,HUILA,VALLE SUPERIOR DEL MAGDALENA,HONDA-DOIMA-CHICORAL,-75.30495,3.097639,863923.307323,834051.999866,421.8432,122.92645161,,,51.65129035,25.73869,, ,51.65129035,,Liquid,987.2409117,0.2233109,216.2480075,0.72512257,25.73869,107.91814962,0.37757199,1.00558056,70.0,293.06519282,2.50279565,0.0
2357,ORTE0003,ORTEGA-3,TAPONADO Y ABANDONADO,TOLIMA,VALLE SUPERIOR DEL MAGDALENA,,-75.175958,3.965708,878378.309459,930044.711552,407.0,,,,51.13670404,24.94237,, ,51.13670404,,Liquid,987.47817867,0.0,214.09574339,0.71849196,24.94237,104.58822596,0.36641662,0.0,70.0,293.06519282,2.45468183,0.0
2358,RCEI0031,RIO CEIBAS-31,PRODUCTOR,HUILA,VALLE SUPERIOR DEL MAGDALENA,HONDA,-75.198214,2.941687,875773.06532,816790.640181,604.1136,2.29677419,,,51.09840862,24.73776,, ,51.09840862,,Liquid,987.49576771,0.00417345,213.93557569,0.7179981,24.73776,103.7325796,0.36354536,0.01948595,70.0,293.06519282,2.45110121,0.0
2359,MICH0001,MICHU-1,TAPONADO Y ABANDONADO,TOLIMA,VALLE SUPERIOR DEL MAGDALENA,,-75.130028,4.199442,883513.9032,955888.930931,694.944,,,,50.73161782,24.2843,, ,50.73161782,,Liquid,987.66375308,0.0,212.40152471,0.71326505,24.2843,101.83621892,0.35717476,0.0,70.0,293.06519282,2.41680627,0.0
2360,MOQU0003,MOQUETA-3,PRODUCTOR,PUTUMAYO,VALLE SUPERIOR DEL MAGDALENA,VILLETA ARENA T,-76.558658,1.041438,723758.125,607032.6875,1210.0,551.84,2500,123,,,,"172,36862064",50.55555556,,Subcooled liquid,995.12077158,1.01048622,226.44882048,0.70299314,25.0,104.82922231,0.36722497,21.78677146,70.0,293.06519282,2.40034444,0.0
2361,RCEI0066,RIO CEIBAS-66,TAPONADO Y ABANDONADO,HUILA,VALLE SUPERIOR DEL MAGDALENA,,-75.19715,2.948992,875892.212509,817598.450707,587.0,,,,50.51126956,24.86495,, ,50.51126956,,Liquid,987.76424972,0.0,211.47996943,0.71041917,24.86495,104.26446992,0.36533043,0.0,70.0,293.06519282,2.3962037,0.0
2362,SFRA0103,SAN FRANCISCO-103,TAPONADO Y ABANDONADO,HUILA,VALLE SUPERIOR DEL MAGDALENA,,-75.380831,3.093086,855485.578841,833558.47092,718.0,,,,50.49413502,24.11287,, ,50.49413502,,Liquid,987.77205121,0.0,211.40830885,0.71019779,24.11287,101.11927859,0.35476376,0.0,70.0,293.06519282,2.39460162,0.0
2363,BRBR0008,BRISAS-8,PRODUCTOR,HUILA,VALLE SUPERIOR DEL MAGDALENA,MONSERRATE,-75.276058,3.123103,867138.879927,836864.714318,405.9936,822.9483871,,,50.39761764,25.8327,, ,50.39761764,,Liquid,987.81596063,1.49585695,211.00465267,0.70895057,25.8327,108.31124961,0.37888692,6.07256822,70.0,293.06519282,2.38557725,0.0
2364,PORS0001,PORSIACA-1,TAPONADO Y ABANDONADO,TOLIMA,VALLE SUPERIOR DEL MAGDALENA,,-74.996108,3.703494,898324.382232,901021.0455,299.9232,,,,50.39356437,26.42441,, ,50.39356437,,Liquid,987.81780329,0.0,210.9877011,0.70889819,26.42441,110.78539438,0.38715356,0.0,70.0,293.06519282,2.38519827,0.0
2365,TAYA0001,TAYARES-1,TAPONADO Y ABANDONADO,TOLIMA,VALLE SUPERIOR DEL MAGDALENA,,-75.432989,3.738086,849786.284787,904909.313951,752.856,,,,50.28259221,24.15711,, ,50.28259221,,Liquid,987.86821072,0.0,210.52359561,0.70746371,24.15711,101.30429672,0.35538609,0.0,70.0,293.06519282,2.37482237,0.0
2366,SFRA0057,SAN FRANCISCO-57,TAPONADO Y ABANDONADO,HUILA,VALLE SUPERIOR DEL MAGDALENA,,-75.386889,3.100253,854812.923262,834351.988336,727.5576,,,,50.2354422,24.04651,, ,50.2354422,,Liquid,987.88960356,0.0,210.32640699,0.70685409,24.04651,100.84174975,0.35383008,0.0,70.0,293.06519282,2.37041385,0.0
2367,PGPG0015,PALOGRANDE-15,TAPONADO Y ABANDONADO,HUILA,VALLE SUPERIOR DEL MAGDALENA,,-75.285242,3.053975,866109.172298,829220.125501,455.676,,,,50.14743734,25.60044,, ,50.14743734,,Liquid,987.92949416,0.0,209.95835884,0.70571599,25.60044,107.34005544,0.37563749,0.0,70.0,293.06519282,2.36218539,0.0
2368,MOQU0004,MOQUETA-4,PRODUCTOR,PUTUMAYO,VALLE SUPERIOR DEL MAGDALENA,CABALLOS,-76.572633,1.038618,722200.9375,606721.75,1574.0,428.83,3500,"122,25",50.72568826,25.40136,,"241,31606889",50.13888889,,Subcooled liquid,998.18758392,0.78765992,230.61849921,0.69449789,25.40136,106.5075871,0.37285019,22.15750418,70.0,293.06519282,2.36138611,0.0
2369,PALM0006,PALERMO-6,PRODUCTOR,HUILA,VALLE SUPERIOR DEL MAGDALENA,CABALLOS,-75.360008,2.94113,857781.156019,816748.333611,730.6056,102.05774194,,,50.09423365,24.05757,, ,50.09423365,,Liquid,987.95358562,0.18553418,209.73585498,0.7050278,24.05757,100.8880047,0.35398571,0.84754566,70.0,293.06519282,2.35721085,0.0
2370,SFRA0078,SAN FRANCISCO-78,PRODUCTOR,HUILA,VALLE SUPERIOR DEL MAGDALENA,CABALLOS,-75.391322,3.089461,854318.505867,833158.952237,762.0,8455.63709677,,,50.00095275,23.84743,, ,50.00095275,,Liquid,987.99577994,15.37244155,209.34574581,0.70382095,23.84743,100.00915112,0.35102775,70.8798546,70.0,293.06519282,2.34848908,0.0
2371,MOQU0005,MOQUETA-5,PRODUCTOR,PUTUMAYO,VALLE SUPERIOR DEL MAGDALENA,VILLETA ARENA T,-76.572658,1.038709,722198.1875,606731.8125,1574.0,394.8,2500,122,,,,"172,36862064",50.0,,Subcooled liquid,995.37381368,0.72311069,224.1466746,0.69587518,25.0,104.82922231,0.36722497,15.45988096,70.0,293.06519282,2.3484,0.0
2372,MOQU0022D,MOQUETA-22D,PRODUCTOR,PUTUMAYO,VALLE SUPERIOR DEL MAGDALENA,CABALLOS,-76.571369,1.040925,722341.908077,606977.072747,1569.0,130.29,3120,121,,,,"215,11603856",49.44444444,,Subcooled liquid,997.41399136,0.23912664,225.50836919,0.68680499,25.0,104.82922231,0.36722497,6.08440983,70.0,293.06519282,2.29645556,0.0
2373,DTDT0039,DINA T-39,PRODUCTOR,HUILA,VALLE SUPERIOR DEL MAGDALENA,HONDA-DOIMA-CHICORAL,-75.311297,3.103742,863218.360076,834727.812524,448.056,305.44064516,,,49.38014894,25.60044,, ,49.38014894,,Liquid,988.27513687,0.55545147,206.74955412,0.69578041,25.60044,107.34005544,0.37563749,2.11886937,70.0,293.06519282,2.29044393,0.0
2374,MOQU0017,MOQUETA-17,PRODUCTOR,PUTUMAYO,VALLE SUPERIOR DEL MAGDALENA,CABALLOS,-76.57143,1.040863,722335.15,606970.16,1589.0,42.8,3500,120,,,,"241,31606889",48.88888889,,Subcooled liquid,998.75239356,0.07865802,225.45676258,0.67850061,25.0,104.82922231,0.36722497,2.1919944,70.0,293.06519282,2.24451111,0.0
2375,LLUC0001,LA LUCHA-1,TAPONADO Y ABANDONADO,TOLIMA,VALLE SUPERIOR DEL MAGDALENA,,-74.880828,4.369039,911204.968248,974612.398058,390.144,,,,48.62035635,25.92118,, ,48.62035635,,Liquid,988.61357469,0.0,203.57226566,0.68591906,25.92118,108.68122311,0.38012412,0.0,70.0,293.06519282,2.21940332,0.0
2376,DTDT0048,DINA T-48,PRODUCTOR,HUILA,VALLE SUPERIOR DEL MAGDALENA,HONDA-DOIMA-CHICORAL,-75.313678,3.084786,862951.232074,832631.548814,450.7992,259.96709677,,,48.52886462,25.58938,, ,48.52886462,,Liquid,988.65406963,0.47293795,203.18967798,0.68473005,25.58938,107.29380759,0.37548269,1.68266262,70.0,293.06519282,2.21084884,0.0
2377,PILU0001,PILU-1,TAPONADO Y ABANDONADO,TOLIMA,VALLE SUPERIOR DEL MAGDALENA,,-75.288414,3.931428,865881.071339,926270.469515,156.972,,,,47.64306498,25.2244,, ,47.64306498,,Liquid,989.0432368,0.0,199.48567875,0.67320115,25.2244,105.76760237,0.37037098,0.0,70.0,293.06519282,2.12802658,0.0
2378,SFRA0148,SAN FRANCISCO-148,PRODUCTOR,HUILA,VALLE SUPERIOR DEL MAGDALENA,CABALLOS,-75.383014,3.046037,855236.424879,828354.774089,697.0,2232.19225806,,,47.51061302,24.23453,, ,47.51061302,,Liquid,989.10097525,4.0626897,198.93184454,0.67147457,24.23453,101.62807631,0.35647494,14.93038875,70.0,293.06519282,2.11564232,0.0
2379,SFRA0146,SAN FRANCISCO-146,PRODUCTOR,HUILA,VALLE SUPERIOR DEL MAGDALENA,CABALLOS,-75.394354,3.035959,853974.13253,827241.632407,803.0,1069.53225806,,,47.2122645,23.65941,, ,47.2122645,,Liquid,989.23059734,1.94685162,197.68434744,0.66758288,23.65941,99.222791,0.34837933,7.33343683,70.0,293.06519282,2.08774673,0.0
2380,NARA0001,NARANJO-1,TAPONADO Y ABANDONADO,HUILA,VALLE SUPERIOR DEL MAGDALENA,,-75.677156,2.135469,822400.052389,727671.034722,874.0,,,,47.0119896,23.36079,, ,47.0119896,,Liquid,989.31727177,0.0,196.84694229,0.66496847,23.36079,97.97383135,0.34416943,0.0,70.0,293.06519282,2.06902103,0.0
2381,RPAT0001,RIO PATA-1,TAPONADO Y ABANDONADO,HUILA,VALLE SUPERIOR DEL MAGDALENA,,-75.231147,3.385114,872165.256081,865837.930934,695.5536,,,,46.71792979,24.25112,, ,46.71792979,,Liquid,989.44404046,0.0,195.61741434,0.66112687,24.25112,101.6974573,0.35670823,0.0,70.0,293.06519282,2.04152644,0.0
2382,SFRA0087,SAN FRANCISCO-87,PRODUCTOR,HUILA,VALLE SUPERIOR DEL MAGDALENA,CABALLOS,-75.393811,3.056406,854037.267337,829503.099341,826.6176,4326.50354839,,,46.69658323,23.49351,, ,46.69658323,,Liquid,989.45322001,7.87723416,195.52816058,0.66084787,23.49351,98.52892987,0.34604104,28.83893823,70.0,293.06519282,2.03953053,0.0
2383,SFRA0033,SAN FRANCISCO-33,PRODUCTOR,HUILA,VALLE SUPERIOR DEL MAGDALENA,CABALLOS,-75.384047,3.082111,855126.432914,832344.99376,785.0,7185.90322581,,,46.6634074,23.72577,, ,46.6634074,,Liquid,989.46748027,13.08351133,195.38944672,0.66041421,23.72577,99.50033177,0.34931426,46.80943961,70.0,293.06519282,2.03642859,0.0
2384,DTDT0033,DINA T-33,PRODUCTOR,HUILA,VALLE SUPERIOR DEL MAGDALENA,HONDA-DOIMA-CHICORAL,-75.306353,3.110258,863768.949857,835447.937005,425.8056,7.95032258,,,46.44069089,25.71104,, ,46.44069089,,Liquid,989.56301803,0.0144767,194.45823754,0.65750184,25.71104,107.80253136,0.37718516,0.0423012,70.0,293.06519282,2.0156046,0.0
2385,SFRA0108,SAN FRANCISCO-108,TAPONADO Y ABANDONADO,HUILA,VALLE SUPERIOR DEL MAGDALENA,,-75.402597,3.033525,853057.186548,826973.517884,703.0,,,,46.15028649,24.19582,, ,46.15028649,,Liquid,989.68708192,0.0,193.2440334,0.65370135,24.19582,101.46618685,0.35593055,0.0,70.0,293.06519282,1.98845179,0.0
2386,DTDT0012,DINA T-12,PRODUCTOR,HUILA,VALLE SUPERIOR DEL MAGDALENA,HONDA-DOIMA-CHICORAL,-75.312414,3.097561,863093.402284,834044.355977,435.864,42.23290323,,,46.0137038,25.67233,, ,46.0137038,,Liquid,989.74523152,0.07691584,192.67297702,0.65191273,25.67233,107.64066531,0.37664354,0.21667368,70.0,293.06519282,1.97568131,0.0
2387,ALIA0001,NUEVO ALIANZA-1,TAPONADO Y ABANDONADO,HUILA,VALLE SUPERIOR DEL MAGDALENA,,-75.156808,3.182869,880404.102998,843460.407469,506.5776,,,,45.82763982,25.27417,, ,45.82763982,,Liquid,989.82424118,0.0,191.89504479,0.64947491,25.27417,105.97572431,0.37106841,0.0,70.0,293.06519282,1.95828432,0.0
2388,QUIT0001,QUITURO-1,TAPONADO Y ABANDONADO,HUILA,VALLE SUPERIOR DEL MAGDALENA,,-75.933261,2.080883,793888.897035,721663.873861,1134.4656,,,,45.45727844,21.84557,, ,45.45727844,,Liquid,989.98079975,0.0,190.34658951,0.64461825,21.84557,91.63580945,0.32274013,0.0,70.0,293.06519282,1.92365553,0.0
2389,DTDT0019,DINA T-19,PRODUCTOR,HUILA,VALLE SUPERIOR DEL MAGDALENA,HONDA-DOIMA-CHICORAL,-75.307081,3.107497,863687.673857,835142.641957,444.3984,5.00258065,,,44.9757307,25.61703,, ,44.9757307,,Liquid,990.18293801,0.00911488,188.33331666,0.63829526,25.61703,107.40942712,0.37586967,0.02332627,70.0,293.06519282,1.87863082,0.0
2390,SFRA0004,SAN FRANCISCO-4,PRODUCTOR,HUILA,VALLE SUPERIOR DEL MAGDALENA,CABALLOS,-75.394172,3.078347,854000.091641,831930.059482,843.0,1389.44451613,,,44.93716707,23.37738,, ,44.93716707,,Liquid,990.19905604,2.53165862,188.17209055,0.63778848,23.37738,98.04321914,0.34440343,8.04099702,70.0,293.06519282,1.87502512,0.0
2391,SFRA0058,SAN FRANCISCO-58,TAPONADO Y ABANDONADO,HUILA,VALLE SUPERIOR DEL MAGDALENA,,-75.409544,3.0412,852285.710224,827823.382895,605.0,,,,44.66196543,24.66587,, ,44.66196543,,Liquid,990.313778,0.0,187.02154141,0.63417026,24.66587,103.43194294,0.36253605,0.0,70.0,293.06519282,1.84929377,0.0
2392,SCSC0001,SANTA CLARA-1,PRODUCTOR,HUILA,VALLE SUPERIOR DEL MAGDALENA,CABALLOS,-75.352808,2.962211,858584.425854,819079.153564,630.936,391.8124,,,44.48862168,24.61057,, ,44.48862168,,Liquid,990.38576716,0.71404239,186.29684257,0.63188963,24.61057,103.20068248,0.36175949,1.92975394,70.0,293.06519282,1.83308613,0.0
2393,NILO0001,NILO-1,TAPONADO Y ABANDONADO,HUILA,VALLE SUPERIOR DEL MAGDALENA,,-75.499376,2.850213,842269.586052,806710.57697,719.328,,,,44.48594241,24.09075,, ,44.48594241,,Liquid,990.3868782,0.0,186.2856414,0.63185437,24.09075,101.0267692,0.35445255,0.0,70.0,293.06519282,1.83283562,0.0
2394,DTDT0016,DINA T-16,PRODUCTOR,HUILA,VALLE SUPERIOR DEL MAGDALENA,HONDA-DOIMA-CHICORAL,-75.309806,3.089586,863382.392711,833161.951053,452.0184,0.45322581,,,43.92506419,25.57279,, ,43.92506419,,Liquid,990.61835288,0.00082616,183.94081686,0.62446658,25.57279,107.22443574,0.37525048,0.00190614,70.0,293.06519282,1.7803935,0.0
2395,SFRA0018,SAN FRANCISCO-18,PRODUCTOR,HUILA,VALLE SUPERIOR DEL MAGDALENA,CABALLOS,-75.401331,3.0476,853199.933977,828530.153857,818.0,4700.56935484,,,43.76399409,23.54881,, ,43.76399409,,Liquid,990.68441671,8.56894237,183.26745346,0.62234261,23.54881,98.76021838,0.34682062,24.0060316,70.0,293.06519282,1.76533345,0.0
2396,RIOA0001,RIO AIPE-1,TAPONADO Y ABANDONADO,HUILA,VALLE SUPERIOR DEL MAGDALENA,,-75.276606,3.239333,867092.918991,849720.226537,418.7952,,,,43.65090911,25.82164,, ,43.65090911,,Liquid,990.73068948,0.0,182.7946977,0.62085076,25.82164,108.26500272,0.37873225,0.0,70.0,293.06519282,1.75476,0.0
2397,DTDT0027,DINA T-27,PRODUCTOR,HUILA,VALLE SUPERIOR DEL MAGDALENA,HONDA-DOIMA-CHICORAL,-75.309492,3.093169,863417.75323,833558.238629,437.9976,2.84612903,,,43.37268277,25.64468,, ,43.37268277,,Liquid,990.84414969,0.00518921,181.63157253,0.61717809,25.64468,107.52504636,0.37625663,0.01119112,70.0,293.06519282,1.72874584,0.0
2398,PALB0001,PALOBAYO-1,TAPONADO Y ABANDONADO,TOLIMA,VALLE SUPERIOR DEL MAGDALENA,,-75.195558,3.898,876191.156453,922558.969547,371.2464,,,,42.9347797,26.18109,, ,42.9347797,,Liquid,991.02160966,0.0,179.80094662,0.61139117,26.18109,109.76800397,0.38375623,0.0,70.0,293.06519282,1.6878019,0.0
2399,MANO0053,LOS MANGOS-53,TAPONADO Y ABANDONADO,HUILA,VALLE SUPERIOR DEL MAGDALENA,,-75.525322,2.628414,839354.191921,782180.232583,624.0,,,,42.72474659,24.66587,, ,42.72474659,,Liquid,991.1062391,0.0,178.92292817,0.60861275,24.66587,103.43194294,0.36253605,0.0,70.0,293.06519282,1.66816381,0.0
2400,MANO0015,LOS MANGOS-15,PRODUCTOR,HUILA,VALLE SUPERIOR DEL MAGDALENA,CABALLOS-B,-75.526089,2.619133,839267.716352,781153.775403,632.0,628.97903226,,,42.71020753,24.56633,, ,42.71020753,,Liquid,991.11208568,1.14709758,178.86214963,0.60842035,24.56633,103.01567317,0.36113814,2.59658812,70.0,293.06519282,1.6668044,0.0
2401,SFRA0021,SAN FRANCISCO-21,TAPONADO Y ABANDONADO,HUILA,VALLE SUPERIOR DEL MAGDALENA,,-75.39335,3.042025,854086.601265,827912.431884,791.0,,,,42.40280064,23.69812,, ,42.40280064,,Liquid,991.2353473,0.0,177.57708545,0.60435035,23.69812,99.38469004,0.34892473,0.0,70.0,293.06519282,1.63806186,0.0
2402,SFRA0049,SAN FRANCISCO-49,TAPONADO Y ABANDONADO,HUILA,VALLE SUPERIOR DEL MAGDALENA,,-75.404956,3.045836,852796.604729,828335.546712,669.0,,,,41.78749371,24.41149,, ,41.78749371,,Liquid,991.48001983,0.0,175.00493973,0.596192,24.41149,102.36813396,0.35896265,0.0,70.0,293.06519282,1.58053066,0.0
2403,SFRA0024,SAN FRANCISCO-24,PRODUCTOR,HUILA,VALLE SUPERIOR DEL MAGDALENA,CABALLOS,-75.390939,3.074675,854359.114999,831523.444093,862.0,871.8,,,41.55503837,23.29443,, ,41.55503837,,Liquid,991.57173935,1.59067857,174.0332295,0.59310577,23.29443,97.69627885,0.3432333,3.66035707,70.0,293.06519282,1.55879609,0.0
2404,PALM0001,PALERMO-1,PRODUCTOR,HUILA,VALLE SUPERIOR DEL MAGDALENA,CABALLOS,-75.357779,2.947007,858029.711458,817398.092029,723.0,41.44096774,,,40.95493091,24.08522,, ,40.95493091,,Liquid,991.80669868,0.07563074,171.52469335,0.5851279,24.08522,101.00364182,0.35437475,0.14881878,70.0,293.06519282,1.50268604,0.0
2405,SFRA0014,SAN FRANCISCO-14,PRODUCTOR,HUILA,VALLE SUPERIOR DEL MAGDALENA,CABALLOS,-75.394403,3.070861,853973.432098,831102.07017,887.0,915.58935484,,,40.83521395,23.16724,, ,40.83521395,,Liquid,991.85325532,1.67105053,171.02426469,0.58353456,23.16724,97.1642971,0.34143845,3.60784976,70.0,293.06519282,1.4914925,0.0
2406,SFRA0023,SAN FRANCISCO-23,PRODUCTOR,HUILA,VALLE SUPERIOR DEL MAGDALENA,CABALLOS,-75.390467,3.060067,854409.644197,829907.590861,838.0,912.47870968,,,40.81241263,23.44374,, ,40.81241263,,Liquid,991.86211055,1.66538813,170.92895312,0.58323103,23.44374,98.32076893,0.34533929,3.47511089,70.0,293.06519282,1.48936058,0.0
2407,LMLM0001,LOMA LARGA-1,PRODUCTOR,HUILA,VALLE SUPERIOR DEL MAGDALENA,MONSERRATE,-75.269736,3.154619,867845.766536,840349.736826,121.0056,167.81387097,,,40.56997481,25.89353,, ,40.56997481,,Liquid,991.95602786,0.30631037,169.91554533,0.5800023,25.89353,108.5656067,0.37973754,0.45704529,70.0,293.06519282,1.46669265,0.0
2408,SSSS0005,S-5 (STRAT XG-5),TAPONADO Y ABANDONADO,TOLIMA,VALLE SUPERIOR DEL MAGDALENA,,-75.014144,4.123022,896372.018088,947420.93984,377.0,,,,40.07109088,26.02072,, ,40.07109088,,Liquid,992.14792105,0.0,167.83019541,0.57335048,26.02072,109.0974399,0.38151552,0.0,70.0,293.06519282,1.420047,0.0
2409,SFRA0017,SAN FRANCISCO-17,PRODUCTOR,HUILA,VALLE SUPERIOR DEL MAGDALENA,CABALLOS,-75.388369,3.056481,854642.370962,829510.657017,827.0,83.84580645,,,39.88040065,23.49351,, ,39.88040065,,Liquid,992.22078055,0.15308445,167.0331116,0.57080515,23.49351,98.52892987,0.34604104,0.28520888,70.0,293.06519282,1.40221746,0.0
2410,LBCC0001,LBC-1,TAPONADO Y ABANDONADO,TOLIMA,VALLE SUPERIOR DEL MAGDALENA,,-75.057414,3.622542,891503.085862,892075.259076,339.2424,,,,39.78314043,26.2198,, ,39.78314043,,Liquid,992.25783759,0.0,166.62656601,0.56950633,26.2198,109.9298629,0.3842969,0.0,70.0,293.06519282,1.39312363,0.0
2411,SCSC0003,SANTA CLARA-3,PRODUCTOR,HUILA,VALLE SUPERIOR DEL MAGDALENA,CABALLOS,-75.353297,2.958886,858529.636545,818711.451794,650.0,1900.27580645,,,39.67145103,24.48891,, ,39.67145103,,Liquid,992.30030509,3.46977401,166.15970793,0.56801432,24.48891,102.69190486,0.36005054,5.5547052,70.0,293.06519282,1.38268067,0.0
2412,QUES0001,QUESO-1,TAPONADO Y ABANDONADO,TOLIMA,VALLE SUPERIOR DEL MAGDALENA,,-75.461478,3.68195,846610.910702,898704.89899,626.6688,,,,39.52869144,24.69905,, ,39.52869144,,Liquid,992.35445042,0.0,165.56297924,0.56610649,24.69905,103.57069859,0.36300192,0.0,70.0,293.06519282,1.36933265,0.0
2413,SFRA0048,SAN FRANCISCO-48,PRODUCTOR,HUILA,VALLE SUPERIOR DEL MAGDALENA,CABALLOS INFERIOR,-75.390528,3.045814,854400.930737,828331.131675,822.0,440.71129032,,,39.4343535,23.54881,, ,39.4343535,,Liquid,992.39014672,0.80478161,165.1686519,0.56484529,23.54881,98.76021838,0.34682062,1.41116431,70.0,293.06519282,1.36051205,0.0
2414,SALF0001,SAN ALFONSO-1,TAPONADO Y ABANDONADO,HUILA,VALLE SUPERIOR DEL MAGDALENA,,-75.205553,3.304694,874999.958396,856940.152543,399.0,,,,39.42006309,26.1092,, ,39.42006309,,Liquid,992.39554821,0.0,165.10891888,0.56465421,26.1092,109.46740741,0.38275193,0.0,70.0,293.06519282,1.3591759,0.0
2415,SFRA0178,SAN FRANCISCO-178,PRODUCTOR,HUILA,VALLE SUPERIOR DEL MAGDALENA,CABALLOS,-75.383755,3.053666,855155.138362,829198.707368,730.0,870.1816129,,,38.5529612,24.05204,, ,38.5529612,,Liquid,992.72041364,1.58956496,161.48451787,0.55304367,24.05204,100.86487723,0.35390789,2.33022667,70.0,293.06519282,1.27810187,0.0
2416,PALS0001,PALMAROSA-1,TAPONADO Y ABANDONADO,HUILA,VALLE SUPERIOR DEL MAGDALENA,,-75.223137,3.384322,873055.48992,865749.315994,557.4792,,,,38.52554136,25.02532,, ,38.52554136,,Liquid,992.73059378,0.0,161.36990655,0.55267599,25.02532,104.93510471,0.36758007,0.0,70.0,293.06519282,1.27553812,0.0
2417,SFRA0056,SAN FRANCISCO-56,TAPONADO Y ABANDONADO,HUILA,VALLE SUPERIOR DEL MAGDALENA,,-75.386867,3.02735,854805.566532,826288.394443,560.0,,,,38.39855946,24.99214,, ,38.39855946,,Liquid,992.77766361,0.0,160.83913965,0.55097285,24.99214,104.79635355,0.36711473,0.0,70.0,293.06519282,1.26366531,0.0
2418,PAUT0003,PAUTA-3,TAPONADO Y ABANDONADO,TOLIMA,VALLE SUPERIOR DEL MAGDALENA,,-75.388544,3.775997,854731.162795,909095.148928,526.0,,,,38.15331031,25.16357,, ,38.15331031,,Liquid,992.86822482,0.0,159.81403492,0.54768149,25.16357,105.51322977,0.36951841,0.0,70.0,293.06519282,1.24073451,0.0
2419,SFRA0177,SAN FRANCISCO-177,PRODUCTOR,HUILA,VALLE SUPERIOR DEL MAGDALENA,CABALLOS,-75.39027,3.0601,854431.531893,829911.225268,837.2856,1174.7083871,,,37.95971927,23.43821,, ,37.95971927,,Liquid,992.93938581,2.14631881,159.00485591,0.54508158,23.43821,98.29763986,0.34526131,3.16121178,70.0,293.06519282,1.22263375,0.0
2420,SCSC0012,SANTA CLARA-12,PRODUCTOR,HUILA,VALLE SUPERIOR DEL MAGDALENA,CABALLOS,-75.353283,2.958972,858531.193198,818720.973178,650.1384,59.33645161,,,37.33028311,24.48891,, ,37.33028311,,Liquid,993.16876535,0.10843914,156.37392863,0.53661714,24.48891,102.69190486,0.36005054,0.12529248,70.0,293.06519282,1.16378147,0.0
2421,SFRA0143,SAN FRANCISCO-143,PRODUCTOR,HUILA,VALLE SUPERIOR DEL MAGDALENA,CABALLOS,-75.394097,3.063779,854006.474459,830318.682206,817.7784,911.21129032,,,37.28850434,23.55987,, ,37.28850434,,Liquid,993.18388216,1.66529117,156.19930168,0.53605471,23.55987,98.80647591,0.34697651,2.19788653,70.0,293.06519282,1.15987516,0.0
2422,RMOC0001,RIO MOCOA-1,TAPONADO Y ABANDONADO,PUTUMAYO,VALLE SUPERIOR DEL MAGDALENA,,-76.659051,1.025999,4592788.369,1671641.1146,1621.5,,,,37.12507543,25.40136,, ,37.12507543,,Liquid,993.2428856,0.0,155.51620196,0.53385388,25.40136,106.5075871,0.37285019,0.0,70.0,293.06519282,1.14459455,0.0
2423,SCSC0009,SANTA CLARA-9,PRODUCTOR,HUILA,VALLE SUPERIOR DEL MAGDALENA,CABALLOS,-75.349594,2.969142,858942.701077,819845.307285,560.832,939.86645161,,,36.90579801,24.96449,, ,36.90579801,,Liquid,993.32172632,1.71789853,154.59966816,0.53089914,24.96449,104.68072723,0.3667269,1.7203811,70.0,293.06519282,1.12409211,0.0
2424,DTDT0014,DINA T-14,PRODUCTOR,HUILA,VALLE SUPERIOR DEL MAGDALENA,HONDA-DOIMA-CHICORAL,-75.309339,3.102447,863435.931941,834584.382402,452.9328,123.28741935,,,36.57509798,25.57832,, ,36.57509798,,Liquid,993.43991982,0.22537295,153.21741353,0.52643904,25.57832,107.2475597,0.37532788,0.19186859,70.0,293.06519282,1.09317166,0.0
2425,TOMO0001,TOMOGO-1,TAPONADO Y ABANDONADO,TOLIMA,VALLE SUPERIOR DEL MAGDALENA,,-75.000044,4.147142,897940.93927,950086.626862,277.368,,,,35.80934696,23.06217,, ,35.80934696,,Liquid,993.71030765,0.0,150.0167462,0.51609317,23.06217,96.72482777,0.33995515,0.0,70.0,293.06519282,1.02157394,0.0
2426,SFRA0002,SAN FRANCISCO-2,PRODUCTOR,HUILA,VALLE SUPERIOR DEL MAGDALENA,CABALLOS,-75.386375,3.066247,854865.453992,830590.645541,706.0,1265.04387097,,,33.41055581,24.17923,, ,33.41055581,,Liquid,994.52699749,2.31506713,139.99027008,0.48351651,24.17923,101.39680545,0.35569722,1.40808311,70.0,293.06519282,0.79728697,0.0
2427,TTOY0002,TOY-2,PRODUCTOR,TOLIMA,VALLE SUPERIOR DEL MAGDALENA,CABALLOS,-75.309516,3.937191,863537.793418,926911.309767,569.0,823.40133333,,,32.28496877,24.95343,, ,32.28496877,,Liquid,994.89400455,1.50740449,135.28541731,0.46814208,24.95343,104.63447662,0.36657176,0.58444411,70.0,293.06519282,0.69204458,0.0
2428,VERG0001,VERGEL-1,TAPONADO Y ABANDONADO,TOLIMA,VALLE SUPERIOR DEL MAGDALENA,,-75.303728,3.947956,864182.552962,928101.015172,541.0,,,,29.8061808,25.11933,, ,29.8061808,,Liquid,995.66451957,0.0,124.92374622,0.43408147,25.11933,105.32823058,0.36889824,0.0,70.0,293.06519282,0.4602779,0.0
